create table godzina (
	id_g INT,
	start VARCHAR(50),
	koniec VARCHAR(50)
);
insert into godzina (id_g, start, koniec) values (1, '12:12 AM', '4:33 AM');
insert into godzina (id_g, start, koniec) values (2, '8:41 AM', '5:19 PM');
insert into godzina (id_g, start, koniec) values (3, '12:51 PM', '12:50 AM');
insert into godzina (id_g, start, koniec) values (4, '12:06 AM', '8:47 AM');
insert into godzina (id_g, start, koniec) values (5, '10:48 PM', '1:33 AM');
insert into godzina (id_g, start, koniec) values (6, '9:59 AM', '12:38 PM');
insert into godzina (id_g, start, koniec) values (7, '12:49 AM', '5:28 AM');
insert into godzina (id_g, start, koniec) values (8, '5:05 AM', '12:46 AM');
insert into godzina (id_g, start, koniec) values (9, '11:21 PM', '10:20 PM');
insert into godzina (id_g, start, koniec) values (10, '11:19 PM', '7:38 PM');
insert into godzina (id_g, start, koniec) values (11, '11:02 AM', '6:31 AM');
insert into godzina (id_g, start, koniec) values (12, '11:34 AM', '10:42 AM');
insert into godzina (id_g, start, koniec) values (13, '11:30 AM', '3:42 AM');
insert into godzina (id_g, start, koniec) values (14, '7:14 AM', '10:09 AM');
insert into godzina (id_g, start, koniec) values (15, '12:27 AM', '3:37 AM');
insert into godzina (id_g, start, koniec) values (16, '8:57 AM', '1:38 PM');
insert into godzina (id_g, start, koniec) values (17, '5:43 AM', '11:23 PM');
insert into godzina (id_g, start, koniec) values (18, '5:13 PM', '11:06 PM');
insert into godzina (id_g, start, koniec) values (19, '4:32 PM', '5:25 PM');
insert into godzina (id_g, start, koniec) values (20, '3:19 PM', '10:21 PM');
insert into godzina (id_g, start, koniec) values (21, '12:06 AM', '5:40 AM');
insert into godzina (id_g, start, koniec) values (22, '7:17 PM', '12:56 PM');
insert into godzina (id_g, start, koniec) values (23, '4:50 AM', '6:58 AM');
insert into godzina (id_g, start, koniec) values (24, '11:29 PM', '7:28 PM');
insert into godzina (id_g, start, koniec) values (25, '10:31 PM', '10:50 PM');
insert into godzina (id_g, start, koniec) values (26, '1:47 AM', '10:43 PM');
insert into godzina (id_g, start, koniec) values (27, '10:12 AM', '3:55 AM');
insert into godzina (id_g, start, koniec) values (28, '3:47 AM', '2:24 AM');
insert into godzina (id_g, start, koniec) values (29, '1:50 PM', '11:12 AM');
insert into godzina (id_g, start, koniec) values (30, '12:33 AM', '2:22 PM');
insert into godzina (id_g, start, koniec) values (31, '1:17 PM', '11:50 PM');
insert into godzina (id_g, start, koniec) values (32, '8:43 AM', '12:04 PM');
insert into godzina (id_g, start, koniec) values (33, '1:53 PM', '8:15 AM');
insert into godzina (id_g, start, koniec) values (34, '12:27 PM', '5:12 PM');
insert into godzina (id_g, start, koniec) values (35, '1:53 AM', '2:19 PM');
insert into godzina (id_g, start, koniec) values (36, '5:41 PM', '3:13 AM');
insert into godzina (id_g, start, koniec) values (37, '1:07 PM', '4:50 AM');
insert into godzina (id_g, start, koniec) values (38, '10:30 PM', '9:04 PM');
insert into godzina (id_g, start, koniec) values (39, '7:04 AM', '2:04 PM');
insert into godzina (id_g, start, koniec) values (40, '6:07 AM', '3:37 AM');
insert into godzina (id_g, start, koniec) values (41, '5:11 AM', '5:37 PM');
insert into godzina (id_g, start, koniec) values (42, '10:35 PM', '1:13 PM');
insert into godzina (id_g, start, koniec) values (43, '3:31 PM', '4:55 PM');
insert into godzina (id_g, start, koniec) values (44, '9:14 PM', '6:49 AM');
insert into godzina (id_g, start, koniec) values (45, '2:52 PM', '6:54 PM');
insert into godzina (id_g, start, koniec) values (46, '3:20 AM', '4:34 AM');
insert into godzina (id_g, start, koniec) values (47, '7:36 PM', '5:10 AM');
insert into godzina (id_g, start, koniec) values (48, '12:55 PM', '6:10 AM');
insert into godzina (id_g, start, koniec) values (49, '8:13 PM', '5:32 PM');
insert into godzina (id_g, start, koniec) values (50, '12:58 PM', '1:43 AM');
insert into godzina (id_g, start, koniec) values (51, '11:15 PM', '2:47 PM');
insert into godzina (id_g, start, koniec) values (52, '8:43 AM', '7:26 PM');
insert into godzina (id_g, start, koniec) values (53, '7:31 AM', '9:01 PM');
insert into godzina (id_g, start, koniec) values (54, '2:27 AM', '2:18 AM');
insert into godzina (id_g, start, koniec) values (55, '6:38 PM', '5:22 AM');
insert into godzina (id_g, start, koniec) values (56, '5:15 PM', '2:54 PM');
insert into godzina (id_g, start, koniec) values (57, '4:13 PM', '3:46 AM');
insert into godzina (id_g, start, koniec) values (58, '7:44 PM', '2:22 PM');
insert into godzina (id_g, start, koniec) values (59, '11:47 AM', '3:35 AM');
insert into godzina (id_g, start, koniec) values (60, '5:09 AM', '12:25 AM');
insert into godzina (id_g, start, koniec) values (61, '1:03 AM', '4:57 PM');
insert into godzina (id_g, start, koniec) values (62, '12:17 PM', '10:03 PM');
insert into godzina (id_g, start, koniec) values (63, '12:56 PM', '9:03 AM');
insert into godzina (id_g, start, koniec) values (64, '12:18 PM', '3:07 AM');
insert into godzina (id_g, start, koniec) values (65, '10:09 AM', '3:49 AM');
insert into godzina (id_g, start, koniec) values (66, '10:38 PM', '12:07 PM');
insert into godzina (id_g, start, koniec) values (67, '11:02 PM', '7:19 AM');
insert into godzina (id_g, start, koniec) values (68, '7:23 PM', '12:44 PM');
insert into godzina (id_g, start, koniec) values (69, '1:57 PM', '4:06 AM');
insert into godzina (id_g, start, koniec) values (70, '8:12 AM', '7:36 AM');
insert into godzina (id_g, start, koniec) values (71, '4:16 PM', '4:29 AM');
insert into godzina (id_g, start, koniec) values (72, '4:54 AM', '9:12 PM');
insert into godzina (id_g, start, koniec) values (73, '4:07 PM', '12:29 PM');
insert into godzina (id_g, start, koniec) values (74, '9:55 AM', '8:55 PM');
insert into godzina (id_g, start, koniec) values (75, '5:09 AM', '4:08 PM');
insert into godzina (id_g, start, koniec) values (76, '2:11 AM', '12:01 AM');
insert into godzina (id_g, start, koniec) values (77, '4:47 PM', '2:09 AM');
insert into godzina (id_g, start, koniec) values (78, '12:26 AM', '6:57 AM');
insert into godzina (id_g, start, koniec) values (79, '8:58 PM', '12:08 AM');
insert into godzina (id_g, start, koniec) values (80, '8:17 AM', '1:58 AM');
insert into godzina (id_g, start, koniec) values (81, '1:06 AM', '9:23 PM');
insert into godzina (id_g, start, koniec) values (82, '12:37 AM', '6:33 PM');
insert into godzina (id_g, start, koniec) values (83, '9:00 AM', '5:00 AM');
insert into godzina (id_g, start, koniec) values (84, '7:46 AM', '9:40 AM');
insert into godzina (id_g, start, koniec) values (85, '4:22 AM', '6:18 AM');
insert into godzina (id_g, start, koniec) values (86, '12:24 PM', '11:20 PM');
insert into godzina (id_g, start, koniec) values (87, '11:46 AM', '8:52 AM');
insert into godzina (id_g, start, koniec) values (88, '4:22 AM', '6:47 AM');
insert into godzina (id_g, start, koniec) values (89, '11:17 AM', '8:26 PM');
insert into godzina (id_g, start, koniec) values (90, '4:33 PM', '9:29 AM');
insert into godzina (id_g, start, koniec) values (91, '8:54 PM', '10:28 AM');
insert into godzina (id_g, start, koniec) values (92, '12:08 AM', '11:34 AM');
insert into godzina (id_g, start, koniec) values (93, '11:47 PM', '8:28 AM');
insert into godzina (id_g, start, koniec) values (94, '12:54 AM', '3:47 AM');
insert into godzina (id_g, start, koniec) values (95, '4:21 PM', '4:28 PM');
insert into godzina (id_g, start, koniec) values (96, '5:06 AM', '10:50 AM');
insert into godzina (id_g, start, koniec) values (97, '3:23 AM', '6:23 PM');
insert into godzina (id_g, start, koniec) values (98, '4:59 PM', '6:17 PM');
insert into godzina (id_g, start, koniec) values (99, '2:28 AM', '12:36 PM');
insert into godzina (id_g, start, koniec) values (100, '8:40 AM', '4:00 AM');
insert into godzina (id_g, start, koniec) values (101, '2:48 PM', '4:31 PM');
insert into godzina (id_g, start, koniec) values (102, '9:55 PM', '7:38 PM');
insert into godzina (id_g, start, koniec) values (103, '3:29 PM', '12:02 AM');
insert into godzina (id_g, start, koniec) values (104, '9:54 AM', '10:06 AM');
insert into godzina (id_g, start, koniec) values (105, '2:09 PM', '5:16 AM');
insert into godzina (id_g, start, koniec) values (106, '5:36 PM', '1:52 AM');
insert into godzina (id_g, start, koniec) values (107, '12:15 AM', '7:31 AM');
insert into godzina (id_g, start, koniec) values (108, '10:17 PM', '11:11 PM');
insert into godzina (id_g, start, koniec) values (109, '12:03 PM', '6:13 PM');
insert into godzina (id_g, start, koniec) values (110, '3:53 AM', '8:53 PM');
insert into godzina (id_g, start, koniec) values (111, '4:08 AM', '10:01 PM');
insert into godzina (id_g, start, koniec) values (112, '8:39 AM', '7:46 PM');
insert into godzina (id_g, start, koniec) values (113, '8:20 PM', '11:25 AM');
insert into godzina (id_g, start, koniec) values (114, '12:03 AM', '3:51 AM');
insert into godzina (id_g, start, koniec) values (115, '5:29 AM', '8:56 PM');
insert into godzina (id_g, start, koniec) values (116, '12:31 AM', '12:53 AM');
insert into godzina (id_g, start, koniec) values (117, '4:57 PM', '6:45 PM');
insert into godzina (id_g, start, koniec) values (118, '2:12 AM', '4:08 AM');
insert into godzina (id_g, start, koniec) values (119, '11:39 AM', '8:34 AM');
insert into godzina (id_g, start, koniec) values (120, '3:58 PM', '7:13 AM');
insert into godzina (id_g, start, koniec) values (121, '4:55 AM', '10:57 PM');
insert into godzina (id_g, start, koniec) values (122, '6:05 AM', '12:38 AM');
insert into godzina (id_g, start, koniec) values (123, '1:09 PM', '4:55 AM');
insert into godzina (id_g, start, koniec) values (124, '12:22 AM', '4:15 PM');
insert into godzina (id_g, start, koniec) values (125, '4:07 PM', '3:21 AM');
insert into godzina (id_g, start, koniec) values (126, '3:10 PM', '12:56 AM');
insert into godzina (id_g, start, koniec) values (127, '5:57 PM', '7:36 AM');
insert into godzina (id_g, start, koniec) values (128, '7:26 PM', '4:11 AM');
insert into godzina (id_g, start, koniec) values (129, '1:32 PM', '4:02 AM');
insert into godzina (id_g, start, koniec) values (130, '4:20 PM', '9:56 PM');
insert into godzina (id_g, start, koniec) values (131, '3:39 AM', '8:32 AM');
insert into godzina (id_g, start, koniec) values (132, '6:25 PM', '12:21 AM');
insert into godzina (id_g, start, koniec) values (133, '10:25 AM', '8:04 AM');
insert into godzina (id_g, start, koniec) values (134, '2:46 PM', '1:15 AM');
insert into godzina (id_g, start, koniec) values (135, '5:12 PM', '11:14 AM');
insert into godzina (id_g, start, koniec) values (136, '1:07 PM', '2:20 AM');
insert into godzina (id_g, start, koniec) values (137, '8:16 AM', '12:31 PM');
insert into godzina (id_g, start, koniec) values (138, '3:26 PM', '4:09 PM');
insert into godzina (id_g, start, koniec) values (139, '6:10 PM', '3:30 AM');
insert into godzina (id_g, start, koniec) values (140, '6:10 PM', '8:15 PM');
insert into godzina (id_g, start, koniec) values (141, '4:51 PM', '2:38 AM');
insert into godzina (id_g, start, koniec) values (142, '9:25 PM', '2:07 AM');
insert into godzina (id_g, start, koniec) values (143, '9:27 PM', '4:49 PM');
insert into godzina (id_g, start, koniec) values (144, '8:25 PM', '3:32 PM');
insert into godzina (id_g, start, koniec) values (145, '9:52 PM', '2:08 AM');
insert into godzina (id_g, start, koniec) values (146, '9:15 PM', '4:37 PM');
insert into godzina (id_g, start, koniec) values (147, '9:33 AM', '7:29 PM');
insert into godzina (id_g, start, koniec) values (148, '6:00 AM', '11:08 AM');
insert into godzina (id_g, start, koniec) values (149, '9:02 PM', '12:51 AM');
insert into godzina (id_g, start, koniec) values (150, '3:54 AM', '1:57 PM');
insert into godzina (id_g, start, koniec) values (151, '6:13 AM', '10:46 AM');
insert into godzina (id_g, start, koniec) values (152, '1:08 AM', '2:49 AM');
insert into godzina (id_g, start, koniec) values (153, '7:29 AM', '2:02 AM');
insert into godzina (id_g, start, koniec) values (154, '10:07 AM', '9:41 AM');
insert into godzina (id_g, start, koniec) values (155, '12:08 AM', '12:25 AM');
insert into godzina (id_g, start, koniec) values (156, '4:40 PM', '7:29 AM');
insert into godzina (id_g, start, koniec) values (157, '3:00 PM', '7:03 AM');
insert into godzina (id_g, start, koniec) values (158, '11:42 PM', '12:51 PM');
insert into godzina (id_g, start, koniec) values (159, '8:47 AM', '10:00 AM');
insert into godzina (id_g, start, koniec) values (160, '1:45 AM', '8:39 PM');
insert into godzina (id_g, start, koniec) values (161, '3:01 AM', '11:07 AM');
insert into godzina (id_g, start, koniec) values (162, '5:34 AM', '3:21 AM');
insert into godzina (id_g, start, koniec) values (163, '1:02 AM', '11:49 PM');
insert into godzina (id_g, start, koniec) values (164, '2:14 PM', '10:59 PM');
insert into godzina (id_g, start, koniec) values (165, '4:45 AM', '11:04 AM');
insert into godzina (id_g, start, koniec) values (166, '4:36 PM', '7:06 AM');
insert into godzina (id_g, start, koniec) values (167, '12:58 PM', '8:26 AM');
insert into godzina (id_g, start, koniec) values (168, '10:57 AM', '11:06 PM');
insert into godzina (id_g, start, koniec) values (169, '2:32 PM', '6:06 PM');
insert into godzina (id_g, start, koniec) values (170, '1:17 AM', '6:11 PM');
insert into godzina (id_g, start, koniec) values (171, '8:00 PM', '4:54 PM');
insert into godzina (id_g, start, koniec) values (172, '8:01 AM', '1:58 AM');
insert into godzina (id_g, start, koniec) values (173, '2:18 AM', '5:03 AM');
insert into godzina (id_g, start, koniec) values (174, '2:08 PM', '9:11 AM');
insert into godzina (id_g, start, koniec) values (175, '11:54 AM', '5:57 AM');
insert into godzina (id_g, start, koniec) values (176, '2:44 PM', '12:53 PM');
insert into godzina (id_g, start, koniec) values (177, '11:00 AM', '7:41 PM');
insert into godzina (id_g, start, koniec) values (178, '7:11 PM', '3:46 PM');
insert into godzina (id_g, start, koniec) values (179, '9:56 AM', '2:05 AM');
insert into godzina (id_g, start, koniec) values (180, '1:41 AM', '12:38 AM');
insert into godzina (id_g, start, koniec) values (181, '10:36 AM', '3:14 AM');
insert into godzina (id_g, start, koniec) values (182, '10:42 PM', '9:25 PM');
insert into godzina (id_g, start, koniec) values (183, '10:41 AM', '7:02 PM');
insert into godzina (id_g, start, koniec) values (184, '10:09 AM', '11:27 PM');
insert into godzina (id_g, start, koniec) values (185, '10:54 AM', '4:38 AM');
insert into godzina (id_g, start, koniec) values (186, '6:51 AM', '10:26 AM');
insert into godzina (id_g, start, koniec) values (187, '5:45 AM', '9:16 AM');
insert into godzina (id_g, start, koniec) values (188, '11:30 PM', '3:40 AM');
insert into godzina (id_g, start, koniec) values (189, '8:53 AM', '12:52 AM');
insert into godzina (id_g, start, koniec) values (190, '1:15 AM', '2:16 PM');
insert into godzina (id_g, start, koniec) values (191, '5:09 AM', '3:05 AM');
insert into godzina (id_g, start, koniec) values (192, '2:57 PM', '4:27 PM');
insert into godzina (id_g, start, koniec) values (193, '2:28 PM', '6:49 AM');
insert into godzina (id_g, start, koniec) values (194, '7:05 PM', '6:54 PM');
insert into godzina (id_g, start, koniec) values (195, '11:45 AM', '2:34 PM');
insert into godzina (id_g, start, koniec) values (196, '10:36 PM', '6:04 PM');
insert into godzina (id_g, start, koniec) values (197, '12:51 AM', '4:21 AM');
insert into godzina (id_g, start, koniec) values (198, '1:24 PM', '3:58 PM');
insert into godzina (id_g, start, koniec) values (199, '6:49 PM', '6:28 AM');
insert into godzina (id_g, start, koniec) values (200, '11:05 PM', '10:47 PM');

create table klasa (
	numer_k VARCHAR(2),
	grupy VARCHAR(11),
	ilosc_godzin INT,
	dni_wolne VARCHAR(2),
	wychowawca VARCHAR(50)
);
insert into klasa (numer_k, grupy, ilosc_godzin, dni_wolne, wychowawca) values ('3P', 'cieplna', 38, 'pn', 'US');
insert into klasa (numer_k, grupy, ilosc_godzin, dni_wolne, wychowawca) values ('2P', 'jezykowa', 24, 'pn', 'US');
insert into klasa (numer_k, grupy, ilosc_godzin, dni_wolne, wychowawca) values ('2O', 'religijna', 25, 'pn', 'US');
insert into klasa (numer_k, grupy, ilosc_godzin, dni_wolne, wychowawca) values ('2P', 'cieplna', 18, 'sr', 'AU');
insert into klasa (numer_k, grupy, ilosc_godzin, dni_wolne, wychowawca) values ('1B', 'cieplna', 1, 'sr', 'US');
insert into klasa (numer_k, grupy, ilosc_godzin, dni_wolne, wychowawca) values ('1F', 'elektryczna', 17, 'wt', 'FR');
insert into klasa (numer_k, grupy, ilosc_godzin, dni_wolne, wychowawca) values ('1F', 'religijna', 49, 'sr', 'CD');
insert into klasa (numer_k, grupy, ilosc_godzin, dni_wolne, wychowawca) values ('2P', 'jezykowa', 9, 'pn', 'AU');
insert into klasa (numer_k, grupy, ilosc_godzin, dni_wolne, wychowawca) values ('1D', 'jezykowa', 22, 'cz', 'SA');
insert into klasa (numer_k, grupy, ilosc_godzin, dni_wolne, wychowawca) values ('2O', 'cieplna', 40, 'sr', 'NE');
insert into klasa (numer_k, grupy, ilosc_godzin, dni_wolne, wychowawca) values ('2K', 'religijna', 25, 'wt', 'CN');
insert into klasa (numer_k, grupy, ilosc_godzin, dni_wolne, wychowawca) values ('1C', 'religijna', 13, 'pt', 'US');
insert into klasa (numer_k, grupy, ilosc_godzin, dni_wolne, wychowawca) values ('3F', 'elektryczna', 37, 'pt', 'US');
insert into klasa (numer_k, grupy, ilosc_godzin, dni_wolne, wychowawca) values ('2D', 'religijna', 46, 'pt', 'DE');
insert into klasa (numer_k, grupy, ilosc_godzin, dni_wolne, wychowawca) values ('2G', 'elektryczna', 27, 'wt', 'US');
insert into klasa (numer_k, grupy, ilosc_godzin, dni_wolne, wychowawca) values ('2D', 'elektryczna', 40, 'sr', 'US');
insert into klasa (numer_k, grupy, ilosc_godzin, dni_wolne, wychowawca) values ('3F', 'elektryczna', 25, 'wt', 'AU');
insert into klasa (numer_k, grupy, ilosc_godzin, dni_wolne, wychowawca) values ('1O', 'elektryczna', 17, 'wt', 'GB');
insert into klasa (numer_k, grupy, ilosc_godzin, dni_wolne, wychowawca) values ('3D', 'jezykowa', 26, 'pt', 'TJ');
insert into klasa (numer_k, grupy, ilosc_godzin, dni_wolne, wychowawca) values ('1D', 'cieplna', 36, 'pn', 'AU');
insert into klasa (numer_k, grupy, ilosc_godzin, dni_wolne, wychowawca) values ('1P', 'komputerowa', 16, 'pt', 'US');
insert into klasa (numer_k, grupy, ilosc_godzin, dni_wolne, wychowawca) values ('2O', 'komputerowa', 32, 'sr', 'US');
insert into klasa (numer_k, grupy, ilosc_godzin, dni_wolne, wychowawca) values ('1F', 'religijna', 46, 'pn', 'MZ');
insert into klasa (numer_k, grupy, ilosc_godzin, dni_wolne, wychowawca) values ('3O', 'elektryczna', 30, 'pn', 'AU');
insert into klasa (numer_k, grupy, ilosc_godzin, dni_wolne, wychowawca) values ('2O', 'elektryczna', 8, 'pt', 'CA');
insert into klasa (numer_k, grupy, ilosc_godzin, dni_wolne, wychowawca) values ('1C', 'religijna', 22, 'cz', 'PS');
insert into klasa (numer_k, grupy, ilosc_godzin, dni_wolne, wychowawca) values ('2O', 'jezykowa', 1, 'sr', 'PH');
insert into klasa (numer_k, grupy, ilosc_godzin, dni_wolne, wychowawca) values ('2F', 'wf', 24, 'cz', 'KZ');
insert into klasa (numer_k, grupy, ilosc_godzin, dni_wolne, wychowawca) values ('3E', 'religijna', 8, 'pn', 'US');
insert into klasa (numer_k, grupy, ilosc_godzin, dni_wolne, wychowawca) values ('3P', 'religijna', 34, 'cz', 'US');
insert into klasa (numer_k, grupy, ilosc_godzin, dni_wolne, wychowawca) values ('3G', 'komputerowa', 11, 'wt', 'US');
insert into klasa (numer_k, grupy, ilosc_godzin, dni_wolne, wychowawca) values ('1O', 'wf', 9, 'cz', 'BZ');
insert into klasa (numer_k, grupy, ilosc_godzin, dni_wolne, wychowawca) values ('1D', 'elektryczna', 38, 'sr', 'CI');
insert into klasa (numer_k, grupy, ilosc_godzin, dni_wolne, wychowawca) values ('2P', 'cieplna', 23, 'pt', 'CD');
insert into klasa (numer_k, grupy, ilosc_godzin, dni_wolne, wychowawca) values ('3C', 'jezykowa', 36, 'cz', 'BR');
insert into klasa (numer_k, grupy, ilosc_godzin, dni_wolne, wychowawca) values ('2F', 'wf', 4, 'cz', 'NZ');
insert into klasa (numer_k, grupy, ilosc_godzin, dni_wolne, wychowawca) values ('2B', 'wf', 7, 'pt', 'ID');
insert into klasa (numer_k, grupy, ilosc_godzin, dni_wolne, wychowawca) values ('2P', 'wf', 33, 'cz', 'PG');
insert into klasa (numer_k, grupy, ilosc_godzin, dni_wolne, wychowawca) values ('2P', 'religijna', 4, 'sr', 'ZM');
insert into klasa (numer_k, grupy, ilosc_godzin, dni_wolne, wychowawca) values ('1P', 'jezykowa', 39, 'pt', 'ID');
insert into klasa (numer_k, grupy, ilosc_godzin, dni_wolne, wychowawca) values ('1E', 'religijna', 40, 'pn', 'GB');
insert into klasa (numer_k, grupy, ilosc_godzin, dni_wolne, wychowawca) values ('3O', 'wf', 12, 'sr', 'US');
insert into klasa (numer_k, grupy, ilosc_godzin, dni_wolne, wychowawca) values ('2K', 'wf', 38, 'pn', 'US');
insert into klasa (numer_k, grupy, ilosc_godzin, dni_wolne, wychowawca) values ('2F', 'komputerowa', 3, 'wt', 'GL');
insert into klasa (numer_k, grupy, ilosc_godzin, dni_wolne, wychowawca) values ('1P', 'komputerowa', 46, 'pn', 'GT');
insert into klasa (numer_k, grupy, ilosc_godzin, dni_wolne, wychowawca) values ('2K', 'elektryczna', 9, 'wt', 'PG');
insert into klasa (numer_k, grupy, ilosc_godzin, dni_wolne, wychowawca) values ('2P', 'komputerowa', 38, 'pt', 'AU');
insert into klasa (numer_k, grupy, ilosc_godzin, dni_wolne, wychowawca) values ('1E', 'komputerowa', 33, 'cz', 'TH');
insert into klasa (numer_k, grupy, ilosc_godzin, dni_wolne, wychowawca) values ('3P', 'religijna', 30, 'sr', 'MG');
insert into klasa (numer_k, grupy, ilosc_godzin, dni_wolne, wychowawca) values ('1F', 'jezykowa', 32, 'pt', 'GY');
insert into klasa (numer_k, grupy, ilosc_godzin, dni_wolne, wychowawca) values ('2D', 'jezykowa', 14, 'cz', 'US');
insert into klasa (numer_k, grupy, ilosc_godzin, dni_wolne, wychowawca) values ('3F', 'jezykowa', 1, 'wt', 'KI');
insert into klasa (numer_k, grupy, ilosc_godzin, dni_wolne, wychowawca) values ('3F', 'wf', 28, 'pn', 'PG');
insert into klasa (numer_k, grupy, ilosc_godzin, dni_wolne, wychowawca) values ('3E', 'komputerowa', 45, 'pt', 'CA');
insert into klasa (numer_k, grupy, ilosc_godzin, dni_wolne, wychowawca) values ('1C', 'jezykowa', 3, 'pt', 'FR');
insert into klasa (numer_k, grupy, ilosc_godzin, dni_wolne, wychowawca) values ('3E', 'cieplna', 19, 'sr', 'KZ');
insert into klasa (numer_k, grupy, ilosc_godzin, dni_wolne, wychowawca) values ('2K', 'elektryczna', 21, 'sr', 'ZM');
insert into klasa (numer_k, grupy, ilosc_godzin, dni_wolne, wychowawca) values ('2E', 'elektryczna', 12, 'sr', 'CN');
insert into klasa (numer_k, grupy, ilosc_godzin, dni_wolne, wychowawca) values ('1D', 'elektryczna', 1, 'cz', 'PG');
insert into klasa (numer_k, grupy, ilosc_godzin, dni_wolne, wychowawca) values ('3B', 'religijna', 27, 'pt', 'CI');
insert into klasa (numer_k, grupy, ilosc_godzin, dni_wolne, wychowawca) values ('3D', 'cieplna', 18, 'cz', 'AZ');
insert into klasa (numer_k, grupy, ilosc_godzin, dni_wolne, wychowawca) values ('1D', 'religijna', 9, 'sr', 'SA');
insert into klasa (numer_k, grupy, ilosc_godzin, dni_wolne, wychowawca) values ('2B', 'cieplna', 22, 'pn', 'US');
insert into klasa (numer_k, grupy, ilosc_godzin, dni_wolne, wychowawca) values ('3F', 'komputerowa', 32, 'sr', 'PA');
insert into klasa (numer_k, grupy, ilosc_godzin, dni_wolne, wychowawca) values ('1O', 'wf', 49, 'sr', 'MA');
insert into klasa (numer_k, grupy, ilosc_godzin, dni_wolne, wychowawca) values ('3O', 'elektryczna', 3, 'pt', 'PL');
insert into klasa (numer_k, grupy, ilosc_godzin, dni_wolne, wychowawca) values ('1O', 'religijna', 22, 'pt', 'DE');
insert into klasa (numer_k, grupy, ilosc_godzin, dni_wolne, wychowawca) values ('1C', 'religijna', 46, 'pn', 'AU');
insert into klasa (numer_k, grupy, ilosc_godzin, dni_wolne, wychowawca) values ('1B', 'komputerowa', 13, 'cz', 'VE');
insert into klasa (numer_k, grupy, ilosc_godzin, dni_wolne, wychowawca) values ('3G', 'jezykowa', 6, 'pn', 'US');
insert into klasa (numer_k, grupy, ilosc_godzin, dni_wolne, wychowawca) values ('2E', 'wf', 26, 'cz', 'CA');
insert into klasa (numer_k, grupy, ilosc_godzin, dni_wolne, wychowawca) values ('2B', 'elektryczna', 25, 'sr', 'AF');
insert into klasa (numer_k, grupy, ilosc_godzin, dni_wolne, wychowawca) values ('2G', 'jezykowa', 28, 'pn', 'MN');
insert into klasa (numer_k, grupy, ilosc_godzin, dni_wolne, wychowawca) values ('2P', 'wf', 42, 'sr', 'CR');
insert into klasa (numer_k, grupy, ilosc_godzin, dni_wolne, wychowawca) values ('2K', 'komputerowa', 34, 'sr', 'BZ');
insert into klasa (numer_k, grupy, ilosc_godzin, dni_wolne, wychowawca) values ('3B', 'cieplna', 38, 'pt', 'ID');
insert into klasa (numer_k, grupy, ilosc_godzin, dni_wolne, wychowawca) values ('3K', 'cieplna', 38, 'sr', 'US');
insert into klasa (numer_k, grupy, ilosc_godzin, dni_wolne, wychowawca) values ('2P', 'elektryczna', 20, 'pn', 'VN');
insert into klasa (numer_k, grupy, ilosc_godzin, dni_wolne, wychowawca) values ('3C', 'cieplna', 35, 'pt', 'US');
insert into klasa (numer_k, grupy, ilosc_godzin, dni_wolne, wychowawca) values ('2C', 'komputerowa', 2, 'pt', 'US');
insert into klasa (numer_k, grupy, ilosc_godzin, dni_wolne, wychowawca) values ('2G', 'wf', 29, 'pt', 'US');
insert into klasa (numer_k, grupy, ilosc_godzin, dni_wolne, wychowawca) values ('3C', 'wf', 29, 'wt', 'CA');
insert into klasa (numer_k, grupy, ilosc_godzin, dni_wolne, wychowawca) values ('2E', 'elektryczna', 48, 'wt', 'PY');
insert into klasa (numer_k, grupy, ilosc_godzin, dni_wolne, wychowawca) values ('1C', 'jezykowa', 45, 'pn', 'AO');
insert into klasa (numer_k, grupy, ilosc_godzin, dni_wolne, wychowawca) values ('3C', 'cieplna', 46, 'pn', 'TL');
insert into klasa (numer_k, grupy, ilosc_godzin, dni_wolne, wychowawca) values ('3C', 'cieplna', 24, 'pn', 'IN');
insert into klasa (numer_k, grupy, ilosc_godzin, dni_wolne, wychowawca) values ('1B', 'komputerowa', 50, 'pt', 'CO');
insert into klasa (numer_k, grupy, ilosc_godzin, dni_wolne, wychowawca) values ('2B', 'elektryczna', 40, 'pt', 'DE');
insert into klasa (numer_k, grupy, ilosc_godzin, dni_wolne, wychowawca) values ('2F', 'jezykowa', 6, 'pn', 'GB');
insert into klasa (numer_k, grupy, ilosc_godzin, dni_wolne, wychowawca) values ('2C', 'jezykowa', 35, 'cz', 'GR');
insert into klasa (numer_k, grupy, ilosc_godzin, dni_wolne, wychowawca) values ('3G', 'cieplna', 19, 'cz', 'VN');
insert into klasa (numer_k, grupy, ilosc_godzin, dni_wolne, wychowawca) values ('1P', 'komputerowa', 4, 'pt', 'UA');
insert into klasa (numer_k, grupy, ilosc_godzin, dni_wolne, wychowawca) values ('2P', 'jezykowa', 17, 'wt', 'NZ');
insert into klasa (numer_k, grupy, ilosc_godzin, dni_wolne, wychowawca) values ('1F', 'wf', 5, 'wt', 'TD');
insert into klasa (numer_k, grupy, ilosc_godzin, dni_wolne, wychowawca) values ('3K', 'religijna', 44, 'cz', 'EG');
insert into klasa (numer_k, grupy, ilosc_godzin, dni_wolne, wychowawca) values ('3K', 'komputerowa', 40, 'wt', 'US');
insert into klasa (numer_k, grupy, ilosc_godzin, dni_wolne, wychowawca) values ('1B', 'elektryczna', 41, 'sr', 'US');
insert into klasa (numer_k, grupy, ilosc_godzin, dni_wolne, wychowawca) values ('2P', 'wf', 45, 'pn', 'AR');
insert into klasa (numer_k, grupy, ilosc_godzin, dni_wolne, wychowawca) values ('3C', 'wf', 22, 'wt', 'US');
insert into klasa (numer_k, grupy, ilosc_godzin, dni_wolne, wychowawca) values ('1O', 'wf', 28, 'pt', 'AU');
insert into klasa (numer_k, grupy, ilosc_godzin, dni_wolne, wychowawca) values ('1E', 'komputerowa', 33, 'wt', 'ZA');
insert into klasa (numer_k, grupy, ilosc_godzin, dni_wolne, wychowawca) values ('2C', 'cieplna', 28, 'sr', 'PF');
insert into klasa (numer_k, grupy, ilosc_godzin, dni_wolne, wychowawca) values ('3E', 'komputerowa', 45, 'sr', 'RO');
insert into klasa (numer_k, grupy, ilosc_godzin, dni_wolne, wychowawca) values ('2C', 'cieplna', 29, 'wt', 'PL');
insert into klasa (numer_k, grupy, ilosc_godzin, dni_wolne, wychowawca) values ('1F', 'elektryczna', 28, 'cz', 'IQ');
insert into klasa (numer_k, grupy, ilosc_godzin, dni_wolne, wychowawca) values ('3P', 'cieplna', 44, 'sr', 'AO');
insert into klasa (numer_k, grupy, ilosc_godzin, dni_wolne, wychowawca) values ('3D', 'religijna', 34, 'wt', 'NG');
insert into klasa (numer_k, grupy, ilosc_godzin, dni_wolne, wychowawca) values ('1C', 'cieplna', 2, 'cz', 'JP');
insert into klasa (numer_k, grupy, ilosc_godzin, dni_wolne, wychowawca) values ('3G', 'jezykowa', 40, 'pt', 'TC');
insert into klasa (numer_k, grupy, ilosc_godzin, dni_wolne, wychowawca) values ('2O', 'jezykowa', 14, 'wt', 'US');
insert into klasa (numer_k, grupy, ilosc_godzin, dni_wolne, wychowawca) values ('2F', 'jezykowa', 19, 'pn', 'US');
insert into klasa (numer_k, grupy, ilosc_godzin, dni_wolne, wychowawca) values ('2G', 'cieplna', 18, 'pt', 'US');
insert into klasa (numer_k, grupy, ilosc_godzin, dni_wolne, wychowawca) values ('2D', 'elektryczna', 33, 'pt', 'GL');
insert into klasa (numer_k, grupy, ilosc_godzin, dni_wolne, wychowawca) values ('3O', 'wf', 18, 'pn', 'VU');
insert into klasa (numer_k, grupy, ilosc_godzin, dni_wolne, wychowawca) values ('3D', 'wf', 2, 'wt', 'NA');
insert into klasa (numer_k, grupy, ilosc_godzin, dni_wolne, wychowawca) values ('1O', 'komputerowa', 5, 'pt', 'BR');
insert into klasa (numer_k, grupy, ilosc_godzin, dni_wolne, wychowawca) values ('2E', 'komputerowa', 4, 'sr', 'CO');
insert into klasa (numer_k, grupy, ilosc_godzin, dni_wolne, wychowawca) values ('2P', 'jezykowa', 31, 'cz', 'CA');
insert into klasa (numer_k, grupy, ilosc_godzin, dni_wolne, wychowawca) values ('1F', 'jezykowa', 8, 'sr', 'NP');
insert into klasa (numer_k, grupy, ilosc_godzin, dni_wolne, wychowawca) values ('3B', 'religijna', 39, 'sr', 'JP');
insert into klasa (numer_k, grupy, ilosc_godzin, dni_wolne, wychowawca) values ('2P', 'komputerowa', 26, 'sr', 'IN');
insert into klasa (numer_k, grupy, ilosc_godzin, dni_wolne, wychowawca) values ('1D', 'komputerowa', 23, 'pt', 'BR');
insert into klasa (numer_k, grupy, ilosc_godzin, dni_wolne, wychowawca) values ('1P', 'komputerowa', 1, 'pt', 'PG');
insert into klasa (numer_k, grupy, ilosc_godzin, dni_wolne, wychowawca) values ('2B', 'cieplna', 28, 'cz', 'US');
insert into klasa (numer_k, grupy, ilosc_godzin, dni_wolne, wychowawca) values ('2G', 'elektryczna', 44, 'sr', 'KE');
insert into klasa (numer_k, grupy, ilosc_godzin, dni_wolne, wychowawca) values ('3D', 'jezykowa', 40, 'cz', 'PH');
insert into klasa (numer_k, grupy, ilosc_godzin, dni_wolne, wychowawca) values ('1B', 'wf', 20, 'pn', 'US');
insert into klasa (numer_k, grupy, ilosc_godzin, dni_wolne, wychowawca) values ('3F', 'komputerowa', 38, 'cz', 'BR');
insert into klasa (numer_k, grupy, ilosc_godzin, dni_wolne, wychowawca) values ('1E', 'jezykowa', 38, 'cz', 'CA');
insert into klasa (numer_k, grupy, ilosc_godzin, dni_wolne, wychowawca) values ('2E', 'elektryczna', 44, 'sr', 'AU');
insert into klasa (numer_k, grupy, ilosc_godzin, dni_wolne, wychowawca) values ('3B', 'jezykowa', 2, 'pt', 'US');
insert into klasa (numer_k, grupy, ilosc_godzin, dni_wolne, wychowawca) values ('1C', 'cieplna', 9, 'sr', 'PG');
insert into klasa (numer_k, grupy, ilosc_godzin, dni_wolne, wychowawca) values ('1B', 'wf', 46, 'pn', 'PT');
insert into klasa (numer_k, grupy, ilosc_godzin, dni_wolne, wychowawca) values ('1D', 'elektryczna', 35, 'cz', 'US');
insert into klasa (numer_k, grupy, ilosc_godzin, dni_wolne, wychowawca) values ('1B', 'jezykowa', 17, 'pn', 'CH');
insert into klasa (numer_k, grupy, ilosc_godzin, dni_wolne, wychowawca) values ('3B', 'komputerowa', 0, 'sr', 'BR');
insert into klasa (numer_k, grupy, ilosc_godzin, dni_wolne, wychowawca) values ('2P', 'cieplna', 34, 'wt', 'MR');
insert into klasa (numer_k, grupy, ilosc_godzin, dni_wolne, wychowawca) values ('1F', 'komputerowa', 39, 'wt', 'FR');
insert into klasa (numer_k, grupy, ilosc_godzin, dni_wolne, wychowawca) values ('2G', 'wf', 8, 'sr', 'AU');
insert into klasa (numer_k, grupy, ilosc_godzin, dni_wolne, wychowawca) values ('1B', 'religijna', 30, 'wt', 'US');
insert into klasa (numer_k, grupy, ilosc_godzin, dni_wolne, wychowawca) values ('3G', 'religijna', 49, 'wt', 'BR');
insert into klasa (numer_k, grupy, ilosc_godzin, dni_wolne, wychowawca) values ('2E', 'elektryczna', 43, 'wt', 'RU');
insert into klasa (numer_k, grupy, ilosc_godzin, dni_wolne, wychowawca) values ('3P', 'wf', 2, 'sr', 'CN');
insert into klasa (numer_k, grupy, ilosc_godzin, dni_wolne, wychowawca) values ('3E', 'jezykowa', 34, 'pt', 'KZ');
insert into klasa (numer_k, grupy, ilosc_godzin, dni_wolne, wychowawca) values ('2B', 'komputerowa', 30, 'sr', 'US');
insert into klasa (numer_k, grupy, ilosc_godzin, dni_wolne, wychowawca) values ('2D', 'komputerowa', 37, 'pt', 'CA');
insert into klasa (numer_k, grupy, ilosc_godzin, dni_wolne, wychowawca) values ('2G', 'elektryczna', 50, 'sr', 'VE');
insert into klasa (numer_k, grupy, ilosc_godzin, dni_wolne, wychowawca) values ('3F', 'cieplna', 15, 'sr', 'US');
insert into klasa (numer_k, grupy, ilosc_godzin, dni_wolne, wychowawca) values ('2C', 'jezykowa', 34, 'sr', 'IN');
insert into klasa (numer_k, grupy, ilosc_godzin, dni_wolne, wychowawca) values ('1D', 'elektryczna', 20, 'pn', 'MM');
insert into klasa (numer_k, grupy, ilosc_godzin, dni_wolne, wychowawca) values ('2P', 'wf', 5, 'pn', 'CA');
insert into klasa (numer_k, grupy, ilosc_godzin, dni_wolne, wychowawca) values ('2E', 'komputerowa', 15, 'sr', 'ZA');
insert into klasa (numer_k, grupy, ilosc_godzin, dni_wolne, wychowawca) values ('2K', 'religijna', 19, 'cz', 'US');
insert into klasa (numer_k, grupy, ilosc_godzin, dni_wolne, wychowawca) values ('1P', 'wf', 2, 'cz', 'RU');
insert into klasa (numer_k, grupy, ilosc_godzin, dni_wolne, wychowawca) values ('1P', 'cieplna', 6, 'sr', 'IN');
insert into klasa (numer_k, grupy, ilosc_godzin, dni_wolne, wychowawca) values ('3C', 'religijna', 14, 'pt', 'ES');
insert into klasa (numer_k, grupy, ilosc_godzin, dni_wolne, wychowawca) values ('3P', 'jezykowa', 50, 'wt', 'US');
insert into klasa (numer_k, grupy, ilosc_godzin, dni_wolne, wychowawca) values ('1O', 'komputerowa', 45, 'pt', 'PG');
insert into klasa (numer_k, grupy, ilosc_godzin, dni_wolne, wychowawca) values ('1P', 'jezykowa', 22, 'sr', 'ML');
insert into klasa (numer_k, grupy, ilosc_godzin, dni_wolne, wychowawca) values ('3C', 'wf', 1, 'sr', 'SD');
insert into klasa (numer_k, grupy, ilosc_godzin, dni_wolne, wychowawca) values ('2F', 'elektryczna', 8, 'sr', 'US');
insert into klasa (numer_k, grupy, ilosc_godzin, dni_wolne, wychowawca) values ('3C', 'religijna', 37, 'sr', 'KR');
insert into klasa (numer_k, grupy, ilosc_godzin, dni_wolne, wychowawca) values ('1E', 'wf', 30, 'wt', 'BF');
insert into klasa (numer_k, grupy, ilosc_godzin, dni_wolne, wychowawca) values ('1O', 'komputerowa', 37, 'cz', 'IS');
insert into klasa (numer_k, grupy, ilosc_godzin, dni_wolne, wychowawca) values ('1P', 'wf', 23, 'cz', 'CU');
insert into klasa (numer_k, grupy, ilosc_godzin, dni_wolne, wychowawca) values ('3K', 'jezykowa', 43, 'pt', 'US');
insert into klasa (numer_k, grupy, ilosc_godzin, dni_wolne, wychowawca) values ('2G', 'wf', 31, 'cz', 'RU');
insert into klasa (numer_k, grupy, ilosc_godzin, dni_wolne, wychowawca) values ('2C', 'komputerowa', 24, 'pn', 'AU');
insert into klasa (numer_k, grupy, ilosc_godzin, dni_wolne, wychowawca) values ('2O', 'wf', 44, 'pn', 'NP');
insert into klasa (numer_k, grupy, ilosc_godzin, dni_wolne, wychowawca) values ('2C', 'komputerowa', 17, 'wt', 'CA');
insert into klasa (numer_k, grupy, ilosc_godzin, dni_wolne, wychowawca) values ('3K', 'wf', 11, 'sr', 'US');
insert into klasa (numer_k, grupy, ilosc_godzin, dni_wolne, wychowawca) values ('3P', 'cieplna', 42, 'sr', 'US');
insert into klasa (numer_k, grupy, ilosc_godzin, dni_wolne, wychowawca) values ('3P', 'elektryczna', 19, 'cz', 'KR');
insert into klasa (numer_k, grupy, ilosc_godzin, dni_wolne, wychowawca) values ('2O', 'komputerowa', 26, 'pt', 'KZ');
insert into klasa (numer_k, grupy, ilosc_godzin, dni_wolne, wychowawca) values ('3K', 'cieplna', 27, 'pt', 'IN');
insert into klasa (numer_k, grupy, ilosc_godzin, dni_wolne, wychowawca) values ('1E', 'jezykowa', 16, 'pn', 'CA');
insert into klasa (numer_k, grupy, ilosc_godzin, dni_wolne, wychowawca) values ('3C', 'elektryczna', 34, 'sr', 'CG');
insert into klasa (numer_k, grupy, ilosc_godzin, dni_wolne, wychowawca) values ('2G', 'elektryczna', 47, 'wt', 'PE');
insert into klasa (numer_k, grupy, ilosc_godzin, dni_wolne, wychowawca) values ('2D', 'cieplna', 40, 'cz', 'SA');
insert into klasa (numer_k, grupy, ilosc_godzin, dni_wolne, wychowawca) values ('3C', 'wf', 29, 'pn', 'CA');
insert into klasa (numer_k, grupy, ilosc_godzin, dni_wolne, wychowawca) values ('2B', 'religijna', 0, 'pt', 'CA');
insert into klasa (numer_k, grupy, ilosc_godzin, dni_wolne, wychowawca) values ('1D', 'cieplna', 11, 'pn', 'PG');
insert into klasa (numer_k, grupy, ilosc_godzin, dni_wolne, wychowawca) values ('2F', 'jezykowa', 29, 'wt', 'TH');
insert into klasa (numer_k, grupy, ilosc_godzin, dni_wolne, wychowawca) values ('1D', 'religijna', 23, 'pt', 'MX');
insert into klasa (numer_k, grupy, ilosc_godzin, dni_wolne, wychowawca) values ('3G', 'religijna', 44, 'pn', 'IN');
insert into klasa (numer_k, grupy, ilosc_godzin, dni_wolne, wychowawca) values ('3G', 'komputerowa', 42, 'wt', 'US');
insert into klasa (numer_k, grupy, ilosc_godzin, dni_wolne, wychowawca) values ('1P', 'jezykowa', 28, 'pt', 'JP');
insert into klasa (numer_k, grupy, ilosc_godzin, dni_wolne, wychowawca) values ('3P', 'religijna', 36, 'cz', 'US');
insert into klasa (numer_k, grupy, ilosc_godzin, dni_wolne, wychowawca) values ('3E', 'wf', 21, 'pn', 'IR');
insert into klasa (numer_k, grupy, ilosc_godzin, dni_wolne, wychowawca) values ('1P', 'wf', 46, 'wt', 'IN');
insert into klasa (numer_k, grupy, ilosc_godzin, dni_wolne, wychowawca) values ('2O', 'cieplna', 48, 'cz', 'VI');
insert into klasa (numer_k, grupy, ilosc_godzin, dni_wolne, wychowawca) values ('1C', 'elektryczna', 24, 'pt', 'BR');
insert into klasa (numer_k, grupy, ilosc_godzin, dni_wolne, wychowawca) values ('2F', 'komputerowa', 14, 'pn', 'AE');
insert into klasa (numer_k, grupy, ilosc_godzin, dni_wolne, wychowawca) values ('2E', 'elektryczna', 2, 'pt', 'BS');
insert into klasa (numer_k, grupy, ilosc_godzin, dni_wolne, wychowawca) values ('2B', 'wf', 18, 'wt', 'CA');
insert into klasa (numer_k, grupy, ilosc_godzin, dni_wolne, wychowawca) values ('2D', 'elektryczna', 26, 'pt', 'AU');
insert into klasa (numer_k, grupy, ilosc_godzin, dni_wolne, wychowawca) values ('2K', 'elektryczna', 25, 'wt', 'ID');
insert into klasa (numer_k, grupy, ilosc_godzin, dni_wolne, wychowawca) values ('3E', 'elektryczna', 28, 'wt', 'CK');
insert into klasa (numer_k, grupy, ilosc_godzin, dni_wolne, wychowawca) values ('2K', 'religijna', 5, 'cz', 'VE');
insert into klasa (numer_k, grupy, ilosc_godzin, dni_wolne, wychowawca) values ('2O', 'elektryczna', 25, 'wt', 'BR');


create table nauczyciele (
	skrot VARCHAR(50),
	name VARCHAR(50),
	dni_robocze VARCHAR(14)
);
insert into nauczyciele (skrot, name, dni_robocze) values ('BF', 'Gennie Rothwell', 'Pn;Wt;Sr;Cz;Pt');
insert into nauczyciele (skrot, name, dni_robocze) values ('US', 'Edie Cheales', 'Pn;Wt;Sr;Cz;Pt');
insert into nauczyciele (skrot, name, dni_robocze) values ('CN', 'Yoshiko Bonus', 'Pn;Wt;Sr;Cz;');
insert into nauczyciele (skrot, name, dni_robocze) values ('US', 'Jake Shottin', 'Pn;Wt;Sr;Cz;Pt');
insert into nauczyciele (skrot, name, dni_robocze) values ('US', 'Agace Demageard', 'Pn;Wt;Cz;Pt');
insert into nauczyciele (skrot, name, dni_robocze) values ('PG', 'Heindrick Wardel', 'Pn;Wt;Sr;Cz;Pt');
insert into nauczyciele (skrot, name, dni_robocze) values ('HN', 'Rozalin Gofford', 'Wt;Sr;Cz;Pt');
insert into nauczyciele (skrot, name, dni_robocze) values ('BS', 'Adam Heinl', 'Pn;Wt;Sr;Cz;Pt');
insert into nauczyciele (skrot, name, dni_robocze) values ('FR', 'Korey Shimon', 'Pn;Wt;Cz;Pt');
insert into nauczyciele (skrot, name, dni_robocze) values ('CO', 'Sibel St. Paul', 'Wt;Sr;Cz;Pt');
insert into nauczyciele (skrot, name, dni_robocze) values ('US', 'Danita Hendren', 'Pn;Wt;Sr;Pt');
insert into nauczyciele (skrot, name, dni_robocze) values ('US', 'Neils Ludlam', 'Pn;Wt;Sr;Cz;Pt');
insert into nauczyciele (skrot, name, dni_robocze) values ('US', 'Michelina Ilyasov', 'Pn;Wt;Sr;Cz;Pt');
insert into nauczyciele (skrot, name, dni_robocze) values ('CY', 'Moshe Griswaite', 'Wt;Sr;Cz;Pt');
insert into nauczyciele (skrot, name, dni_robocze) values ('US', 'Jaye Bawdon', 'Pn;Wt;Sr;Pt');
insert into nauczyciele (skrot, name, dni_robocze) values ('IN', 'Waring Seymer', 'Pn;Wt;Cz;Pt');
insert into nauczyciele (skrot, name, dni_robocze) values ('AU', 'Heriberto Brisset', 'Pn;Wt;Sr;Cz;');
insert into nauczyciele (skrot, name, dni_robocze) values ('AU', 'Martica De Wolfe', 'Pn;Wt;Cz;Pt');
insert into nauczyciele (skrot, name, dni_robocze) values ('US', 'Janifer Durkin', 'Pn;Wt;Sr;Cz;');
insert into nauczyciele (skrot, name, dni_robocze) values ('IS', 'Jaclin Glanester', 'Wt;Sr;Cz;Pt');
insert into nauczyciele (skrot, name, dni_robocze) values ('ML', 'Arel Shakeshaft', 'Pn;Wt;Sr;Cz;');
insert into nauczyciele (skrot, name, dni_robocze) values ('CA', 'Josh Thomtson', 'Pn;Wt;Sr;Cz;Pt');
insert into nauczyciele (skrot, name, dni_robocze) values ('US', 'Lindy Bulfoot', 'Pn;Wt;Sr;Cz;Pt');
insert into nauczyciele (skrot, name, dni_robocze) values ('DO', 'Fielding Ruckledge', 'Pn;Wt;Sr;Cz;Pt');
insert into nauczyciele (skrot, name, dni_robocze) values ('IR', 'Kayne Caush', 'Pn;Wt;Sr;Pt');
insert into nauczyciele (skrot, name, dni_robocze) values ('US', 'Mozes Toomer', 'Pn;Wt;Cz;Pt');
insert into nauczyciele (skrot, name, dni_robocze) values ('AR', 'Helyn Bachura', 'Pn;Wt;Sr;Cz;Pt');
insert into nauczyciele (skrot, name, dni_robocze) values ('US', 'Marleah Casterot', 'Pn;Wt;Sr;Cz;');
insert into nauczyciele (skrot, name, dni_robocze) values ('US', 'Daisie Woodcraft', 'Pn;Wt;Sr;Cz;');
insert into nauczyciele (skrot, name, dni_robocze) values ('FR', 'Windy Harome', 'Pn;Wt;Sr;Cz;Pt');
insert into nauczyciele (skrot, name, dni_robocze) values ('PE', 'Bernard Berdale', 'Pn;Wt;Sr;Cz;Pt');
insert into nauczyciele (skrot, name, dni_robocze) values ('US', 'Ulick McGovern', 'Wt;Sr;Cz;Pt');
insert into nauczyciele (skrot, name, dni_robocze) values ('GL', 'Gerome Lyst', 'Pn;Wt;Sr;Cz;Pt');
insert into nauczyciele (skrot, name, dni_robocze) values ('BR', 'Maddie Udall', 'Pn;Wt;Sr;Cz;');
insert into nauczyciele (skrot, name, dni_robocze) values ('HN', 'Laina Radbond', 'Pn;Wt;Sr;Cz;');
insert into nauczyciele (skrot, name, dni_robocze) values ('US', 'Portia Goscomb', 'Pn;Wt;Sr;Pt');
insert into nauczyciele (skrot, name, dni_robocze) values ('US', 'Manya Dyster', 'Wt;Sr;Cz;Pt');
insert into nauczyciele (skrot, name, dni_robocze) values ('IN', 'Nolly Rarity', 'Pn;Wt;Sr;Cz;Pt');
insert into nauczyciele (skrot, name, dni_robocze) values ('PH', 'Lorie Cuolahan', 'Pn;Wt;Sr;Cz;');
insert into nauczyciele (skrot, name, dni_robocze) values ('PG', 'Cristian Bootherstone', 'Pn;Wt;Sr;Cz;Pt');
insert into nauczyciele (skrot, name, dni_robocze) values ('GB', 'Rafe Stuchburie', 'Pn;Wt;Cz;Pt');
insert into nauczyciele (skrot, name, dni_robocze) values ('US', 'Yettie Mussen', 'Pn;Wt;Sr;Cz;Pt');
insert into nauczyciele (skrot, name, dni_robocze) values ('US', 'Ronica Maypother', 'Pn;Wt;Sr;Pt');
insert into nauczyciele (skrot, name, dni_robocze) values ('CV', 'Mary Treadgall', 'Pn;Wt;Sr;Pt');
insert into nauczyciele (skrot, name, dni_robocze) values ('BR', 'Nada Lawes', 'Pn;Wt;Sr;Cz;');
insert into nauczyciele (skrot, name, dni_robocze) values ('GQ', 'Osmund Luety', 'Pn;Wt;Sr;Cz;Pt');
insert into nauczyciele (skrot, name, dni_robocze) values ('MX', 'Bethany Lehrer', 'Pn;Wt;Cz;Pt');
insert into nauczyciele (skrot, name, dni_robocze) values ('CD', 'Dannie McCormack', 'Pn;Wt;Sr;Pt');
insert into nauczyciele (skrot, name, dni_robocze) values ('PT', 'Deeanne Bullent', 'Pn;Wt;Sr;Cz;');
insert into nauczyciele (skrot, name, dni_robocze) values ('IN', 'Upton Pealing', 'Pn;Wt;Sr;Pt');
insert into nauczyciele (skrot, name, dni_robocze) values ('SO', 'Torrin Mountain', 'Pn;Wt;Sr;Cz;');
insert into nauczyciele (skrot, name, dni_robocze) values ('US', 'Jaquenetta Pinilla', 'Pn;Wt;Sr;Cz;Pt');
insert into nauczyciele (skrot, name, dni_robocze) values ('AU', 'Corena Jakubovits', 'Pn;Wt;Sr;Pt');
insert into nauczyciele (skrot, name, dni_robocze) values ('ID', 'Rea Russilll', 'Pn;Wt;Cz;Pt');
insert into nauczyciele (skrot, name, dni_robocze) values ('CN', 'Bevin Gribbin', 'Wt;Sr;Cz;Pt');
insert into nauczyciele (skrot, name, dni_robocze) values ('CD', 'Ursala Pestridge', 'Pn;Wt;Sr;Pt');
insert into nauczyciele (skrot, name, dni_robocze) values ('HN', 'Brennen Clipsham', 'Wt;Sr;Cz;Pt');
insert into nauczyciele (skrot, name, dni_robocze) values ('PF', 'Devland Boas', 'Pn;Wt;Sr;Cz;Pt');
insert into nauczyciele (skrot, name, dni_robocze) values ('OM', 'Harbert Tredget', 'Pn;Wt;Cz;Pt');
insert into nauczyciele (skrot, name, dni_robocze) values ('TG', 'Nefen Franceschi', 'Wt;Sr;Cz;Pt');
insert into nauczyciele (skrot, name, dni_robocze) values ('AU', 'Aeriell Mathe', 'Pn;Wt;Sr;Pt');
insert into nauczyciele (skrot, name, dni_robocze) values ('AU', 'Hetti Backhurst', 'Pn;Wt;Sr;Cz;Pt');
insert into nauczyciele (skrot, name, dni_robocze) values ('CD', 'Seka Rumford', 'Pn;Wt;Sr;Cz;Pt');
insert into nauczyciele (skrot, name, dni_robocze) values ('BR', 'Clarance Emblin', 'Pn;Wt;Sr;Cz;Pt');
insert into nauczyciele (skrot, name, dni_robocze) values ('JP', 'Hastings Keays', 'Pn;Wt;Sr;Cz;Pt');
insert into nauczyciele (skrot, name, dni_robocze) values ('HR', 'Yehudi Greenham', 'Pn;Wt;Sr;Cz;');
insert into nauczyciele (skrot, name, dni_robocze) values ('CN', 'Courtney Gley', 'Pn;Wt;Sr;Cz;');
insert into nauczyciele (skrot, name, dni_robocze) values ('US', 'Malina Baldack', 'Pn;Wt;Sr;Cz;Pt');
insert into nauczyciele (skrot, name, dni_robocze) values ('ID', 'Randie Winspurr', 'Pn;Wt;Sr;Cz;');
insert into nauczyciele (skrot, name, dni_robocze) values ('UA', 'Jan Linham', 'Pn;Wt;Sr;Pt');
insert into nauczyciele (skrot, name, dni_robocze) values ('RU', 'Dareen Prestie', 'Wt;Sr;Cz;Pt');
insert into nauczyciele (skrot, name, dni_robocze) values ('AU', 'Casar Westwater', 'Pn;Wt;Sr;Cz;');
insert into nauczyciele (skrot, name, dni_robocze) values ('US', 'Lynsey Greensmith', 'Pn;Wt;Cz;Pt');
insert into nauczyciele (skrot, name, dni_robocze) values ('AR', 'Tabby Screwton', 'Pn;Wt;Sr;Pt');
insert into nauczyciele (skrot, name, dni_robocze) values ('PG', 'Panchito Worthing', 'Pn;Wt;Sr;Pt');
insert into nauczyciele (skrot, name, dni_robocze) values ('US', 'Sarine Bruster', 'Pn;Wt;Sr;Cz;');
insert into nauczyciele (skrot, name, dni_robocze) values ('NI', 'Theresa Reiling', 'Pn;Wt;Sr;Cz;Pt');
insert into nauczyciele (skrot, name, dni_robocze) values ('IN', 'Bette Yurin', 'Wt;Sr;Cz;Pt');
insert into nauczyciele (skrot, name, dni_robocze) values ('NI', 'Alli Hows', 'Pn;Wt;Cz;Pt');
insert into nauczyciele (skrot, name, dni_robocze) values ('US', 'Orin Titley', 'Pn;Wt;Sr;Pt');
insert into nauczyciele (skrot, name, dni_robocze) values ('CA', 'Steven Figg', 'Pn;Wt;Sr;Cz;Pt');
insert into nauczyciele (skrot, name, dni_robocze) values ('IS', 'Glenna Guppy', 'Pn;Wt;Sr;Cz;Pt');
insert into nauczyciele (skrot, name, dni_robocze) values ('AF', 'Paddie Saward', 'Pn;Wt;Sr;Cz;');
insert into nauczyciele (skrot, name, dni_robocze) values ('US', 'Salaidh Escritt', 'Pn;Wt;Cz;Pt');
insert into nauczyciele (skrot, name, dni_robocze) values ('CA', 'Ignaz Andrey', 'Pn;Wt;Sr;Cz;');
insert into nauczyciele (skrot, name, dni_robocze) values ('US', 'Ginny Tunnow', 'Pn;Wt;Sr;Cz;');
insert into nauczyciele (skrot, name, dni_robocze) values ('CD', 'Isidor Paggitt', 'Pn;Wt;Sr;Cz;Pt');
insert into nauczyciele (skrot, name, dni_robocze) values ('NZ', 'Darnell Stockell', 'Pn;Wt;Sr;Cz;');
insert into nauczyciele (skrot, name, dni_robocze) values ('KZ', 'Bradley Chritchlow', 'Pn;Wt;Sr;Pt');
insert into nauczyciele (skrot, name, dni_robocze) values ('AU', 'Audrey Surfleet', 'Pn;Wt;Sr;Pt');
insert into nauczyciele (skrot, name, dni_robocze) values ('AR', 'Bryanty Simunek', 'Pn;Wt;Sr;Cz;');
insert into nauczyciele (skrot, name, dni_robocze) values ('AU', 'Constantine Wipper', 'Wt;Sr;Cz;Pt');
insert into nauczyciele (skrot, name, dni_robocze) values ('KI', 'Walton Goslin', 'Pn;Wt;Sr;Cz;Pt');
insert into nauczyciele (skrot, name, dni_robocze) values ('HT', 'Jeremias Arstall', 'Pn;Wt;Sr;Cz;');
insert into nauczyciele (skrot, name, dni_robocze) values ('NA', 'Carter Maclean', 'Wt;Sr;Cz;Pt');
insert into nauczyciele (skrot, name, dni_robocze) values ('NO', 'Addison Di Pietro', 'Pn;Wt;Cz;Pt');
insert into nauczyciele (skrot, name, dni_robocze) values ('FR', 'Marci Tommaseo', 'Pn;Wt;Sr;Cz;Pt');
insert into nauczyciele (skrot, name, dni_robocze) values ('US', 'Gabby Rabbe', 'Pn;Wt;Sr;Cz;Pt');
insert into nauczyciele (skrot, name, dni_robocze) values ('ID', 'Chucho Jennaway', 'Wt;Sr;Cz;Pt');
insert into nauczyciele (skrot, name, dni_robocze) values ('PA', 'Arda Piddlesden', 'Wt;Sr;Cz;Pt');
insert into nauczyciele (skrot, name, dni_robocze) values ('RU', 'Ardine Melody', 'Pn;Wt;Sr;Cz;Pt');
insert into nauczyciele (skrot, name, dni_robocze) values ('US', 'Carolan Reary', 'Pn;Wt;Cz;Pt');
insert into nauczyciele (skrot, name, dni_robocze) values ('MZ', 'Parrnell Goldson', 'Pn;Wt;Sr;Pt');
insert into nauczyciele (skrot, name, dni_robocze) values ('CN', 'Baily McCerery', 'Pn;Wt;Sr;Cz;Pt');
insert into nauczyciele (skrot, name, dni_robocze) values ('UA', 'Aubrette Boobyer', 'Pn;Wt;Sr;Cz;');
insert into nauczyciele (skrot, name, dni_robocze) values ('MX', 'Sylvester Benezeit', 'Pn;Wt;Sr;Pt');
insert into nauczyciele (skrot, name, dni_robocze) values ('PL', 'Zita Maun', 'Pn;Wt;Sr;Pt');
insert into nauczyciele (skrot, name, dni_robocze) values ('CA', 'Wait Truckett', 'Pn;Wt;Sr;Pt');
insert into nauczyciele (skrot, name, dni_robocze) values ('RU', 'Baily Unworth', 'Pn;Wt;Cz;Pt');
insert into nauczyciele (skrot, name, dni_robocze) values ('US', 'Sasha Fairchild', 'Wt;Sr;Cz;Pt');
insert into nauczyciele (skrot, name, dni_robocze) values ('ES', 'Micheline Callear', 'Wt;Sr;Cz;Pt');
insert into nauczyciele (skrot, name, dni_robocze) values ('AU', 'Keriann Catterick', 'Pn;Wt;Cz;Pt');
insert into nauczyciele (skrot, name, dni_robocze) values ('AU', 'Monroe Wallbanks', 'Pn;Wt;Sr;Pt');
insert into nauczyciele (skrot, name, dni_robocze) values ('TR', 'Duane Gamwell', 'Pn;Wt;Sr;Cz;');
insert into nauczyciele (skrot, name, dni_robocze) values ('BR', 'Crystie Rounds', 'Pn;Wt;Cz;Pt');
insert into nauczyciele (skrot, name, dni_robocze) values ('DZ', 'Rana deKnevet', 'Pn;Wt;Sr;Cz;Pt');
insert into nauczyciele (skrot, name, dni_robocze) values ('AU', 'Gaynor Mithon', 'Pn;Wt;Sr;Pt');
insert into nauczyciele (skrot, name, dni_robocze) values ('KR', 'Cherice Bereford', 'Pn;Wt;Sr;Pt');
insert into nauczyciele (skrot, name, dni_robocze) values ('FR', 'Deeyn Markham', 'Wt;Sr;Cz;Pt');
insert into nauczyciele (skrot, name, dni_robocze) values ('US', 'Gussi McAdam', 'Pn;Wt;Sr;Cz;Pt');
insert into nauczyciele (skrot, name, dni_robocze) values ('CO', 'Darrelle Aleveque', 'Wt;Sr;Cz;Pt');
insert into nauczyciele (skrot, name, dni_robocze) values ('US', 'Theodore Bemrose', 'Pn;Wt;Sr;Cz;');
insert into nauczyciele (skrot, name, dni_robocze) values ('CN', 'Sarene Mc Elory', 'Pn;Wt;Sr;Cz;');
insert into nauczyciele (skrot, name, dni_robocze) values ('GF', 'Byran Gunby', 'Wt;Sr;Cz;Pt');
insert into nauczyciele (skrot, name, dni_robocze) values ('US', 'Obidiah Camous', 'Pn;Wt;Cz;Pt');
insert into nauczyciele (skrot, name, dni_robocze) values ('US', 'Dionne Sabin', 'Wt;Sr;Cz;Pt');
insert into nauczyciele (skrot, name, dni_robocze) values ('MG', 'Izak Tournay', 'Pn;Wt;Sr;Cz;');
insert into nauczyciele (skrot, name, dni_robocze) values ('CO', 'Cecil Caselli', 'Pn;Wt;Sr;Pt');
insert into nauczyciele (skrot, name, dni_robocze) values ('PG', 'Balduin Castello', 'Pn;Wt;Cz;Pt');
insert into nauczyciele (skrot, name, dni_robocze) values ('US', 'Pet Mallall', 'Pn;Wt;Sr;Cz;');
insert into nauczyciele (skrot, name, dni_robocze) values ('US', 'Caitlin Breward', 'Pn;Wt;Sr;Cz;');
insert into nauczyciele (skrot, name, dni_robocze) values ('US', 'Rhona McElrath', 'Pn;Wt;Cz;Pt');
insert into nauczyciele (skrot, name, dni_robocze) values ('US', 'Amerigo Sharpous', 'Pn;Wt;Cz;Pt');
insert into nauczyciele (skrot, name, dni_robocze) values ('CO', 'Brit Riccardelli', 'Pn;Wt;Sr;Cz;');
insert into nauczyciele (skrot, name, dni_robocze) values ('DZ', 'Yettie Brennand', 'Pn;Wt;Cz;Pt');
insert into nauczyciele (skrot, name, dni_robocze) values ('KZ', 'Cathleen Klesse', 'Pn;Wt;Cz;Pt');
insert into nauczyciele (skrot, name, dni_robocze) values ('TR', 'Wanids Delwater', 'Pn;Wt;Sr;Pt');
insert into nauczyciele (skrot, name, dni_robocze) values ('IT', 'Tab Sposito', 'Pn;Wt;Sr;Cz;Pt');
insert into nauczyciele (skrot, name, dni_robocze) values ('US', 'Jephthah Matheson', 'Pn;Wt;Sr;Cz;Pt');
insert into nauczyciele (skrot, name, dni_robocze) values ('SA', 'Ian Braker', 'Wt;Sr;Cz;Pt');
insert into nauczyciele (skrot, name, dni_robocze) values ('CN', 'Eimile Morena', 'Pn;Wt;Sr;Pt');
insert into nauczyciele (skrot, name, dni_robocze) values ('HN', 'Tamqrah Verdun', 'Pn;Wt;Sr;Pt');
insert into nauczyciele (skrot, name, dni_robocze) values ('CA', 'Cathryn Archanbault', 'Wt;Sr;Cz;Pt');
insert into nauczyciele (skrot, name, dni_robocze) values ('TH', 'Julina Wastie', 'Wt;Sr;Cz;Pt');
insert into nauczyciele (skrot, name, dni_robocze) values ('CA', 'Ninetta Pilbeam', 'Pn;Wt;Sr;Pt');
insert into nauczyciele (skrot, name, dni_robocze) values ('CA', 'Karia Cochern', 'Pn;Wt;Sr;Cz;');
insert into nauczyciele (skrot, name, dni_robocze) values ('CM', 'Kayla Elliston', 'Wt;Sr;Cz;Pt');
insert into nauczyciele (skrot, name, dni_robocze) values ('GB', 'Langston Ramelet', 'Wt;Sr;Cz;Pt');
insert into nauczyciele (skrot, name, dni_robocze) values ('AU', 'Beckie Wanden', 'Pn;Wt;Sr;Cz;Pt');
insert into nauczyciele (skrot, name, dni_robocze) values ('FR', 'Kacey Tufts', 'Pn;Wt;Cz;Pt');
insert into nauczyciele (skrot, name, dni_robocze) values ('IN', 'Cybil Raccio', 'Pn;Wt;Sr;Pt');
insert into nauczyciele (skrot, name, dni_robocze) values ('CA', 'Conan Doldon', 'Pn;Wt;Cz;Pt');
insert into nauczyciele (skrot, name, dni_robocze) values ('US', 'Floris Raywood', 'Pn;Wt;Sr;Pt');
insert into nauczyciele (skrot, name, dni_robocze) values ('RU', 'Kipper Picott', 'Pn;Wt;Sr;Cz;');
insert into nauczyciele (skrot, name, dni_robocze) values ('PA', 'Tobiah Blampy', 'Pn;Wt;Sr;Cz;');
insert into nauczyciele (skrot, name, dni_robocze) values ('CA', 'Kattie Powley', 'Pn;Wt;Sr;Cz;');
insert into nauczyciele (skrot, name, dni_robocze) values ('IT', 'Brigg Rudinger', 'Wt;Sr;Cz;Pt');
insert into nauczyciele (skrot, name, dni_robocze) values ('GA', 'Wain Grix', 'Pn;Wt;Sr;Cz;');
insert into nauczyciele (skrot, name, dni_robocze) values ('US', 'Rosy Shrimpling', 'Pn;Wt;Sr;Pt');
insert into nauczyciele (skrot, name, dni_robocze) values ('AU', 'Torr Buttwell', 'Pn;Wt;Sr;Cz;');
insert into nauczyciele (skrot, name, dni_robocze) values ('DZ', 'Craggie Lebourn', 'Wt;Sr;Cz;Pt');
insert into nauczyciele (skrot, name, dni_robocze) values ('AR', 'Bronson Scanlan', 'Pn;Wt;Cz;Pt');
insert into nauczyciele (skrot, name, dni_robocze) values ('US', 'Jae Dandy', 'Pn;Wt;Sr;Cz;Pt');
insert into nauczyciele (skrot, name, dni_robocze) values ('IN', 'Crichton Newlove', 'Pn;Wt;Sr;Pt');
insert into nauczyciele (skrot, name, dni_robocze) values ('US', 'Joete Caldroni', 'Pn;Wt;Cz;Pt');
insert into nauczyciele (skrot, name, dni_robocze) values ('FI', 'Nils Fonte', 'Pn;Wt;Sr;Cz;Pt');
insert into nauczyciele (skrot, name, dni_robocze) values ('PG', 'Corly Blankett', 'Pn;Wt;Sr;Cz;');
insert into nauczyciele (skrot, name, dni_robocze) values ('VU', 'Murray Nano', 'Wt;Sr;Cz;Pt');
insert into nauczyciele (skrot, name, dni_robocze) values ('IR', 'Pinchas Jann', 'Pn;Wt;Sr;Pt');
insert into nauczyciele (skrot, name, dni_robocze) values ('SC', 'Mary Winckworth', 'Pn;Wt;Cz;Pt');
insert into nauczyciele (skrot, name, dni_robocze) values ('DZ', 'Meara Fozard', 'Pn;Wt;Sr;Cz;');
insert into nauczyciele (skrot, name, dni_robocze) values ('AU', 'Madelle Hawkeswood', 'Pn;Wt;Sr;Cz;Pt');
insert into nauczyciele (skrot, name, dni_robocze) values ('PE', 'Nick Mastrantone', 'Pn;Wt;Sr;Pt');
insert into nauczyciele (skrot, name, dni_robocze) values ('TG', 'Lind Greguol', 'Pn;Wt;Cz;Pt');
insert into nauczyciele (skrot, name, dni_robocze) values ('AR', 'Fabe Prettyman', 'Pn;Wt;Sr;Pt');
insert into nauczyciele (skrot, name, dni_robocze) values ('US', 'Shawna Abernethy', 'Pn;Wt;Cz;Pt');
insert into nauczyciele (skrot, name, dni_robocze) values ('CA', 'Konstantin Pietersen', 'Pn;Wt;Sr;Cz;');
insert into nauczyciele (skrot, name, dni_robocze) values ('US', 'Cull Farndale', 'Pn;Wt;Sr;Cz;Pt');
insert into nauczyciele (skrot, name, dni_robocze) values ('JP', 'Alicia Aberdein', 'Pn;Wt;Cz;Pt');
insert into nauczyciele (skrot, name, dni_robocze) values ('US', 'Elsy Badwick', 'Pn;Wt;Sr;Pt');
insert into nauczyciele (skrot, name, dni_robocze) values ('SE', 'Jobey Liddiard', 'Pn;Wt;Cz;Pt');
insert into nauczyciele (skrot, name, dni_robocze) values ('CA', 'Mordecai Stuchbury', 'Pn;Wt;Sr;Pt');
insert into nauczyciele (skrot, name, dni_robocze) values ('LY', 'Ker Bunn', 'Pn;Wt;Sr;Pt');
insert into nauczyciele (skrot, name, dni_robocze) values ('CN', 'Conroy Nesbeth', 'Pn;Wt;Sr;Cz;Pt');
insert into nauczyciele (skrot, name, dni_robocze) values ('FR', 'Cathrin Winyard', 'Pn;Wt;Sr;Cz;Pt');
insert into nauczyciele (skrot, name, dni_robocze) values ('VE', 'Arda Selman', 'Pn;Wt;Sr;Cz;Pt');
insert into nauczyciele (skrot, name, dni_robocze) values ('PF', 'Camellia Middlemass', 'Wt;Sr;Cz;Pt');
insert into nauczyciele (skrot, name, dni_robocze) values ('CA', 'Bliss Lowis', 'Pn;Wt;Sr;Cz;');
insert into nauczyciele (skrot, name, dni_robocze) values ('KR', 'Scarlet Gritsaev', 'Pn;Wt;Cz;Pt');
insert into nauczyciele (skrot, name, dni_robocze) values ('ES', 'Sibylla Oliver-Paull', 'Pn;Wt;Sr;Pt');
insert into nauczyciele (skrot, name, dni_robocze) values ('AF', 'Ofilia Reinert', 'Pn;Wt;Cz;Pt');
insert into nauczyciele (skrot, name, dni_robocze) values ('ZA', 'Benjamen Joubert', 'Pn;Wt;Sr;Pt');
insert into nauczyciele (skrot, name, dni_robocze) values ('RO', 'Osmund Fransseni', 'Wt;Sr;Cz;Pt');
insert into nauczyciele (skrot, name, dni_robocze) values ('CA', 'Tiffani D''Arrigo', 'Wt;Sr;Cz;Pt');
insert into nauczyciele (skrot, name, dni_robocze) values ('CA', 'Guillemette Bielby', 'Wt;Sr;Cz;Pt');
insert into nauczyciele (skrot, name, dni_robocze) values ('PG', 'Meghan Worthington', 'Pn;Wt;Cz;Pt');
insert into nauczyciele (skrot, name, dni_robocze) values ('NO', 'Kerk Demcak', 'Pn;Wt;Sr;Cz;Pt');
insert into nauczyciele (skrot, name, dni_robocze) values ('TZ', 'Clevey Gregr', 'Pn;Wt;Cz;Pt');
insert into nauczyciele (skrot, name, dni_robocze) values ('BR', 'Olag Lammert', 'Wt;Sr;Cz;Pt');
insert into nauczyciele (skrot, name, dni_robocze) values ('MS', 'Addie Vell', 'Wt;Sr;Cz;Pt');


create table nauczyciele_klasa (
	numer_k VARCHAR(2),
	skrot VARCHAR(50)
);
insert into nauczyciele_klasa (numer_k, skrot) values ('2P', 'IN');
insert into nauczyciele_klasa (numer_k, skrot) values ('1B', 'NA');
insert into nauczyciele_klasa (numer_k, skrot) values ('3C', 'US');
insert into nauczyciele_klasa (numer_k, skrot) values ('3G', 'US');
insert into nauczyciele_klasa (numer_k, skrot) values ('3C', 'MZ');
insert into nauczyciele_klasa (numer_k, skrot) values ('2B', 'AU');
insert into nauczyciele_klasa (numer_k, skrot) values ('2B', 'AR');
insert into nauczyciele_klasa (numer_k, skrot) values ('3O', 'PG');
insert into nauczyciele_klasa (numer_k, skrot) values ('2D', 'PH');
insert into nauczyciele_klasa (numer_k, skrot) values ('1E', 'BR');
insert into nauczyciele_klasa (numer_k, skrot) values ('2O', 'US');
insert into nauczyciele_klasa (numer_k, skrot) values ('1E', 'AU');
insert into nauczyciele_klasa (numer_k, skrot) values ('2C', 'CU');
insert into nauczyciele_klasa (numer_k, skrot) values ('3C', 'ET');
insert into nauczyciele_klasa (numer_k, skrot) values ('3O', 'FR');
insert into nauczyciele_klasa (numer_k, skrot) values ('2B', 'US');
insert into nauczyciele_klasa (numer_k, skrot) values ('2E', 'CA');
insert into nauczyciele_klasa (numer_k, skrot) values ('2P', 'BA');
insert into nauczyciele_klasa (numer_k, skrot) values ('3P', 'CA');
insert into nauczyciele_klasa (numer_k, skrot) values ('3K', 'ST');
insert into nauczyciele_klasa (numer_k, skrot) values ('1D', 'CA');
insert into nauczyciele_klasa (numer_k, skrot) values ('3E', 'LB');
insert into nauczyciele_klasa (numer_k, skrot) values ('1F', 'US');
insert into nauczyciele_klasa (numer_k, skrot) values ('3O', 'BR');
insert into nauczyciele_klasa (numer_k, skrot) values ('1E', 'RO');
insert into nauczyciele_klasa (numer_k, skrot) values ('3O', 'UG');
insert into nauczyciele_klasa (numer_k, skrot) values ('2P', 'CO');
insert into nauczyciele_klasa (numer_k, skrot) values ('3E', 'CA');
insert into nauczyciele_klasa (numer_k, skrot) values ('1P', 'US');
insert into nauczyciele_klasa (numer_k, skrot) values ('2D', 'US');
insert into nauczyciele_klasa (numer_k, skrot) values ('2D', 'BR');
insert into nauczyciele_klasa (numer_k, skrot) values ('3C', 'CF');
insert into nauczyciele_klasa (numer_k, skrot) values ('3C', 'US');
insert into nauczyciele_klasa (numer_k, skrot) values ('3O', 'US');
insert into nauczyciele_klasa (numer_k, skrot) values ('3C', 'MT');
insert into nauczyciele_klasa (numer_k, skrot) values ('3K', 'NP');
insert into nauczyciele_klasa (numer_k, skrot) values ('2P', 'AU');
insert into nauczyciele_klasa (numer_k, skrot) values ('2G', 'CN');
insert into nauczyciele_klasa (numer_k, skrot) values ('1O', 'ZM');
insert into nauczyciele_klasa (numer_k, skrot) values ('2P', 'MV');
insert into nauczyciele_klasa (numer_k, skrot) values ('2F', 'SD');
insert into nauczyciele_klasa (numer_k, skrot) values ('2B', 'MN');
insert into nauczyciele_klasa (numer_k, skrot) values ('2F', 'ID');
insert into nauczyciele_klasa (numer_k, skrot) values ('1F', 'BR');
insert into nauczyciele_klasa (numer_k, skrot) values ('3B', 'JP');
insert into nauczyciele_klasa (numer_k, skrot) values ('2F', 'CA');
insert into nauczyciele_klasa (numer_k, skrot) values ('3E', 'RU');
insert into nauczyciele_klasa (numer_k, skrot) values ('2P', 'US');
insert into nauczyciele_klasa (numer_k, skrot) values ('2E', 'CO');
insert into nauczyciele_klasa (numer_k, skrot) values ('1F', 'US');
insert into nauczyciele_klasa (numer_k, skrot) values ('3D', 'US');
insert into nauczyciele_klasa (numer_k, skrot) values ('1B', 'BS');
insert into nauczyciele_klasa (numer_k, skrot) values ('1D', 'EC');
insert into nauczyciele_klasa (numer_k, skrot) values ('3D', 'US');
insert into nauczyciele_klasa (numer_k, skrot) values ('1E', 'BD');
insert into nauczyciele_klasa (numer_k, skrot) values ('3P', 'BO');
insert into nauczyciele_klasa (numer_k, skrot) values ('1D', 'PK');
insert into nauczyciele_klasa (numer_k, skrot) values ('2G', 'US');
insert into nauczyciele_klasa (numer_k, skrot) values ('2C', 'MG');
insert into nauczyciele_klasa (numer_k, skrot) values ('2K', 'IN');
insert into nauczyciele_klasa (numer_k, skrot) values ('2P', 'RU');
insert into nauczyciele_klasa (numer_k, skrot) values ('2C', 'BR');
insert into nauczyciele_klasa (numer_k, skrot) values ('3C', 'ID');
insert into nauczyciele_klasa (numer_k, skrot) values ('3G', 'US');
insert into nauczyciele_klasa (numer_k, skrot) values ('2P', 'NA');
insert into nauczyciele_klasa (numer_k, skrot) values ('3K', 'US');
insert into nauczyciele_klasa (numer_k, skrot) values ('3C', 'FR');
insert into nauczyciele_klasa (numer_k, skrot) values ('1E', 'MM');
insert into nauczyciele_klasa (numer_k, skrot) values ('3F', 'GB');
insert into nauczyciele_klasa (numer_k, skrot) values ('2E', 'VE');
insert into nauczyciele_klasa (numer_k, skrot) values ('2G', 'RU');
insert into nauczyciele_klasa (numer_k, skrot) values ('1O', 'AU');
insert into nauczyciele_klasa (numer_k, skrot) values ('3K', 'US');
insert into nauczyciele_klasa (numer_k, skrot) values ('1D', 'BY');
insert into nauczyciele_klasa (numer_k, skrot) values ('3P', 'AO');
insert into nauczyciele_klasa (numer_k, skrot) values ('3K', 'BL');
insert into nauczyciele_klasa (numer_k, skrot) values ('3E', 'TL');
insert into nauczyciele_klasa (numer_k, skrot) values ('2F', 'TL');
insert into nauczyciele_klasa (numer_k, skrot) values ('3O', 'TR');
insert into nauczyciele_klasa (numer_k, skrot) values ('3K', 'TR');
insert into nauczyciele_klasa (numer_k, skrot) values ('1B', 'AR');
insert into nauczyciele_klasa (numer_k, skrot) values ('3O', 'BS');
insert into nauczyciele_klasa (numer_k, skrot) values ('3K', 'BR');
insert into nauczyciele_klasa (numer_k, skrot) values ('2F', 'CA');
insert into nauczyciele_klasa (numer_k, skrot) values ('2F', 'AR');
insert into nauczyciele_klasa (numer_k, skrot) values ('3O', 'SO');
insert into nauczyciele_klasa (numer_k, skrot) values ('1B', 'SG');
insert into nauczyciele_klasa (numer_k, skrot) values ('3F', 'PG');
insert into nauczyciele_klasa (numer_k, skrot) values ('3C', 'JP');
insert into nauczyciele_klasa (numer_k, skrot) values ('3F', 'US');
insert into nauczyciele_klasa (numer_k, skrot) values ('1F', 'US');
insert into nauczyciele_klasa (numer_k, skrot) values ('3P', 'US');
insert into nauczyciele_klasa (numer_k, skrot) values ('3G', 'NG');
insert into nauczyciele_klasa (numer_k, skrot) values ('2P', 'CL');
insert into nauczyciele_klasa (numer_k, skrot) values ('3K', 'US');
insert into nauczyciele_klasa (numer_k, skrot) values ('3D', 'NO');
insert into nauczyciele_klasa (numer_k, skrot) values ('3B', 'SD');
insert into nauczyciele_klasa (numer_k, skrot) values ('3E', 'US');
insert into nauczyciele_klasa (numer_k, skrot) values ('2B', 'TC');
insert into nauczyciele_klasa (numer_k, skrot) values ('3K', 'AU');
insert into nauczyciele_klasa (numer_k, skrot) values ('1F', 'KN');
insert into nauczyciele_klasa (numer_k, skrot) values ('2D', 'GT');
insert into nauczyciele_klasa (numer_k, skrot) values ('3O', 'AU');
insert into nauczyciele_klasa (numer_k, skrot) values ('3E', 'CN');
insert into nauczyciele_klasa (numer_k, skrot) values ('2K', 'US');
insert into nauczyciele_klasa (numer_k, skrot) values ('2C', 'IN');
insert into nauczyciele_klasa (numer_k, skrot) values ('3P', 'US');
insert into nauczyciele_klasa (numer_k, skrot) values ('1F', 'GT');
insert into nauczyciele_klasa (numer_k, skrot) values ('3F', 'GY');
insert into nauczyciele_klasa (numer_k, skrot) values ('3C', 'BO');
insert into nauczyciele_klasa (numer_k, skrot) values ('2C', 'MN');
insert into nauczyciele_klasa (numer_k, skrot) values ('2P', 'KE');
insert into nauczyciele_klasa (numer_k, skrot) values ('1D', 'US');
insert into nauczyciele_klasa (numer_k, skrot) values ('1O', 'SA');
insert into nauczyciele_klasa (numer_k, skrot) values ('3B', 'CN');
insert into nauczyciele_klasa (numer_k, skrot) values ('1P', 'US');
insert into nauczyciele_klasa (numer_k, skrot) values ('1B', 'CN');
insert into nauczyciele_klasa (numer_k, skrot) values ('2O', 'FJ');
insert into nauczyciele_klasa (numer_k, skrot) values ('1F', 'MW');
insert into nauczyciele_klasa (numer_k, skrot) values ('2P', 'BR');
insert into nauczyciele_klasa (numer_k, skrot) values ('2G', 'GB');
insert into nauczyciele_klasa (numer_k, skrot) values ('1B', 'MV');
insert into nauczyciele_klasa (numer_k, skrot) values ('3G', 'CF');
insert into nauczyciele_klasa (numer_k, skrot) values ('2C', 'US');
insert into nauczyciele_klasa (numer_k, skrot) values ('2P', 'US');
insert into nauczyciele_klasa (numer_k, skrot) values ('2P', 'CA');
insert into nauczyciele_klasa (numer_k, skrot) values ('2C', 'PG');
insert into nauczyciele_klasa (numer_k, skrot) values ('2G', 'PK');
insert into nauczyciele_klasa (numer_k, skrot) values ('3C', 'AU');
insert into nauczyciele_klasa (numer_k, skrot) values ('2K', 'US');
insert into nauczyciele_klasa (numer_k, skrot) values ('3G', 'CR');
insert into nauczyciele_klasa (numer_k, skrot) values ('1D', 'PG');
insert into nauczyciele_klasa (numer_k, skrot) values ('3O', 'VE');
insert into nauczyciele_klasa (numer_k, skrot) values ('3F', 'SB');
insert into nauczyciele_klasa (numer_k, skrot) values ('3E', 'SL');
insert into nauczyciele_klasa (numer_k, skrot) values ('3K', 'FI');
insert into nauczyciele_klasa (numer_k, skrot) values ('2P', 'CA');
insert into nauczyciele_klasa (numer_k, skrot) values ('3B', 'LS');
insert into nauczyciele_klasa (numer_k, skrot) values ('2F', 'CN');
insert into nauczyciele_klasa (numer_k, skrot) values ('2K', 'RU');
insert into nauczyciele_klasa (numer_k, skrot) values ('1F', 'BR');
insert into nauczyciele_klasa (numer_k, skrot) values ('1B', 'ID');
insert into nauczyciele_klasa (numer_k, skrot) values ('3D', 'ET');
insert into nauczyciele_klasa (numer_k, skrot) values ('2D', 'US');
insert into nauczyciele_klasa (numer_k, skrot) values ('1E', 'ZA');
insert into nauczyciele_klasa (numer_k, skrot) values ('3E', 'LK');
insert into nauczyciele_klasa (numer_k, skrot) values ('3G', 'PL');
insert into nauczyciele_klasa (numer_k, skrot) values ('3C', 'PG');
insert into nauczyciele_klasa (numer_k, skrot) values ('2B', 'CA');
insert into nauczyciele_klasa (numer_k, skrot) values ('2P', 'MG');
insert into nauczyciele_klasa (numer_k, skrot) values ('2C', 'QA');
insert into nauczyciele_klasa (numer_k, skrot) values ('2P', 'CA');
insert into nauczyciele_klasa (numer_k, skrot) values ('3B', 'BR');
insert into nauczyciele_klasa (numer_k, skrot) values ('2D', 'SS');
insert into nauczyciele_klasa (numer_k, skrot) values ('1B', 'AF');
insert into nauczyciele_klasa (numer_k, skrot) values ('2O', 'US');
insert into nauczyciele_klasa (numer_k, skrot) values ('2C', 'JP');
insert into nauczyciele_klasa (numer_k, skrot) values ('1P', 'US');
insert into nauczyciele_klasa (numer_k, skrot) values ('2K', 'US');
insert into nauczyciele_klasa (numer_k, skrot) values ('3E', 'CF');
insert into nauczyciele_klasa (numer_k, skrot) values ('3C', 'BR');
insert into nauczyciele_klasa (numer_k, skrot) values ('3B', 'DK');
insert into nauczyciele_klasa (numer_k, skrot) values ('3E', 'ZA');
insert into nauczyciele_klasa (numer_k, skrot) values ('2C', 'DZ');
insert into nauczyciele_klasa (numer_k, skrot) values ('2B', 'US');
insert into nauczyciele_klasa (numer_k, skrot) values ('1P', 'LK');
insert into nauczyciele_klasa (numer_k, skrot) values ('3D', 'PR');
insert into nauczyciele_klasa (numer_k, skrot) values ('2E', 'DK');
insert into nauczyciele_klasa (numer_k, skrot) values ('3B', 'CA');
insert into nauczyciele_klasa (numer_k, skrot) values ('1B', 'CM');
insert into nauczyciele_klasa (numer_k, skrot) values ('2K', 'MX');
insert into nauczyciele_klasa (numer_k, skrot) values ('3D', 'US');
insert into nauczyciele_klasa (numer_k, skrot) values ('3B', 'US');
insert into nauczyciele_klasa (numer_k, skrot) values ('2F', 'IN');
insert into nauczyciele_klasa (numer_k, skrot) values ('1P', 'US');
insert into nauczyciele_klasa (numer_k, skrot) values ('1P', 'KE');
insert into nauczyciele_klasa (numer_k, skrot) values ('1F', 'JP');
insert into nauczyciele_klasa (numer_k, skrot) values ('2K', 'RE');
insert into nauczyciele_klasa (numer_k, skrot) values ('2C', 'BF');
insert into nauczyciele_klasa (numer_k, skrot) values ('3D', 'NL');
insert into nauczyciele_klasa (numer_k, skrot) values ('2K', 'IN');
insert into nauczyciele_klasa (numer_k, skrot) values ('2D', 'RU');
insert into nauczyciele_klasa (numer_k, skrot) values ('1P', 'RU');
insert into nauczyciele_klasa (numer_k, skrot) values ('2P', 'NA');
insert into nauczyciele_klasa (numer_k, skrot) values ('3K', 'CO');
insert into nauczyciele_klasa (numer_k, skrot) values ('3K', 'AU');
insert into nauczyciele_klasa (numer_k, skrot) values ('3B', 'MG');
insert into nauczyciele_klasa (numer_k, skrot) values ('3G', 'AR');
insert into nauczyciele_klasa (numer_k, skrot) values ('2K', 'ZA');
insert into nauczyciele_klasa (numer_k, skrot) values ('3B', 'US');
insert into nauczyciele_klasa (numer_k, skrot) values ('3K', 'AU');
insert into nauczyciele_klasa (numer_k, skrot) values ('2G', 'GR');
insert into nauczyciele_klasa (numer_k, skrot) values ('1E', 'CA');
insert into nauczyciele_klasa (numer_k, skrot) values ('3D', 'US');
insert into nauczyciele_klasa (numer_k, skrot) values ('2D', 'MN');
insert into nauczyciele_klasa (numer_k, skrot) values ('2P', 'CA');
insert into nauczyciele_klasa (numer_k, skrot) values ('2D', 'US');
insert into nauczyciele_klasa (numer_k, skrot) values ('1F', 'BS');
insert into nauczyciele_klasa (numer_k, skrot) values ('2G', 'US');
insert into nauczyciele_klasa (numer_k, skrot) values ('2K', 'CA');


create table nauczyciele_przedmiot (
	id_p INT,
	skrot VARCHAR(50)
);
insert into nauczyciele_przedmiot (id_p, skrot) values (51, 'IN');
insert into nauczyciele_przedmiot (id_p, skrot) values (57, 'EC');
insert into nauczyciele_przedmiot (id_p, skrot) values (10, 'PG');
insert into nauczyciele_przedmiot (id_p, skrot) values (33, 'RU');
insert into nauczyciele_przedmiot (id_p, skrot) values (56, 'NZ');
insert into nauczyciele_przedmiot (id_p, skrot) values (49, 'CN');
insert into nauczyciele_przedmiot (id_p, skrot) values (11, 'NA');
insert into nauczyciele_przedmiot (id_p, skrot) values (34, 'ID');
insert into nauczyciele_przedmiot (id_p, skrot) values (22, 'US');
insert into nauczyciele_przedmiot (id_p, skrot) values (31, 'NO');
insert into nauczyciele_przedmiot (id_p, skrot) values (29, 'US');
insert into nauczyciele_przedmiot (id_p, skrot) values (9, 'UA');
insert into nauczyciele_przedmiot (id_p, skrot) values (39, 'FR');
insert into nauczyciele_przedmiot (id_p, skrot) values (31, 'NP');
insert into nauczyciele_przedmiot (id_p, skrot) values (56, 'BR');
insert into nauczyciele_przedmiot (id_p, skrot) values (7, 'KE');
insert into nauczyciele_przedmiot (id_p, skrot) values (40, 'PG');
insert into nauczyciele_przedmiot (id_p, skrot) values (60, 'VE');
insert into nauczyciele_przedmiot (id_p, skrot) values (7, 'AF');
insert into nauczyciele_przedmiot (id_p, skrot) values (55, 'US');
insert into nauczyciele_przedmiot (id_p, skrot) values (13, 'NA');
insert into nauczyciele_przedmiot (id_p, skrot) values (7, 'BR');
insert into nauczyciele_przedmiot (id_p, skrot) values (24, 'NO');
insert into nauczyciele_przedmiot (id_p, skrot) values (35, 'IN');
insert into nauczyciele_przedmiot (id_p, skrot) values (52, 'CN');
insert into nauczyciele_przedmiot (id_p, skrot) values (57, 'AU');
insert into nauczyciele_przedmiot (id_p, skrot) values (18, 'DZ');
insert into nauczyciele_przedmiot (id_p, skrot) values (25, 'US');
insert into nauczyciele_przedmiot (id_p, skrot) values (46, 'BR');
insert into nauczyciele_przedmiot (id_p, skrot) values (43, 'CO');
insert into nauczyciele_przedmiot (id_p, skrot) values (17, 'CN');
insert into nauczyciele_przedmiot (id_p, skrot) values (46, 'PG');
insert into nauczyciele_przedmiot (id_p, skrot) values (45, 'PH');
insert into nauczyciele_przedmiot (id_p, skrot) values (20, 'NZ');
insert into nauczyciele_przedmiot (id_p, skrot) values (1, 'AU');
insert into nauczyciele_przedmiot (id_p, skrot) values (51, 'ID');
insert into nauczyciele_przedmiot (id_p, skrot) values (28, 'AU');
insert into nauczyciele_przedmiot (id_p, skrot) values (9, 'US');
insert into nauczyciele_przedmiot (id_p, skrot) values (43, 'PF');
insert into nauczyciele_przedmiot (id_p, skrot) values (52, 'US');
insert into nauczyciele_przedmiot (id_p, skrot) values (19, 'PG');
insert into nauczyciele_przedmiot (id_p, skrot) values (38, 'UA');
insert into nauczyciele_przedmiot (id_p, skrot) values (35, 'SR');
insert into nauczyciele_przedmiot (id_p, skrot) values (20, 'NG');
insert into nauczyciele_przedmiot (id_p, skrot) values (45, 'RU');
insert into nauczyciele_przedmiot (id_p, skrot) values (59, 'GL');
insert into nauczyciele_przedmiot (id_p, skrot) values (18, 'BF');
insert into nauczyciele_przedmiot (id_p, skrot) values (32, 'MX');
insert into nauczyciele_przedmiot (id_p, skrot) values (12, 'BA');
insert into nauczyciele_przedmiot (id_p, skrot) values (50, 'AU');
insert into nauczyciele_przedmiot (id_p, skrot) values (47, 'CN');
insert into nauczyciele_przedmiot (id_p, skrot) values (60, 'US');
insert into nauczyciele_przedmiot (id_p, skrot) values (57, 'HR');
insert into nauczyciele_przedmiot (id_p, skrot) values (53, 'SE');
insert into nauczyciele_przedmiot (id_p, skrot) values (48, 'US');
insert into nauczyciele_przedmiot (id_p, skrot) values (36, 'BR');
insert into nauczyciele_przedmiot (id_p, skrot) values (25, 'AR');
insert into nauczyciele_przedmiot (id_p, skrot) values (14, 'PL');
insert into nauczyciele_przedmiot (id_p, skrot) values (12, 'BJ');
insert into nauczyciele_przedmiot (id_p, skrot) values (52, 'IN');
insert into nauczyciele_przedmiot (id_p, skrot) values (55, 'BR');
insert into nauczyciele_przedmiot (id_p, skrot) values (47, 'BI');
insert into nauczyciele_przedmiot (id_p, skrot) values (24, 'CA');
insert into nauczyciele_przedmiot (id_p, skrot) values (41, 'SO');
insert into nauczyciele_przedmiot (id_p, skrot) values (43, 'VE');
insert into nauczyciele_przedmiot (id_p, skrot) values (22, 'LC');
insert into nauczyciele_przedmiot (id_p, skrot) values (9, 'PG');
insert into nauczyciele_przedmiot (id_p, skrot) values (23, 'US');
insert into nauczyciele_przedmiot (id_p, skrot) values (43, 'BR');
insert into nauczyciele_przedmiot (id_p, skrot) values (59, 'CF');
insert into nauczyciele_przedmiot (id_p, skrot) values (45, 'US');
insert into nauczyciele_przedmiot (id_p, skrot) values (44, 'ID');
insert into nauczyciele_przedmiot (id_p, skrot) values (46, 'GL');
insert into nauczyciele_przedmiot (id_p, skrot) values (20, 'CN');
insert into nauczyciele_przedmiot (id_p, skrot) values (59, 'US');
insert into nauczyciele_przedmiot (id_p, skrot) values (19, 'CD');
insert into nauczyciele_przedmiot (id_p, skrot) values (51, 'CL');
insert into nauczyciele_przedmiot (id_p, skrot) values (22, 'PG');
insert into nauczyciele_przedmiot (id_p, skrot) values (34, 'AU');
insert into nauczyciele_przedmiot (id_p, skrot) values (9, 'TL');
insert into nauczyciele_przedmiot (id_p, skrot) values (40, 'US');
insert into nauczyciele_przedmiot (id_p, skrot) values (23, 'ID');
insert into nauczyciele_przedmiot (id_p, skrot) values (51, 'CN');
insert into nauczyciele_przedmiot (id_p, skrot) values (48, 'US');
insert into nauczyciele_przedmiot (id_p, skrot) values (26, 'FR');
insert into nauczyciele_przedmiot (id_p, skrot) values (26, 'AU');
insert into nauczyciele_przedmiot (id_p, skrot) values (54, 'IE');
insert into nauczyciele_przedmiot (id_p, skrot) values (12, 'US');
insert into nauczyciele_przedmiot (id_p, skrot) values (10, 'PT');
insert into nauczyciele_przedmiot (id_p, skrot) values (23, 'ID');
insert into nauczyciele_przedmiot (id_p, skrot) values (30, 'PE');
insert into nauczyciele_przedmiot (id_p, skrot) values (4, 'MR');
insert into nauczyciele_przedmiot (id_p, skrot) values (53, 'PH');
insert into nauczyciele_przedmiot (id_p, skrot) values (18, 'PG');
insert into nauczyciele_przedmiot (id_p, skrot) values (19, 'BR');
insert into nauczyciele_przedmiot (id_p, skrot) values (60, 'GL');
insert into nauczyciele_przedmiot (id_p, skrot) values (47, 'TR');
insert into nauczyciele_przedmiot (id_p, skrot) values (1, 'US');
insert into nauczyciele_przedmiot (id_p, skrot) values (15, 'CR');
insert into nauczyciele_przedmiot (id_p, skrot) values (51, 'LS');
insert into nauczyciele_przedmiot (id_p, skrot) values (8, 'VU');
insert into nauczyciele_przedmiot (id_p, skrot) values (34, 'ZW');
insert into nauczyciele_przedmiot (id_p, skrot) values (20, 'AU');
insert into nauczyciele_przedmiot (id_p, skrot) values (31, 'ZM');
insert into nauczyciele_przedmiot (id_p, skrot) values (27, 'ZA');
insert into nauczyciele_przedmiot (id_p, skrot) values (10, 'US');
insert into nauczyciele_przedmiot (id_p, skrot) values (46, 'US');
insert into nauczyciele_przedmiot (id_p, skrot) values (48, 'TR');
insert into nauczyciele_przedmiot (id_p, skrot) values (6, 'BW');
insert into nauczyciele_przedmiot (id_p, skrot) values (10, 'PL');
insert into nauczyciele_przedmiot (id_p, skrot) values (56, 'CA');
insert into nauczyciele_przedmiot (id_p, skrot) values (37, 'BR');
insert into nauczyciele_przedmiot (id_p, skrot) values (36, 'US');
insert into nauczyciele_przedmiot (id_p, skrot) values (5, 'AU');
insert into nauczyciele_przedmiot (id_p, skrot) values (11, 'KH');
insert into nauczyciele_przedmiot (id_p, skrot) values (25, 'RU');
insert into nauczyciele_przedmiot (id_p, skrot) values (17, 'GL');
insert into nauczyciele_przedmiot (id_p, skrot) values (47, 'CA');
insert into nauczyciele_przedmiot (id_p, skrot) values (34, 'EC');
insert into nauczyciele_przedmiot (id_p, skrot) values (51, 'US');
insert into nauczyciele_przedmiot (id_p, skrot) values (25, 'PF');
insert into nauczyciele_przedmiot (id_p, skrot) values (36, 'VE');
insert into nauczyciele_przedmiot (id_p, skrot) values (32, 'RU');
insert into nauczyciele_przedmiot (id_p, skrot) values (9, 'US');
insert into nauczyciele_przedmiot (id_p, skrot) values (23, 'US');
insert into nauczyciele_przedmiot (id_p, skrot) values (23, 'US');
insert into nauczyciele_przedmiot (id_p, skrot) values (1, 'RO');
insert into nauczyciele_przedmiot (id_p, skrot) values (50, 'TM');
insert into nauczyciele_przedmiot (id_p, skrot) values (22, 'FI');
insert into nauczyciele_przedmiot (id_p, skrot) values (53, 'AU');
insert into nauczyciele_przedmiot (id_p, skrot) values (8, 'NO');
insert into nauczyciele_przedmiot (id_p, skrot) values (27, 'PG');
insert into nauczyciele_przedmiot (id_p, skrot) values (36, 'RU');
insert into nauczyciele_przedmiot (id_p, skrot) values (44, 'JM');
insert into nauczyciele_przedmiot (id_p, skrot) values (53, 'LA');
insert into nauczyciele_przedmiot (id_p, skrot) values (48, 'FJ');
insert into nauczyciele_przedmiot (id_p, skrot) values (18, 'GB');
insert into nauczyciele_przedmiot (id_p, skrot) values (51, 'IR');
insert into nauczyciele_przedmiot (id_p, skrot) values (31, 'CU');
insert into nauczyciele_przedmiot (id_p, skrot) values (53, 'US');
insert into nauczyciele_przedmiot (id_p, skrot) values (2, 'US');
insert into nauczyciele_przedmiot (id_p, skrot) values (21, 'AO');
insert into nauczyciele_przedmiot (id_p, skrot) values (43, 'US');
insert into nauczyciele_przedmiot (id_p, skrot) values (56, 'AU');
insert into nauczyciele_przedmiot (id_p, skrot) values (47, 'VE');
insert into nauczyciele_przedmiot (id_p, skrot) values (7, 'US');
insert into nauczyciele_przedmiot (id_p, skrot) values (60, 'ID');
insert into nauczyciele_przedmiot (id_p, skrot) values (3, 'RU');
insert into nauczyciele_przedmiot (id_p, skrot) values (50, 'CA');
insert into nauczyciele_przedmiot (id_p, skrot) values (42, 'RU');
insert into nauczyciele_przedmiot (id_p, skrot) values (23, 'IS');
insert into nauczyciele_przedmiot (id_p, skrot) values (40, 'AU');
insert into nauczyciele_przedmiot (id_p, skrot) values (35, 'US');
insert into nauczyciele_przedmiot (id_p, skrot) values (44, 'PA');
insert into nauczyciele_przedmiot (id_p, skrot) values (18, 'BR');
insert into nauczyciele_przedmiot (id_p, skrot) values (11, 'GF');
insert into nauczyciele_przedmiot (id_p, skrot) values (51, 'US');
insert into nauczyciele_przedmiot (id_p, skrot) values (4, 'CN');
insert into nauczyciele_przedmiot (id_p, skrot) values (40, 'CA');
insert into nauczyciele_przedmiot (id_p, skrot) values (30, 'MV');
insert into nauczyciele_przedmiot (id_p, skrot) values (32, 'US');
insert into nauczyciele_przedmiot (id_p, skrot) values (33, 'MX');
insert into nauczyciele_przedmiot (id_p, skrot) values (40, 'US');
insert into nauczyciele_przedmiot (id_p, skrot) values (9, 'MG');
insert into nauczyciele_przedmiot (id_p, skrot) values (41, 'ID');
insert into nauczyciele_przedmiot (id_p, skrot) values (60, 'CN');
insert into nauczyciele_przedmiot (id_p, skrot) values (42, 'AO');
insert into nauczyciele_przedmiot (id_p, skrot) values (30, 'US');
insert into nauczyciele_przedmiot (id_p, skrot) values (1, 'LR');
insert into nauczyciele_przedmiot (id_p, skrot) values (54, 'CN');
insert into nauczyciele_przedmiot (id_p, skrot) values (37, 'HR');
insert into nauczyciele_przedmiot (id_p, skrot) values (8, 'LA');
insert into nauczyciele_przedmiot (id_p, skrot) values (43, 'AU');
insert into nauczyciele_przedmiot (id_p, skrot) values (40, 'CG');
insert into nauczyciele_przedmiot (id_p, skrot) values (44, 'FJ');
insert into nauczyciele_przedmiot (id_p, skrot) values (33, 'US');
insert into nauczyciele_przedmiot (id_p, skrot) values (9, 'MY');
insert into nauczyciele_przedmiot (id_p, skrot) values (58, 'US');
insert into nauczyciele_przedmiot (id_p, skrot) values (50, 'ES');
insert into nauczyciele_przedmiot (id_p, skrot) values (19, 'US');
insert into nauczyciele_przedmiot (id_p, skrot) values (42, 'OM');
insert into nauczyciele_przedmiot (id_p, skrot) values (60, 'MX');
insert into nauczyciele_przedmiot (id_p, skrot) values (20, 'SR');
insert into nauczyciele_przedmiot (id_p, skrot) values (6, 'US');
insert into nauczyciele_przedmiot (id_p, skrot) values (44, 'US');
insert into nauczyciele_przedmiot (id_p, skrot) values (25, 'US');
insert into nauczyciele_przedmiot (id_p, skrot) values (31, 'GB');
insert into nauczyciele_przedmiot (id_p, skrot) values (31, 'CN');
insert into nauczyciele_przedmiot (id_p, skrot) values (33, 'MR');
insert into nauczyciele_przedmiot (id_p, skrot) values (17, 'AZ');
insert into nauczyciele_przedmiot (id_p, skrot) values (26, 'KR');
insert into nauczyciele_przedmiot (id_p, skrot) values (23, 'DZ');
insert into nauczyciele_przedmiot (id_p, skrot) values (2, 'CA');
insert into nauczyciele_przedmiot (id_p, skrot) values (15, 'KR');
insert into nauczyciele_przedmiot (id_p, skrot) values (35, 'AR');
insert into nauczyciele_przedmiot (id_p, skrot) values (12, 'VU');
insert into nauczyciele_przedmiot (id_p, skrot) values (7, 'PT');
insert into nauczyciele_przedmiot (id_p, skrot) values (48, 'US');
insert into nauczyciele_przedmiot (id_p, skrot) values (32, 'US');
insert into nauczyciele_przedmiot (id_p, skrot) values (12, 'CN');


CREATE TABLE `przedmiot` (
  `id_p` bigint(2) NOT NULL,
  `nazwa` varchar(50) NOT NULL,
  `min_ilosc` int(6)
);
insert into przedmiot (id_p, nazwa, min_ilosc) values (1, 'Prac_witr_ap', 3);
insert into przedmiot (id_p, nazwa, min_ilosc) values (2, 'Witr_i_apl', 3);
insert into przedmiot (id_p, nazwa, min_ilosc) values (3, 'informatyka', 2);
insert into przedmiot (id_p, nazwa, min_ilosc) values (4, 'Prac.Eks.U.E', 3);
insert into przedmiot (id_p, nazwa, min_ilosc) values (5, 'Prac.M_I.U.E', 0);
insert into przedmiot (id_p, nazwa, min_ilosc) values (6, 'pom_me_ciep', 2);
insert into przedmiot (id_p, nazwa, min_ilosc) values (7, 'Prac.rys.t', 3);
insert into przedmiot (id_p, nazwa, min_ilosc) values (8, 'Maszyny_i_na', 1);
insert into przedmiot (id_p, nazwa, min_ilosc) values (9, 'j.polski', 3);
insert into przedmiot (id_p, nazwa, min_ilosc) values (10, 'j.angielski', 1);
insert into przedmiot (id_p, nazwa, min_ilosc) values (11, 'zaj.wych.', 3);
insert into przedmiot (id_p, nazwa, min_ilosc) values (12, 'j.ang.zaw', 3);
insert into przedmiot (id_p, nazwa, min_ilosc) values (13, 'religia', 3);
insert into przedmiot (id_p, nazwa, min_ilosc) values (14, 'biologia', 0);
insert into przedmiot (id_p, nazwa, min_ilosc) values (15, 'przedsib.', 2);
insert into przedmiot (id_p, nazwa, min_ilosc) values (16, 'bizn.i_zarz.', 1);
insert into przedmiot (id_p, nazwa, min_ilosc) values (17, 'Prac.Eks.Eod', 1);
insert into przedmiot (id_p, nazwa, min_ilosc) values (18, 'Prac.Kos.Dok', 3);
insert into przedmiot (id_p, nazwa, min_ilosc) values (19, 'Tech.Mon.Eod', 2);
insert into przedmiot (id_p, nazwa, min_ilosc) values (20, 'Bud.Kosztory', 0);
insert into przedmiot (id_p, nazwa, min_ilosc) values (21, 'Prac.Obs.Eod', 1);
insert into przedmiot (id_p, nazwa, min_ilosc) values (22, 'Prac.Mon.Eod', 0);
insert into przedmiot (id_p, nazwa, min_ilosc) values (23, 'Prac.Moni.Eo', 2);
insert into przedmiot (id_p, nazwa, min_ilosc) values (24, 'Prac_EiE', 2);
insert into przedmiot (id_p, nazwa, min_ilosc) values (25, 'fizyka', 0);
insert into przedmiot (id_p, nazwa, min_ilosc) values (26, 'pom_elektr', 0);
insert into przedmiot (id_p, nazwa, min_ilosc) values (27, 'wf', 3);
insert into przedmiot (id_p, nazwa, min_ilosc) values (28, 'chemia', 1);
insert into przedmiot (id_p, nazwa, min_ilosc) values (29, 'historia', 0);
insert into przedmiot (id_p, nazwa, min_ilosc) values (30, 'wos', 1);
insert into przedmiot (id_p, nazwa, min_ilosc) values (31, 'Prac.admin.', 3);
insert into przedmiot (id_p, nazwa, min_ilosc) values (32, 'BHP', 0);
insert into przedmiot (id_p, nazwa, min_ilosc) values (33, 'sie_sys_ope', 0);
insert into przedmiot (id_p, nazwa, min_ilosc) values (34, 'sys.baz_dan', 2);
insert into przedmiot (id_p, nazwa, min_ilosc) values (35, 'Prac.UTK', 3);
insert into przedmiot (id_p, nazwa, min_ilosc) values (36, 'urz.t.komp.', 3);
insert into przedmiot (id_p, nazwa, min_ilosc) values (37, 'Prac.LSK', 0);
insert into przedmiot (id_p, nazwa, min_ilosc) values (38, 'Prac.ABD', 1);
insert into przedmiot (id_p, nazwa, min_ilosc) values (39, 'Prac.MUK.Ins', 3);
insert into przedmiot (id_p, nazwa, min_ilosc) values (40, 'Prac.MUK.Urz', 0);
insert into przedmiot (id_p, nazwa, min_ilosc) values (41, 'Instal_elekt', 3);
insert into przedmiot (id_p, nazwa, min_ilosc) values (42, 'Podst_EiE', 3);
insert into przedmiot (id_p, nazwa, min_ilosc) values (43, 'Podst_elektr', 2);
insert into przedmiot (id_p, nazwa, min_ilosc) values (44, 'j.niemiecki', 0);
insert into przedmiot (id_p, nazwa, min_ilosc) values (45, 'geografia', 2);
insert into przedmiot (id_p, nazwa, min_ilosc) values (46, 'Prac.Eks.M_U', 2);
insert into przedmiot (id_p, nazwa, min_ilosc) values (47, 'wych.rodz.', 1);
insert into przedmiot (id_p, nazwa, min_ilosc) values (48, 'plastyka', 3);
insert into przedmiot (id_p, nazwa, min_ilosc) values (49, 'Elek.przemys', 3);
insert into przedmiot (id_p, nazwa, min_ilosc) values (50, 'a_i_u_elekt', 3);
insert into przedmiot (id_p, nazwa, min_ilosc) values (51, 'UdPEE', 3);
insert into przedmiot (id_p, nazwa, min_ilosc) values (52, 'UdWEE', 2);
insert into przedmiot (id_p, nazwa, min_ilosc) values (53, 'Ekspl.Eodn', 3);
insert into przedmiot (id_p, nazwa, min_ilosc) values (54, 'Monit.Eodnaw', 1);
insert into przedmiot (id_p, nazwa, min_ilosc) values (55, 'Oddzia.Eodn', 1);
insert into przedmiot (id_p, nazwa, min_ilosc) values (56, 'Pra.Pr.Te.Do', 2);
insert into przedmiot (id_p, nazwa, min_ilosc) values (57, 'Pr.Te.Dok.Ap', 0);
insert into przedmiot (id_p, nazwa, min_ilosc) values (58, 'Podst_ene', 2);
insert into przedmiot (id_p, nazwa, min_ilosc) values (59, 'Rys_tech', 0);
insert into przedmiot (id_p, nazwa, min_ilosc) values (60, 'termodyn', 0);
insert into przedmiot (id_p, nazwa, min_ilosc) values (61, 'Peikiiuec', 0);
insert into przedmiot (id_p, nazwa, min_ilosc) values (62, 'Instal_i_urz', 0);
insert into przedmiot (id_p, nazwa, min_ilosc) values (63, 'Tech_konstr', 1);
insert into przedmiot (id_p, nazwa, min_ilosc) values (64, 'konstr.mech.', 1);
insert into przedmiot (id_p, nazwa, min_ilosc) values (65, 'Eks.Ob.Jd', 0);
insert into przedmiot (id_p, nazwa, min_ilosc) values (66, 'Eudwee', 0);
insert into przedmiot (id_p, nazwa, min_ilosc) values (67, 'Pd.Ene.Jd', 3);
insert into przedmiot (id_p, nazwa, min_ilosc) values (68, 'Prac.Des.Mob', 0);
insert into przedmiot (id_p, nazwa, min_ilosc) values (69, 'Prog.Des.Mob', 1);
insert into przedmiot (id_p, nazwa, min_ilosc) values (70, 'Prog.Obiekt', 3);
insert into przedmiot (id_p, nazwa, min_ilosc) values (71, 'Prac.Pro.Obi', 2);
insert into przedmiot (id_p, nazwa, min_ilosc) values (72, 'Mumiuel', 3);

-- --------------------------------------------------------

--
-- Table structure for table `plan_lekcji`
--

CREATE TABLE `plan_lekcji` (
  `id` bigint(4) NOT NULL,
  `numer_k` char(2) DEFAULT NULL,
  `id_p` bigint(2) DEFAULT NULL,
  `skrot` char(2) DEFAULT NULL,
  `numer_s` varchar(4) DEFAULT NULL,
  `id_g` bigint(2) DEFAULT NULL,
  `dzien` varchar(2) DEFAULT NULL
);
insert into plan_lekcji (id, numer_k, id_p, skrot, numer_s, id_g, dzien) values (1, '1B', 28, 'MH', '304', 7, 'pn');
insert into plan_lekcji (id, numer_k, id_p, skrot, numer_s, id_g, dzien) values (2, '2E', 52, 'PG', '08', 2, 'cz');
insert into plan_lekcji (id, numer_k, id_p, skrot, numer_s, id_g, dzien) values (3, '2G', 52, 'CA', 'P1_d', 3, 'cz');
insert into plan_lekcji (id, numer_k, id_p, skrot, numer_s, id_g, dzien) values (4, '2O', 30, 'AU', '326', 5, 'wt');
insert into plan_lekcji (id, numer_k, id_p, skrot, numer_s, id_g, dzien) values (5, '3G', 18, 'US', '314', 9, 'cz');
insert into plan_lekcji (id, numer_k, id_p, skrot, numer_s, id_g, dzien) values (6, '2K', 49, 'BZ', '19', 4, 'pn');
insert into plan_lekcji (id, numer_k, id_p, skrot, numer_s, id_g, dzien) values (7, '2O', 71, 'GB', '306', 8, 'pt');
insert into plan_lekcji (id, numer_k, id_p, skrot, numer_s, id_g, dzien) values (8, '1B', 30, 'PG', 'WF_2', 3, 'pn');
insert into plan_lekcji (id, numer_k, id_p, skrot, numer_s, id_g, dzien) values (9, '2D', 17, 'CA', 'P1_d', 9, 'cz');
insert into plan_lekcji (id, numer_k, id_p, skrot, numer_s, id_g, dzien) values (10, '3K', 62, 'FR', '306', 5, 'sr');
insert into plan_lekcji (id, numer_k, id_p, skrot, numer_s, id_g, dzien) values (11, '3O', 68, 'US', '311', 1, 'pt');
insert into plan_lekcji (id, numer_k, id_p, skrot, numer_s, id_g, dzien) values (12, '1F', 49, 'US', '204', 10, 'sr');
insert into plan_lekcji (id, numer_k, id_p, skrot, numer_s, id_g, dzien) values (13, '2G', 56, 'CA', '206', 4, 'wt');
insert into plan_lekcji (id, numer_k, id_p, skrot, numer_s, id_g, dzien) values (14, '3C', 62, 'EC', '326', 6, 'sr');
insert into plan_lekcji (id, numer_k, id_p, skrot, numer_s, id_g, dzien) values (15, '1P', 40, 'BR', '204', 6, 'cz');
insert into plan_lekcji (id, numer_k, id_p, skrot, numer_s, id_g, dzien) values (16, '3F', 71, 'AU', '328', 2, 'wt');
insert into plan_lekcji (id, numer_k, id_p, skrot, numer_s, id_g, dzien) values (17, '2D', 38, 'PS', '214', 7, 'sr');
insert into plan_lekcji (id, numer_k, id_p, skrot, numer_s, id_g, dzien) values (18, '3O', 11, 'AU', '305', 10, 'sr');
insert into plan_lekcji (id, numer_k, id_p, skrot, numer_s, id_g, dzien) values (19, '1F', 71, 'MR', '6', 10, 'pt');
insert into plan_lekcji (id, numer_k, id_p, skrot, numer_s, id_g, dzien) values (20, '1P', 64, 'US', '328', 3, 'cz');
insert into plan_lekcji (id, numer_k, id_p, skrot, numer_s, id_g, dzien) values (21, '2B', 29, 'US', 'WF_2', 9, 'pn');
insert into plan_lekcji (id, numer_k, id_p, skrot, numer_s, id_g, dzien) values (22, '2D', 27, 'GB', '329', 10, 'cz');
insert into plan_lekcji (id, numer_k, id_p, skrot, numer_s, id_g, dzien) values (23, '3P', 48, 'AR', '134', 2, 'pn');
insert into plan_lekcji (id, numer_k, id_p, skrot, numer_s, id_g, dzien) values (24, '2K', 25, 'PG', 'czyt', 9, 'cz');
insert into plan_lekcji (id, numer_k, id_p, skrot, numer_s, id_g, dzien) values (25, '1O', 59, 'MX', '208', 6, 'cz');
insert into plan_lekcji (id, numer_k, id_p, skrot, numer_s, id_g, dzien) values (26, '2F', 16, 'SR', '212', 6, 'pn');
insert into plan_lekcji (id, numer_k, id_p, skrot, numer_s, id_g, dzien) values (27, '3B', 30, 'TR', '307', 7, 'pn');
insert into plan_lekcji (id, numer_k, id_p, skrot, numer_s, id_g, dzien) values (28, '1F', 31, 'JP', '320', 3, 'sr');
insert into plan_lekcji (id, numer_k, id_p, skrot, numer_s, id_g, dzien) values (29, '1D', 50, 'US', '211', 7, 'pn');
insert into plan_lekcji (id, numer_k, id_p, skrot, numer_s, id_g, dzien) values (30, '2F', 43, 'NO', '135', 1, 'pt');
insert into plan_lekcji (id, numer_k, id_p, skrot, numer_s, id_g, dzien) values (31, '1F', 70, 'VU', '229', 4, 'sr');
insert into plan_lekcji (id, numer_k, id_p, skrot, numer_s, id_g, dzien) values (32, '2K', 48, 'RU', 'czyt', 6, 'pt');
insert into plan_lekcji (id, numer_k, id_p, skrot, numer_s, id_g, dzien) values (33, '1P', 72, 'US', '119', 7, 'sr');
insert into plan_lekcji (id, numer_k, id_p, skrot, numer_s, id_g, dzien) values (34, '1D', 39, 'BF', '143', 6, 'pn');
insert into plan_lekcji (id, numer_k, id_p, skrot, numer_s, id_g, dzien) values (35, '1P', 51, 'CI', '307', 8, 'cz');
insert into plan_lekcji (id, numer_k, id_p, skrot, numer_s, id_g, dzien) values (36, '3E', 44, 'BR', 'WF_7', 10, 'cz');
insert into plan_lekcji (id, numer_k, id_p, skrot, numer_s, id_g, dzien) values (37, '3C', 63, 'CL', '328', 8, 'cz');
insert into plan_lekcji (id, numer_k, id_p, skrot, numer_s, id_g, dzien) values (38, '1P', 5, 'DZ', '323', 9, 'sr');
insert into plan_lekcji (id, numer_k, id_p, skrot, numer_s, id_g, dzien) values (39, '1F', 67, 'US', 'WF_5', 9, 'pt');
insert into plan_lekcji (id, numer_k, id_p, skrot, numer_s, id_g, dzien) values (40, '3F', 62, 'ZA', '208', 5, 'pt');
insert into plan_lekcji (id, numer_k, id_p, skrot, numer_s, id_g, dzien) values (41, '2E', 34, 'CA', 'czyt', 5, 'sr');
insert into plan_lekcji (id, numer_k, id_p, skrot, numer_s, id_g, dzien) values (42, '3B', 5, 'US', '321', 9, 'wt');
insert into plan_lekcji (id, numer_k, id_p, skrot, numer_s, id_g, dzien) values (43, '2D', 65, 'AU', 'WF_3', 8, 'cz');
insert into plan_lekcji (id, numer_k, id_p, skrot, numer_s, id_g, dzien) values (44, '3E', 51, 'US', 'CKP2', 6, 'wt');
insert into plan_lekcji (id, numer_k, id_p, skrot, numer_s, id_g, dzien) values (45, '3P', 54, 'ID', '205', 2, 'sr');
insert into plan_lekcji (id, numer_k, id_p, skrot, numer_s, id_g, dzien) values (46, '1D', 22, 'BQ', '144', 1, 'sr');
insert into plan_lekcji (id, numer_k, id_p, skrot, numer_s, id_g, dzien) values (47, '2C', 51, 'NO', 'WF_3', 5, 'wt');
insert into plan_lekcji (id, numer_k, id_p, skrot, numer_s, id_g, dzien) values (48, '3C', 34, 'HU', '304', 7, 'pn');
insert into plan_lekcji (id, numer_k, id_p, skrot, numer_s, id_g, dzien) values (49, '3B', 28, 'RU', '21', 9, 'cz');
insert into plan_lekcji (id, numer_k, id_p, skrot, numer_s, id_g, dzien) values (50, '3C', 70, 'US', '119', 9, 'pt');
insert into plan_lekcji (id, numer_k, id_p, skrot, numer_s, id_g, dzien) values (51, '3G', 12, 'HT', 'P1_d', 7, 'cz');
insert into plan_lekcji (id, numer_k, id_p, skrot, numer_s, id_g, dzien) values (52, '2O', 6, 'US', '305', 3, 'cz');
insert into plan_lekcji (id, numer_k, id_p, skrot, numer_s, id_g, dzien) values (53, '2E', 3, 'HN', '204', 6, 'sr');
insert into plan_lekcji (id, numer_k, id_p, skrot, numer_s, id_g, dzien) values (54, '2K', 40, 'OM', '21', 2, 'pt');
insert into plan_lekcji (id, numer_k, id_p, skrot, numer_s, id_g, dzien) values (55, '3E', 46, 'US', '323', 8, 'wt');
insert into plan_lekcji (id, numer_k, id_p, skrot, numer_s, id_g, dzien) values (56, '2O', 36, 'AU', '314', 5, 'sr');
insert into plan_lekcji (id, numer_k, id_p, skrot, numer_s, id_g, dzien) values (57, '2O', 66, 'US', '319', 7, 'wt');
insert into plan_lekcji (id, numer_k, id_p, skrot, numer_s, id_g, dzien) values (58, '1P', 27, 'ME', 'WF_4', 10, 'wt');
insert into plan_lekcji (id, numer_k, id_p, skrot, numer_s, id_g, dzien) values (59, '2O', 3, 'US', 'WF_5', 3, 'sr');
insert into plan_lekcji (id, numer_k, id_p, skrot, numer_s, id_g, dzien) values (60, '2P', 28, 'CA', '211', 4, 'cz');
insert into plan_lekcji (id, numer_k, id_p, skrot, numer_s, id_g, dzien) values (61, '2C', 38, 'US', '223', 2, 'cz');
insert into plan_lekcji (id, numer_k, id_p, skrot, numer_s, id_g, dzien) values (62, '2E', 24, 'SA', '313', 5, 'wt');
insert into plan_lekcji (id, numer_k, id_p, skrot, numer_s, id_g, dzien) values (63, '3F', 33, 'BF', '133', 5, 'pt');
insert into plan_lekcji (id, numer_k, id_p, skrot, numer_s, id_g, dzien) values (64, '3O', 28, 'BR', '314', 1, 'cz');
insert into plan_lekcji (id, numer_k, id_p, skrot, numer_s, id_g, dzien) values (65, '3O', 70, 'MM', '211', 3, 'sr');
insert into plan_lekcji (id, numer_k, id_p, skrot, numer_s, id_g, dzien) values (66, '3E', 66, 'BR', 'P2_o', 9, 'cz');
insert into plan_lekcji (id, numer_k, id_p, skrot, numer_s, id_g, dzien) values (67, '2K', 44, 'VN', '135', 2, 'cz');
insert into plan_lekcji (id, numer_k, id_p, skrot, numer_s, id_g, dzien) values (68, '3P', 20, 'US', '311', 8, 'cz');
insert into plan_lekcji (id, numer_k, id_p, skrot, numer_s, id_g, dzien) values (69, '2F', 24, 'AU', '08', 10, 'wt');
insert into plan_lekcji (id, numer_k, id_p, skrot, numer_s, id_g, dzien) values (70, '2O', 7, 'AU', '326', 3, 'wt');
insert into plan_lekcji (id, numer_k, id_p, skrot, numer_s, id_g, dzien) values (71, '2F', 9, 'VE', '319', 2, 'wt');
insert into plan_lekcji (id, numer_k, id_p, skrot, numer_s, id_g, dzien) values (72, '2P', 49, 'LY', '133', 9, 'wt');


CREATE TABLE `przedmiot_klasa` (
  `numer_k` char(2) NOT NULL,
  `id_p` bigint(2) NOT NULL
);
insert into przedmiot_klasa (numer_k, id_p) values ('3G', 28);
insert into przedmiot_klasa (numer_k, id_p) values ('2B', 18);
insert into przedmiot_klasa (numer_k, id_p) values ('1E', 9);
insert into przedmiot_klasa (numer_k, id_p) values ('2C', 30);
insert into przedmiot_klasa (numer_k, id_p) values ('1P', 43);
insert into przedmiot_klasa (numer_k, id_p) values ('1F', 67);
insert into przedmiot_klasa (numer_k, id_p) values ('3F', 26);
insert into przedmiot_klasa (numer_k, id_p) values ('3E', 10);
insert into przedmiot_klasa (numer_k, id_p) values ('3O', 44);
insert into przedmiot_klasa (numer_k, id_p) values ('2D', 61);
insert into przedmiot_klasa (numer_k, id_p) values ('2D', 17);
insert into przedmiot_klasa (numer_k, id_p) values ('1D', 61);
insert into przedmiot_klasa (numer_k, id_p) values ('3B', 53);
insert into przedmiot_klasa (numer_k, id_p) values ('3B', 63);
insert into przedmiot_klasa (numer_k, id_p) values ('1P', 59);
insert into przedmiot_klasa (numer_k, id_p) values ('1D', 54);
insert into przedmiot_klasa (numer_k, id_p) values ('3E', 55);
insert into przedmiot_klasa (numer_k, id_p) values ('2F', 64);
insert into przedmiot_klasa (numer_k, id_p) values ('2P', 44);
insert into przedmiot_klasa (numer_k, id_p) values ('1B', 33);
insert into przedmiot_klasa (numer_k, id_p) values ('3B', 17);
insert into przedmiot_klasa (numer_k, id_p) values ('1O', 24);
insert into przedmiot_klasa (numer_k, id_p) values ('2D', 71);
insert into przedmiot_klasa (numer_k, id_p) values ('3G', 60);
insert into przedmiot_klasa (numer_k, id_p) values ('3B', 1);
insert into przedmiot_klasa (numer_k, id_p) values ('3P', 41);
insert into przedmiot_klasa (numer_k, id_p) values ('2P', 47);
insert into przedmiot_klasa (numer_k, id_p) values ('2O', 43);
insert into przedmiot_klasa (numer_k, id_p) values ('1D', 13);
insert into przedmiot_klasa (numer_k, id_p) values ('2P', 43);
insert into przedmiot_klasa (numer_k, id_p) values ('2P', 46);
insert into przedmiot_klasa (numer_k, id_p) values ('1P', 33);
insert into przedmiot_klasa (numer_k, id_p) values ('2C', 39);
insert into przedmiot_klasa (numer_k, id_p) values ('2K', 18);
insert into przedmiot_klasa (numer_k, id_p) values ('3O', 41);
insert into przedmiot_klasa (numer_k, id_p) values ('1O', 14);
insert into przedmiot_klasa (numer_k, id_p) values ('3G', 37);
insert into przedmiot_klasa (numer_k, id_p) values ('3K', 68);
insert into przedmiot_klasa (numer_k, id_p) values ('3F', 36);
insert into przedmiot_klasa (numer_k, id_p) values ('2D', 58);
insert into przedmiot_klasa (numer_k, id_p) values ('2F', 30);
insert into przedmiot_klasa (numer_k, id_p) values ('2F', 25);
insert into przedmiot_klasa (numer_k, id_p) values ('3P', 69);
insert into przedmiot_klasa (numer_k, id_p) values ('3O', 59);
insert into przedmiot_klasa (numer_k, id_p) values ('1F', 56);
insert into przedmiot_klasa (numer_k, id_p) values ('1O', 64);
insert into przedmiot_klasa (numer_k, id_p) values ('3K', 17);
insert into przedmiot_klasa (numer_k, id_p) values ('2C', 52);
insert into przedmiot_klasa (numer_k, id_p) values ('2G', 57);
insert into przedmiot_klasa (numer_k, id_p) values ('1F', 39);
insert into przedmiot_klasa (numer_k, id_p) values ('3O', 5);
insert into przedmiot_klasa (numer_k, id_p) values ('3P', 53);
insert into przedmiot_klasa (numer_k, id_p) values ('2C', 25);
insert into przedmiot_klasa (numer_k, id_p) values ('3C', 20);
insert into przedmiot_klasa (numer_k, id_p) values ('2P', 18);
insert into przedmiot_klasa (numer_k, id_p) values ('3D', 38);
insert into przedmiot_klasa (numer_k, id_p) values ('1F', 63);
insert into przedmiot_klasa (numer_k, id_p) values ('2C', 2);
insert into przedmiot_klasa (numer_k, id_p) values ('2F', 50);
insert into przedmiot_klasa (numer_k, id_p) values ('3D', 39);
insert into przedmiot_klasa (numer_k, id_p) values ('2F', 54);
insert into przedmiot_klasa (numer_k, id_p) values ('3G', 69);
insert into przedmiot_klasa (numer_k, id_p) values ('3G', 25);
insert into przedmiot_klasa (numer_k, id_p) values ('2G', 51);
insert into przedmiot_klasa (numer_k, id_p) values ('3B', 56);
insert into przedmiot_klasa (numer_k, id_p) values ('3O', 50);
insert into przedmiot_klasa (numer_k, id_p) values ('3F', 8);
insert into przedmiot_klasa (numer_k, id_p) values ('1D', 68);
insert into przedmiot_klasa (numer_k, id_p) values ('2B', 29);
insert into przedmiot_klasa (numer_k, id_p) values ('2G', 50);
insert into przedmiot_klasa (numer_k, id_p) values ('3F', 24);
insert into przedmiot_klasa (numer_k, id_p) values ('3K', 45);
insert into przedmiot_klasa (numer_k, id_p) values ('2B', 66);
insert into przedmiot_klasa (numer_k, id_p) values ('2P', 14);
insert into przedmiot_klasa (numer_k, id_p) values ('2B', 67);
insert into przedmiot_klasa (numer_k, id_p) values ('1D', 68);
insert into przedmiot_klasa (numer_k, id_p) values ('2P', 57);
insert into przedmiot_klasa (numer_k, id_p) values ('2P', 58);
insert into przedmiot_klasa (numer_k, id_p) values ('3D', 68);
insert into przedmiot_klasa (numer_k, id_p) values ('1E', 14);
insert into przedmiot_klasa (numer_k, id_p) values ('3G', 35);
insert into przedmiot_klasa (numer_k, id_p) values ('3B', 19);
insert into przedmiot_klasa (numer_k, id_p) values ('2K', 52);
insert into przedmiot_klasa (numer_k, id_p) values ('2F', 23);
insert into przedmiot_klasa (numer_k, id_p) values ('3G', 70);
insert into przedmiot_klasa (numer_k, id_p) values ('1B', 5);
insert into przedmiot_klasa (numer_k, id_p) values ('3K', 40);
insert into przedmiot_klasa (numer_k, id_p) values ('3O', 70);
insert into przedmiot_klasa (numer_k, id_p) values ('2F', 63);
insert into przedmiot_klasa (numer_k, id_p) values ('2F', 10);
insert into przedmiot_klasa (numer_k, id_p) values ('3K', 42);
insert into przedmiot_klasa (numer_k, id_p) values ('2B', 1);
insert into przedmiot_klasa (numer_k, id_p) values ('2C', 20);
insert into przedmiot_klasa (numer_k, id_p) values ('3G', 16);
insert into przedmiot_klasa (numer_k, id_p) values ('1D', 40);
insert into przedmiot_klasa (numer_k, id_p) values ('3B', 65);
insert into przedmiot_klasa (numer_k, id_p) values ('2O', 16);
insert into przedmiot_klasa (numer_k, id_p) values ('1F', 34);
insert into przedmiot_klasa (numer_k, id_p) values ('1E', 45);
insert into przedmiot_klasa (numer_k, id_p) values ('3C', 60);
insert into przedmiot_klasa (numer_k, id_p) values ('1O', 18);
insert into przedmiot_klasa (numer_k, id_p) values ('2D', 52);
insert into przedmiot_klasa (numer_k, id_p) values ('2E', 55);
insert into przedmiot_klasa (numer_k, id_p) values ('2O', 18);
insert into przedmiot_klasa (numer_k, id_p) values ('3P', 41);
insert into przedmiot_klasa (numer_k, id_p) values ('1O', 60);
insert into przedmiot_klasa (numer_k, id_p) values ('1D', 5);
insert into przedmiot_klasa (numer_k, id_p) values ('1F', 29);
insert into przedmiot_klasa (numer_k, id_p) values ('1D', 34);
insert into przedmiot_klasa (numer_k, id_p) values ('2G', 36);
insert into przedmiot_klasa (numer_k, id_p) values ('3E', 44);
insert into przedmiot_klasa (numer_k, id_p) values ('3E', 36);
insert into przedmiot_klasa (numer_k, id_p) values ('1O', 8);
insert into przedmiot_klasa (numer_k, id_p) values ('3C', 71);
insert into przedmiot_klasa (numer_k, id_p) values ('2C', 43);
insert into przedmiot_klasa (numer_k, id_p) values ('3C', 67);
insert into przedmiot_klasa (numer_k, id_p) values ('1P', 70);
insert into przedmiot_klasa (numer_k, id_p) values ('2P', 54);
insert into przedmiot_klasa (numer_k, id_p) values ('1O', 6);
insert into przedmiot_klasa (numer_k, id_p) values ('2P', 55);
insert into przedmiot_klasa (numer_k, id_p) values ('2E', 21);
insert into przedmiot_klasa (numer_k, id_p) values ('1P', 19);
insert into przedmiot_klasa (numer_k, id_p) values ('2O', 18);
insert into przedmiot_klasa (numer_k, id_p) values ('2P', 45);
insert into przedmiot_klasa (numer_k, id_p) values ('3E', 58);
insert into przedmiot_klasa (numer_k, id_p) values ('1E', 69);
insert into przedmiot_klasa (numer_k, id_p) values ('3E', 24);
insert into przedmiot_klasa (numer_k, id_p) values ('2P', 51);
insert into przedmiot_klasa (numer_k, id_p) values ('1P', 23);
insert into przedmiot_klasa (numer_k, id_p) values ('2G', 10);
insert into przedmiot_klasa (numer_k, id_p) values ('2G', 18);
insert into przedmiot_klasa (numer_k, id_p) values ('2P', 18);
insert into przedmiot_klasa (numer_k, id_p) values ('2D', 58);
insert into przedmiot_klasa (numer_k, id_p) values ('3K', 64);
insert into przedmiot_klasa (numer_k, id_p) values ('2F', 61);
insert into przedmiot_klasa (numer_k, id_p) values ('2F', 28);
insert into przedmiot_klasa (numer_k, id_p) values ('3K', 20);
insert into przedmiot_klasa (numer_k, id_p) values ('1B', 59);
insert into przedmiot_klasa (numer_k, id_p) values ('3B', 66);
insert into przedmiot_klasa (numer_k, id_p) values ('1P', 60);
insert into przedmiot_klasa (numer_k, id_p) values ('1D', 61);
insert into przedmiot_klasa (numer_k, id_p) values ('3F', 47);
insert into przedmiot_klasa (numer_k, id_p) values ('1F', 13);
insert into przedmiot_klasa (numer_k, id_p) values ('2K', 55);
insert into przedmiot_klasa (numer_k, id_p) values ('3F', 45);
insert into przedmiot_klasa (numer_k, id_p) values ('2C', 52);
insert into przedmiot_klasa (numer_k, id_p) values ('2P', 41);
insert into przedmiot_klasa (numer_k, id_p) values ('3O', 65);
insert into przedmiot_klasa (numer_k, id_p) values ('1B', 7);
insert into przedmiot_klasa (numer_k, id_p) values ('2D', 18);
insert into przedmiot_klasa (numer_k, id_p) values ('2G', 57);
insert into przedmiot_klasa (numer_k, id_p) values ('2B', 5);
insert into przedmiot_klasa (numer_k, id_p) values ('3K', 72);
insert into przedmiot_klasa (numer_k, id_p) values ('2F', 33);
insert into przedmiot_klasa (numer_k, id_p) values ('1O', 13);
insert into przedmiot_klasa (numer_k, id_p) values ('1E', 39);
insert into przedmiot_klasa (numer_k, id_p) values ('3F', 47);
insert into przedmiot_klasa (numer_k, id_p) values ('2P', 34);
insert into przedmiot_klasa (numer_k, id_p) values ('2G', 13);
insert into przedmiot_klasa (numer_k, id_p) values ('2P', 36);
insert into przedmiot_klasa (numer_k, id_p) values ('1O', 24);
insert into przedmiot_klasa (numer_k, id_p) values ('3K', 44);
insert into przedmiot_klasa (numer_k, id_p) values ('1F', 47);
insert into przedmiot_klasa (numer_k, id_p) values ('2O', 36);
insert into przedmiot_klasa (numer_k, id_p) values ('3B', 31);
insert into przedmiot_klasa (numer_k, id_p) values ('1B', 7);
insert into przedmiot_klasa (numer_k, id_p) values ('1F', 22);
insert into przedmiot_klasa (numer_k, id_p) values ('2K', 49);
insert into przedmiot_klasa (numer_k, id_p) values ('2F', 33);
insert into przedmiot_klasa (numer_k, id_p) values ('2O', 52);
insert into przedmiot_klasa (numer_k, id_p) values ('1P', 22);
insert into przedmiot_klasa (numer_k, id_p) values ('2D', 68);
insert into przedmiot_klasa (numer_k, id_p) values ('3O', 49);
insert into przedmiot_klasa (numer_k, id_p) values ('3E', 43);
insert into przedmiot_klasa (numer_k, id_p) values ('1F', 22);
insert into przedmiot_klasa (numer_k, id_p) values ('3O', 72);
insert into przedmiot_klasa (numer_k, id_p) values ('1F', 49);
insert into przedmiot_klasa (numer_k, id_p) values ('2E', 41);
insert into przedmiot_klasa (numer_k, id_p) values ('2F', 53);
insert into przedmiot_klasa (numer_k, id_p) values ('3F', 40);
insert into przedmiot_klasa (numer_k, id_p) values ('1F', 54);
insert into przedmiot_klasa (numer_k, id_p) values ('3D', 32);
insert into przedmiot_klasa (numer_k, id_p) values ('2D', 61);
insert into przedmiot_klasa (numer_k, id_p) values ('3E', 57);
insert into przedmiot_klasa (numer_k, id_p) values ('3D', 4);
insert into przedmiot_klasa (numer_k, id_p) values ('2O', 14);
insert into przedmiot_klasa (numer_k, id_p) values ('3F', 20);
insert into przedmiot_klasa (numer_k, id_p) values ('1B', 38);
insert into przedmiot_klasa (numer_k, id_p) values ('1F', 38);
insert into przedmiot_klasa (numer_k, id_p) values ('3D', 61);
insert into przedmiot_klasa (numer_k, id_p) values ('1O', 45);
insert into przedmiot_klasa (numer_k, id_p) values ('2G', 66);
insert into przedmiot_klasa (numer_k, id_p) values ('2O', 65);
insert into przedmiot_klasa (numer_k, id_p) values ('3E', 68);
insert into przedmiot_klasa (numer_k, id_p) values ('3E', 40);
insert into przedmiot_klasa (numer_k, id_p) values ('2O', 64);
insert into przedmiot_klasa (numer_k, id_p) values ('2P', 38);
insert into przedmiot_klasa (numer_k, id_p) values ('1B', 59);
insert into przedmiot_klasa (numer_k, id_p) values ('3P', 63);
insert into przedmiot_klasa (numer_k, id_p) values ('1O', 24);

-- --------------------------------------------------------

--
-- Table structure for table `sala`
--

CREATE TABLE `sala` (
  `numer` varchar(4) NOT NULL,
  `rozmiar` int(2) NOT NULL,
  `typ` varchar(17) NOT NULL,
  `wychowawca` char(2) DEFAULT NULL
) ENGINE=InnoDB DEFAULT CHARSET=utf8mb4 COLLATE=utf8mb4_general_ci;

insert into sala (numer, rozmiar, typ, wychowawca) values ('P2_o', 2, 'historyczna', 'IN');
insert into sala (numer, rozmiar, typ, wychowawca) values ('319', 2, 'jezykowa', 'MY');
insert into sala (numer, rozmiar, typ, wychowawca) values ('WF_7', 1, 'historyczna', 'VU');
insert into sala (numer, rozmiar, typ, wychowawca) values ('6', 2, 'matematyczna', 'CA');
insert into sala (numer, rozmiar, typ, wychowawca) values ('WF_1', 2, 'komputerowa', 'AU');
insert into sala (numer, rozmiar, typ, wychowawca) values ('czyt', 1, 'religijna', 'BF');
insert into sala (numer, rozmiar, typ, wychowawca) values ('223', 1, 'bio-chem', 'PE');
insert into sala (numer, rozmiar, typ, wychowawca) values ('WF_6', 1, 'elektryczna', 'PL');
insert into sala (numer, rozmiar, typ, wychowawca) values ('6', 2, 'wf', 'ID');
insert into sala (numer, rozmiar, typ, wychowawca) values ('WF_7', 2, 'inne', 'ID');
insert into sala (numer, rozmiar, typ, wychowawca) values ('CKP2', 1, 'komputerowa', 'TR');
insert into sala (numer, rozmiar, typ, wychowawca) values ('135', 2, 'bio-chem', 'US');
insert into sala (numer, rozmiar, typ, wychowawca) values ('313', 1, 'bio-chem', 'SK');
insert into sala (numer, rozmiar, typ, wychowawca) values ('223', 2, 'komputerowa', 'AU');
insert into sala (numer, rozmiar, typ, wychowawca) values ('321', 2, 'historyczna', 'DO');
insert into sala (numer, rozmiar, typ, wychowawca) values ('6', 1, 'inne', 'FR');
insert into sala (numer, rozmiar, typ, wychowawca) values ('135', 2, 'jezykowa', 'BR');
insert into sala (numer, rozmiar, typ, wychowawca) values ('329', 1, 'historyczna', 'KY');
insert into sala (numer, rozmiar, typ, wychowawca) values ('320', 2, 'jezykowa', 'US');
insert into sala (numer, rozmiar, typ, wychowawca) values ('206', 1, 'cieplna', 'AU');
insert into sala (numer, rozmiar, typ, wychowawca) values ('319', 2, 'bio-chem', 'GB');
insert into sala (numer, rozmiar, typ, wychowawca) values ('225', 2, 'religijna', 'IE');
insert into sala (numer, rozmiar, typ, wychowawca) values ('204', 1, 'religijna', 'BR');
insert into sala (numer, rozmiar, typ, wychowawca) values ('119', 1, 'komputerowa', 'MY');
insert into sala (numer, rozmiar, typ, wychowawca) values ('5', 2, 'inne', 'AU');
insert into sala (numer, rozmiar, typ, wychowawca) values ('WF_1', 2, 'cieplna', 'CN');
insert into sala (numer, rozmiar, typ, wychowawca) values ('230', 2, 'wf', 'AU');
insert into sala (numer, rozmiar, typ, wychowawca) values ('21', 1, 'inne', 'US');
insert into sala (numer, rozmiar, typ, wychowawca) values ('321', 1, 'matematyczna', 'US');
insert into sala (numer, rozmiar, typ, wychowawca) values ('119', 2, 'matematyczna', 'KH');
insert into sala (numer, rozmiar, typ, wychowawca) values ('326', 1, 'komputerowa', 'CA');
insert into sala (numer, rozmiar, typ, wychowawca) values ('18', 2, 'elektryczna', 'AU');
insert into sala (numer, rozmiar, typ, wychowawca) values ('CKP2', 2, 'religijna', 'NP');
insert into sala (numer, rozmiar, typ, wychowawca) values ('307', 2, 'historyczna', 'CA');
insert into sala (numer, rozmiar, typ, wychowawca) values ('319', 2, 'cieplna', 'US');
insert into sala (numer, rozmiar, typ, wychowawca) values ('222', 2, 'historyczna', 'ID');
insert into sala (numer, rozmiar, typ, wychowawca) values ('311', 2, 'elektryczna', 'US');
insert into sala (numer, rozmiar, typ, wychowawca) values ('314', 1, 'komputerowa', 'IT');
insert into sala (numer, rozmiar, typ, wychowawca) values ('WF_3', 1, 'bio-chem', 'CA');
insert into sala (numer, rozmiar, typ, wychowawca) values ('326', 2, 'jezykowa', 'PA');
insert into sala (numer, rozmiar, typ, wychowawca) values ('WF_4', 1, 'bio-chem', 'CA');
insert into sala (numer, rozmiar, typ, wychowawca) values ('305', 1, 'wf', 'US');
insert into sala (numer, rozmiar, typ, wychowawca) values ('320', 1, 'komputerowa', 'MG');
insert into sala (numer, rozmiar, typ, wychowawca) values ('204', 1, 'elektryczna', 'DE');
insert into sala (numer, rozmiar, typ, wychowawca) values ('212', 2, 'wf', 'DZ');
insert into sala (numer, rozmiar, typ, wychowawca) values ('CKP2', 1, 'inne', 'CK');
insert into sala (numer, rozmiar, typ, wychowawca) values ('P2_o', 2, 'religijna', 'KH');
insert into sala (numer, rozmiar, typ, wychowawca) values ('206', 2, 'wf', 'ID');
insert into sala (numer, rozmiar, typ, wychowawca) values ('204', 2, 'inne', 'BO');
insert into sala (numer, rozmiar, typ, wychowawca) values ('134', 2, 'jezykowa', 'BR');
insert into sala (numer, rozmiar, typ, wychowawca) values ('327', 2, 'matematyczna', 'MX');
insert into sala (numer, rozmiar, typ, wychowawca) values ('211', 2, 'bio-chem', 'PG');
insert into sala (numer, rozmiar, typ, wychowawca) values ('305', 1, 'bio-chem', 'AU');
insert into sala (numer, rozmiar, typ, wychowawca) values ('327', 2, 'bio-chem', 'CO');
insert into sala (numer, rozmiar, typ, wychowawca) values ('143', 1, 'cieplna', 'US');
insert into sala (numer, rozmiar, typ, wychowawca) values ('304', 2, 'cieplna', 'AU');
insert into sala (numer, rozmiar, typ, wychowawca) values ('P3_e', 2, 'matematyczna', 'US');
insert into sala (numer, rozmiar, typ, wychowawca) values ('329', 2, 'matematyczna', 'GR');
insert into sala (numer, rozmiar, typ, wychowawca) values ('08', 1, 'jezykowa', 'SZ');
insert into sala (numer, rozmiar, typ, wychowawca) values ('328', 2, 'cieplna', 'KR');
insert into sala (numer, rozmiar, typ, wychowawca) values ('224', 2, 'jezykowa', 'CN');
insert into sala (numer, rozmiar, typ, wychowawca) values ('209', 1, 'historyczna', 'AR');
insert into sala (numer, rozmiar, typ, wychowawca) values ('320', 2, 'inne', 'LS');
insert into sala (numer, rozmiar, typ, wychowawca) values ('WF_7', 1, 'inne', 'CC');
insert into sala (numer, rozmiar, typ, wychowawca) values ('204', 1, 'historyczna', 'CN');
insert into sala (numer, rozmiar, typ, wychowawca) values ('222', 1, 'inne', 'CA');
insert into sala (numer, rozmiar, typ, wychowawca) values ('305', 2, 'inne', 'FR');
insert into sala (numer, rozmiar, typ, wychowawca) values ('08', 1, 'wf', 'AU');
insert into sala (numer, rozmiar, typ, wychowawca) values ('WF_5', 2, 'elektryczna', 'VN');
insert into sala (numer, rozmiar, typ, wychowawca) values ('08', 1, 'inne', 'NZ');
insert into sala (numer, rozmiar, typ, wychowawca) values ('116', 1, 'cieplna', 'PK');
insert into sala (numer, rozmiar, typ, wychowawca) values ('231', 1, 'matematyczna', 'FR');
insert into sala (numer, rozmiar, typ, wychowawca) values ('306', 2, 'matematyczna', 'FJ');
insert into sala (numer, rozmiar, typ, wychowawca) values ('231', 1, 'matematyczna', 'CA');
insert into sala (numer, rozmiar, typ, wychowawca) values ('WF_5', 2, 'matematyczna', 'VN');
insert into sala (numer, rozmiar, typ, wychowawca) values ('WF_5', 1, 'wf', 'ZA');
insert into sala (numer, rozmiar, typ, wychowawca) values ('119', 2, 'wf', 'RU');
insert into sala (numer, rozmiar, typ, wychowawca) values ('327', 2, 'komputerowa', 'IN');
insert into sala (numer, rozmiar, typ, wychowawca) values ('142', 2, 'inne', 'US');
insert into sala (numer, rozmiar, typ, wychowawca) values ('328', 2, 'historyczna', 'PW');
insert into sala (numer, rozmiar, typ, wychowawca) values ('142', 1, 'religijna', 'MZ');
insert into sala (numer, rozmiar, typ, wychowawca) values ('205', 2, 'wf', 'US');
insert into sala (numer, rozmiar, typ, wychowawca) values ('134', 1, 'wf', 'AU');
insert into sala (numer, rozmiar, typ, wychowawca) values ('21', 1, 'jezykowa', 'TR');
insert into sala (numer, rozmiar, typ, wychowawca) values ('WF_7', 2, 'jezykowa', 'AU');
insert into sala (numer, rozmiar, typ, wychowawca) values ('225', 2, 'komputerowa', 'CA');
insert into sala (numer, rozmiar, typ, wychowawca) values ('5', 1, 'wf', 'US');
insert into sala (numer, rozmiar, typ, wychowawca) values ('323', 1, 'matematyczna', 'US');
insert into sala (numer, rozmiar, typ, wychowawca) values ('305', 2, 'historyczna', 'PG');
insert into sala (numer, rozmiar, typ, wychowawca) values ('134', 1, 'cieplna', 'AO');
insert into sala (numer, rozmiar, typ, wychowawca) values ('135', 2, 'komputerowa', 'US');
insert into sala (numer, rozmiar, typ, wychowawca) values ('WF_3', 2, 'religijna', 'FR');
insert into sala (numer, rozmiar, typ, wychowawca) values ('208', 2, 'komputerowa', 'CA');
insert into sala (numer, rozmiar, typ, wychowawca) values ('20', 2, 'cieplna', 'CA');
insert into sala (numer, rozmiar, typ, wychowawca) values ('20', 2, 'matematyczna', 'GB');
insert into sala (numer, rozmiar, typ, wychowawca) values ('212', 1, 'bio-chem', 'SA');
insert into sala (numer, rozmiar, typ, wychowawca) values ('304', 2, 'matematyczna', 'US');
insert into sala (numer, rozmiar, typ, wychowawca) values ('229', 2, 'historyczna', 'SZ');
insert into sala (numer, rozmiar, typ, wychowawca) values ('228', 1, 'jezykowa', 'US');
insert into sala (numer, rozmiar, typ, wychowawca) values ('143', 2, 'komputerowa', 'JP');
insert into sala (numer, rozmiar, typ, wychowawca) values ('319', 1, 'jezykowa', 'AT');
insert into sala (numer, rozmiar, typ, wychowawca) values ('204', 1, 'historyczna', 'ES');
insert into sala (numer, rozmiar, typ, wychowawca) values ('231', 2, 'bio-chem', 'UY');
insert into sala (numer, rozmiar, typ, wychowawca) values ('208', 1, 'cieplna', 'IS');
insert into sala (numer, rozmiar, typ, wychowawca) values ('314', 1, 'historyczna', 'US');
insert into sala (numer, rozmiar, typ, wychowawca) values ('326', 2, 'komputerowa', 'AU');
insert into sala (numer, rozmiar, typ, wychowawca) values ('224', 1, 'jezykowa', 'BR');
insert into sala (numer, rozmiar, typ, wychowawca) values ('143', 2, 'cieplna', 'US');
insert into sala (numer, rozmiar, typ, wychowawca) values ('323', 1, 'religijna', 'EC');
insert into sala (numer, rozmiar, typ, wychowawca) values ('321', 1, 'jezykowa', 'NA');
insert into sala (numer, rozmiar, typ, wychowawca) values ('P2_o', 1, 'inne', 'VC');
insert into sala (numer, rozmiar, typ, wychowawca) values ('19', 1, 'historyczna', 'US');
insert into sala (numer, rozmiar, typ, wychowawca) values ('5', 2, 'jezykowa', 'FR');
insert into sala (numer, rozmiar, typ, wychowawca) values ('6', 2, 'jezykowa', 'MX');
insert into sala (numer, rozmiar, typ, wychowawca) values ('CKP2', 2, 'historyczna', 'US');
insert into sala (numer, rozmiar, typ, wychowawca) values ('119', 2, 'elektryczna', 'MZ');
insert into sala (numer, rozmiar, typ, wychowawca) values ('224', 1, 'matematyczna', 'PG');
insert into sala (numer, rozmiar, typ, wychowawca) values ('329', 2, 'elektryczna', 'SN');
insert into sala (numer, rozmiar, typ, wychowawca) values ('305', 1, 'historyczna', 'CN');
insert into sala (numer, rozmiar, typ, wychowawca) values ('211', 2, 'inne', 'BZ');
insert into sala (numer, rozmiar, typ, wychowawca) values ('WF_2', 1, 'jezykowa', 'NO');
insert into sala (numer, rozmiar, typ, wychowawca) values ('21', 1, 'inne', 'KZ');
insert into sala (numer, rozmiar, typ, wychowawca) values ('205', 1, 'matematyczna', 'GR');
insert into sala (numer, rozmiar, typ, wychowawca) values ('319', 2, 'historyczna', 'CD');
insert into sala (numer, rozmiar, typ, wychowawca) values ('326', 2, 'bio-chem', 'CA');
insert into sala (numer, rozmiar, typ, wychowawca) values ('142', 2, 'inne', 'YE');
insert into sala (numer, rozmiar, typ, wychowawca) values ('223', 2, 'jezykowa', 'CL');
insert into sala (numer, rozmiar, typ, wychowawca) values ('321', 1, 'inne', 'US');
insert into sala (numer, rozmiar, typ, wychowawca) values ('134', 1, 'elektryczna', 'ID');
insert into sala (numer, rozmiar, typ, wychowawca) values ('323', 1, 'jezykowa', 'KG');
insert into sala (numer, rozmiar, typ, wychowawca) values ('WF_2', 1, 'religijna', 'BR');
insert into sala (numer, rozmiar, typ, wychowawca) values ('222', 1, 'cieplna', 'US');
insert into sala (numer, rozmiar, typ, wychowawca) values ('135', 2, 'wf', 'DO');
insert into sala (numer, rozmiar, typ, wychowawca) values ('WF_5', 2, 'komputerowa', 'RU');
insert into sala (numer, rozmiar, typ, wychowawca) values ('320', 2, 'cieplna', 'NL');
insert into sala (numer, rozmiar, typ, wychowawca) values ('208', 1, 'jezykowa', 'ET');
insert into sala (numer, rozmiar, typ, wychowawca) values ('311', 1, 'matematyczna', 'CU');
insert into sala (numer, rozmiar, typ, wychowawca) values ('231', 1, 'komputerowa', 'CA');
insert into sala (numer, rozmiar, typ, wychowawca) values ('WF_7', 1, 'cieplna', 'ZM');
insert into sala (numer, rozmiar, typ, wychowawca) values ('08', 1, 'historyczna', 'JP');
insert into sala (numer, rozmiar, typ, wychowawca) values ('5', 2, 'historyczna', 'KH');
insert into sala (numer, rozmiar, typ, wychowawca) values ('225', 1, 'komputerowa', 'TH');
insert into sala (numer, rozmiar, typ, wychowawca) values ('20', 2, 'historyczna', 'PG');
insert into sala (numer, rozmiar, typ, wychowawca) values ('WF_7', 1, 'bio-chem', 'ID');
insert into sala (numer, rozmiar, typ, wychowawca) values ('212', 1, 'jezykowa', 'CL');
insert into sala (numer, rozmiar, typ, wychowawca) values ('CKP2', 1, 'wf', 'CL');
insert into sala (numer, rozmiar, typ, wychowawca) values ('321', 1, 'elektryczna', 'MN');
insert into sala (numer, rozmiar, typ, wychowawca) values ('224', 1, 'inne', 'AU');
insert into sala (numer, rozmiar, typ, wychowawca) values ('135', 1, 'cieplna', 'US');
insert into sala (numer, rozmiar, typ, wychowawca) values ('CKP4', 1, 'matematyczna', 'DZ');
insert into sala (numer, rozmiar, typ, wychowawca) values ('307', 1, 'komputerowa', 'CO');
insert into sala (numer, rozmiar, typ, wychowawca) values ('WF_4', 2, 'elektryczna', 'AR');
insert into sala (numer, rozmiar, typ, wychowawca) values ('6', 1, 'cieplna', 'BM');
insert into sala (numer, rozmiar, typ, wychowawca) values ('116', 1, 'komputerowa', 'CA');
insert into sala (numer, rozmiar, typ, wychowawca) values ('CKP4', 1, 'jezykowa', 'CA');
insert into sala (numer, rozmiar, typ, wychowawca) values ('WF_3', 2, 'historyczna', 'PF');
insert into sala (numer, rozmiar, typ, wychowawca) values ('209', 2, 'historyczna', 'SB');
insert into sala (numer, rozmiar, typ, wychowawca) values ('326', 1, 'bio-chem', 'NA');
insert into sala (numer, rozmiar, typ, wychowawca) values ('P3_e', 2, 'elektryczna', 'PG');
insert into sala (numer, rozmiar, typ, wychowawca) values ('307', 1, 'bio-chem', 'IT');
insert into sala (numer, rozmiar, typ, wychowawca) values ('CKP2', 2, 'komputerowa', 'WS');
insert into sala (numer, rozmiar, typ, wychowawca) values ('21', 2, 'matematyczna', 'US');
insert into sala (numer, rozmiar, typ, wychowawca) values ('321', 2, 'matematyczna', 'CO');
insert into sala (numer, rozmiar, typ, wychowawca) values ('134', 2, 'bio-chem', 'FR');
insert into sala (numer, rozmiar, typ, wychowawca) values ('228', 1, 'inne', 'US');
insert into sala (numer, rozmiar, typ, wychowawca) values ('211', 2, 'cieplna', 'US');
insert into sala (numer, rozmiar, typ, wychowawca) values ('214', 2, 'bio-chem', 'US');
insert into sala (numer, rozmiar, typ, wychowawca) values ('212', 2, 'historyczna', 'IT');
insert into sala (numer, rozmiar, typ, wychowawca) values ('225', 1, 'wf', 'MW');
insert into sala (numer, rozmiar, typ, wychowawca) values ('327', 2, 'matematyczna', 'AU');
insert into sala (numer, rozmiar, typ, wychowawca) values ('WF_6', 2, 'jezykowa', 'KM');
insert into sala (numer, rozmiar, typ, wychowawca) values ('czyt', 1, 'elektryczna', 'IT');
insert into sala (numer, rozmiar, typ, wychowawca) values ('CKP2', 1, 'cieplna', 'IR');
insert into sala (numer, rozmiar, typ, wychowawca) values ('142', 2, 'matematyczna', 'US');
insert into sala (numer, rozmiar, typ, wychowawca) values ('208', 1, 'bio-chem', 'JP');
insert into sala (numer, rozmiar, typ, wychowawca) values ('WF_1', 1, 'jezykowa', 'CA');
insert into sala (numer, rozmiar, typ, wychowawca) values ('135', 1, 'cieplna', 'JP');
insert into sala (numer, rozmiar, typ, wychowawca) values ('321', 1, 'inne', 'HN');
insert into sala (numer, rozmiar, typ, wychowawca) values ('323', 2, 'jezykowa', 'AU');
insert into sala (numer, rozmiar, typ, wychowawca) values ('18', 1, 'religijna', 'CF');
insert into sala (numer, rozmiar, typ, wychowawca) values ('228', 1, 'bio-chem', 'TW');
insert into sala (numer, rozmiar, typ, wychowawca) values ('320', 1, 'wf', 'IS');
insert into sala (numer, rozmiar, typ, wychowawca) values ('322', 2, 'elektryczna', 'US');
insert into sala (numer, rozmiar, typ, wychowawca) values ('224', 1, 'bio-chem', 'US');
insert into sala (numer, rozmiar, typ, wychowawca) values ('224', 1, 'jezykowa', 'US');
insert into sala (numer, rozmiar, typ, wychowawca) values ('223', 1, 'elektryczna', 'US');
insert into sala (numer, rozmiar, typ, wychowawca) values ('czyt', 1, 'bio-chem', 'AU');
insert into sala (numer, rozmiar, typ, wychowawca) values ('CKP2', 2, 'komputerowa', 'IT');
insert into sala (numer, rozmiar, typ, wychowawca) values ('304', 2, 'inne', 'ET');
insert into sala (numer, rozmiar, typ, wychowawca) values ('CKP3', 1, 'wf', 'US');
insert into sala (numer, rozmiar, typ, wychowawca) values ('P3_e', 2, 'matematyczna', 'MG');
insert into sala (numer, rozmiar, typ, wychowawca) values ('P2_o', 1, 'elektryczna', 'BA');
insert into sala (numer, rozmiar, typ, wychowawca) values ('WF_4', 2, 'inne', 'NG');
insert into sala (numer, rozmiar, typ, wychowawca) values ('211', 1, 'wf', 'PF');
insert into sala (numer, rozmiar, typ, wychowawca) values ('WF_2', 2, 'elektryczna', 'TC');
insert into sala (numer, rozmiar, typ, wychowawca) values ('307', 1, 'cieplna', 'IS');
insert into sala (numer, rozmiar, typ, wychowawca) values ('142', 1, 'komputerowa', 'US');
insert into sala (numer, rozmiar, typ, wychowawca) values ('230', 1, 'wf', 'MA');
insert into sala (numer, rozmiar, typ, wychowawca) values ('WF_7', 2, 'bio-chem', 'US');
insert into sala (numer, rozmiar, typ, wychowawca) values ('WF_1', 1, 'wf', 'VE');
