-- phpMyAdmin SQL Dump
-- version 5.2.1
-- https://www.phpmyadmin.net/
--
-- Host: 127.0.0.1
-- Generation Time: Nov 18, 2024 at 10:39 PM
-- Server version: 10.4.32-MariaDB
-- PHP Version: 8.2.12

SET SQL_MODE = "NO_AUTO_VALUE_ON_ZERO";
START TRANSACTION;
SET time_zone = "+00:00";


/*!40101 SET @OLD_CHARACTER_SET_CLIENT=@@CHARACTER_SET_CLIENT */;
/*!40101 SET @OLD_CHARACTER_SET_RESULTS=@@CHARACTER_SET_RESULTS */;
/*!40101 SET @OLD_COLLATION_CONNECTION=@@COLLATION_CONNECTION */;
/*!40101 SET NAMES utf8mb4 */;

--
-- Database: `plan_lekcji`
--

-- --------------------------------------------------------

--
-- Table structure for table `dni_nauczyciele`
--

CREATE TABLE `dni_nauczyciele` (
  `dni` tinyint(4) NOT NULL,
  `godzina` tinyint(4) NOT NULL,
  `id_n` tinyint(4) NOT NULL
) ENGINE=InnoDB DEFAULT CHARSET=utf8mb4 COLLATE=utf8mb4_general_ci;

--
-- Dumping data for table `dni_nauczyciele`
--

INSERT INTO `dni_nauczyciele` (`dni`, `godzina`, `id_n`) VALUES
(1, 1, 3),
(1, 1, 8),
(1, 1, 9),
(1, 1, 12),
(1, 1, 14),
(1, 1, 18),
(1, 1, 20),
(1, 1, 23),
(1, 1, 24),
(1, 1, 29),
(1, 1, 31),
(1, 1, 36),
(1, 1, 44),
(1, 1, 45),
(1, 1, 46),
(1, 1, 48),
(1, 1, 49),
(1, 1, 51),
(1, 1, 58),
(1, 1, 59),
(1, 1, 61),
(1, 1, 62),
(1, 1, 67),
(1, 1, 70),
(1, 1, 71),
(1, 1, 74),
(1, 1, 75),
(1, 1, 82),
(1, 1, 84),
(1, 1, 89),
(1, 1, 90),
(1, 2, 3),
(1, 2, 8),
(1, 2, 9),
(1, 2, 12),
(1, 2, 14),
(1, 2, 16),
(1, 2, 18),
(1, 2, 20),
(1, 2, 21),
(1, 2, 23),
(1, 2, 24),
(1, 2, 29),
(1, 2, 31),
(1, 2, 33),
(1, 2, 36),
(1, 2, 39),
(1, 2, 41),
(1, 2, 44),
(1, 2, 45),
(1, 2, 46),
(1, 2, 47),
(1, 2, 48),
(1, 2, 49),
(1, 2, 50),
(1, 2, 51),
(1, 2, 53),
(1, 2, 54),
(1, 2, 57),
(1, 2, 58),
(1, 2, 59),
(1, 2, 60),
(1, 2, 61),
(1, 2, 62),
(1, 2, 64),
(1, 2, 66),
(1, 2, 67),
(1, 2, 70),
(1, 2, 71),
(1, 2, 74),
(1, 2, 75),
(1, 2, 82),
(1, 2, 83),
(1, 2, 84),
(1, 2, 87),
(1, 2, 89),
(1, 2, 90),
(1, 2, 97),
(1, 3, 3),
(1, 3, 8),
(1, 3, 9),
(1, 3, 10),
(1, 3, 12),
(1, 3, 14),
(1, 3, 16),
(1, 3, 18),
(1, 3, 20),
(1, 3, 21),
(1, 3, 22),
(1, 3, 23),
(1, 3, 24),
(1, 3, 28),
(1, 3, 29),
(1, 3, 30),
(1, 3, 31),
(1, 3, 32),
(1, 3, 33),
(1, 3, 36),
(1, 3, 38),
(1, 3, 39),
(1, 3, 41),
(1, 3, 43),
(1, 3, 44),
(1, 3, 45),
(1, 3, 46),
(1, 3, 47),
(1, 3, 48),
(1, 3, 49),
(1, 3, 50),
(1, 3, 51),
(1, 3, 53),
(1, 3, 54),
(1, 3, 57),
(1, 3, 58),
(1, 3, 59),
(1, 3, 60),
(1, 3, 61),
(1, 3, 62),
(1, 3, 64),
(1, 3, 66),
(1, 3, 67),
(1, 3, 71),
(1, 3, 74),
(1, 3, 75),
(1, 3, 81),
(1, 3, 82),
(1, 3, 83),
(1, 3, 84),
(1, 3, 87),
(1, 3, 89),
(1, 3, 90),
(1, 3, 97),
(1, 4, 3),
(1, 4, 8),
(1, 4, 9),
(1, 4, 10),
(1, 4, 11),
(1, 4, 12),
(1, 4, 14),
(1, 4, 16),
(1, 4, 18),
(1, 4, 20),
(1, 4, 21),
(1, 4, 22),
(1, 4, 23),
(1, 4, 24),
(1, 4, 28),
(1, 4, 29),
(1, 4, 30),
(1, 4, 31),
(1, 4, 32),
(1, 4, 33),
(1, 4, 34),
(1, 4, 36),
(1, 4, 38),
(1, 4, 39),
(1, 4, 41),
(1, 4, 43),
(1, 4, 44),
(1, 4, 46),
(1, 4, 47),
(1, 4, 48),
(1, 4, 49),
(1, 4, 50),
(1, 4, 51),
(1, 4, 53),
(1, 4, 54),
(1, 4, 57),
(1, 4, 58),
(1, 4, 59),
(1, 4, 60),
(1, 4, 61),
(1, 4, 62),
(1, 4, 64),
(1, 4, 66),
(1, 4, 67),
(1, 4, 69),
(1, 4, 71),
(1, 4, 73),
(1, 4, 74),
(1, 4, 75),
(1, 4, 80),
(1, 4, 81),
(1, 4, 82),
(1, 4, 83),
(1, 4, 84),
(1, 4, 87),
(1, 4, 88),
(1, 4, 89),
(1, 4, 90),
(1, 4, 93),
(1, 4, 97),
(1, 4, 98),
(1, 5, 3),
(1, 5, 8),
(1, 5, 9),
(1, 5, 10),
(1, 5, 11),
(1, 5, 12),
(1, 5, 14),
(1, 5, 16),
(1, 5, 18),
(1, 5, 20),
(1, 5, 21),
(1, 5, 22),
(1, 5, 23),
(1, 5, 24),
(1, 5, 28),
(1, 5, 29),
(1, 5, 30),
(1, 5, 31),
(1, 5, 32),
(1, 5, 33),
(1, 5, 34),
(1, 5, 36),
(1, 5, 39),
(1, 5, 41),
(1, 5, 43),
(1, 5, 44),
(1, 5, 46),
(1, 5, 47),
(1, 5, 48),
(1, 5, 49),
(1, 5, 50),
(1, 5, 51),
(1, 5, 52),
(1, 5, 53),
(1, 5, 54),
(1, 5, 57),
(1, 5, 58),
(1, 5, 59),
(1, 5, 60),
(1, 5, 61),
(1, 5, 62),
(1, 5, 66),
(1, 5, 67),
(1, 5, 69),
(1, 5, 71),
(1, 5, 72),
(1, 5, 73),
(1, 5, 75),
(1, 5, 77),
(1, 5, 80),
(1, 5, 81),
(1, 5, 83),
(1, 5, 84),
(1, 5, 87),
(1, 5, 88),
(1, 5, 89),
(1, 5, 90),
(1, 5, 93),
(1, 5, 97),
(1, 5, 98),
(1, 6, 3),
(1, 6, 5),
(1, 6, 8),
(1, 6, 9),
(1, 6, 10),
(1, 6, 11),
(1, 6, 14),
(1, 6, 17),
(1, 6, 18),
(1, 6, 20),
(1, 6, 21),
(1, 6, 23),
(1, 6, 24),
(1, 6, 28),
(1, 6, 29),
(1, 6, 30),
(1, 6, 32),
(1, 6, 33),
(1, 6, 34),
(1, 6, 36),
(1, 6, 39),
(1, 6, 40),
(1, 6, 41),
(1, 6, 43),
(1, 6, 44),
(1, 6, 46),
(1, 6, 47),
(1, 6, 48),
(1, 6, 49),
(1, 6, 50),
(1, 6, 51),
(1, 6, 52),
(1, 6, 53),
(1, 6, 54),
(1, 6, 57),
(1, 6, 58),
(1, 6, 59),
(1, 6, 60),
(1, 6, 61),
(1, 6, 62),
(1, 6, 65),
(1, 6, 67),
(1, 6, 69),
(1, 6, 71),
(1, 6, 72),
(1, 6, 73),
(1, 6, 75),
(1, 6, 77),
(1, 6, 80),
(1, 6, 83),
(1, 6, 84),
(1, 6, 87),
(1, 6, 88),
(1, 6, 89),
(1, 6, 90),
(1, 6, 93),
(1, 6, 98),
(1, 7, 5),
(1, 7, 8),
(1, 7, 9),
(1, 7, 10),
(1, 7, 11),
(1, 7, 14),
(1, 7, 17),
(1, 7, 18),
(1, 7, 20),
(1, 7, 21),
(1, 7, 23),
(1, 7, 24),
(1, 7, 29),
(1, 7, 30),
(1, 7, 32),
(1, 7, 33),
(1, 7, 34),
(1, 7, 39),
(1, 7, 40),
(1, 7, 41),
(1, 7, 43),
(1, 7, 46),
(1, 7, 47),
(1, 7, 48),
(1, 7, 49),
(1, 7, 50),
(1, 7, 51),
(1, 7, 52),
(1, 7, 54),
(1, 7, 57),
(1, 7, 59),
(1, 7, 60),
(1, 7, 61),
(1, 7, 65),
(1, 7, 67),
(1, 7, 71),
(1, 7, 72),
(1, 7, 73),
(1, 7, 75),
(1, 7, 77),
(1, 7, 80),
(1, 7, 83),
(1, 7, 84),
(1, 7, 87),
(1, 7, 88),
(1, 7, 89),
(1, 7, 90),
(1, 7, 93),
(1, 7, 98),
(1, 8, 5),
(1, 8, 8),
(1, 8, 9),
(1, 8, 10),
(1, 8, 11),
(1, 8, 14),
(1, 8, 15),
(1, 8, 17),
(1, 8, 18),
(1, 8, 23),
(1, 8, 24),
(1, 8, 29),
(1, 8, 32),
(1, 8, 34),
(1, 8, 40),
(1, 8, 41),
(1, 8, 46),
(1, 8, 47),
(1, 8, 48),
(1, 8, 50),
(1, 8, 51),
(1, 8, 52),
(1, 8, 54),
(1, 8, 57),
(1, 8, 59),
(1, 8, 61),
(1, 8, 65),
(1, 8, 67),
(1, 8, 71),
(1, 8, 72),
(1, 8, 73),
(1, 8, 75),
(1, 8, 77),
(1, 8, 80),
(1, 8, 83),
(1, 8, 84),
(1, 8, 87),
(1, 8, 88),
(1, 8, 89),
(1, 8, 90),
(1, 8, 98),
(1, 9, 5),
(1, 9, 8),
(1, 9, 9),
(1, 9, 10),
(1, 9, 14),
(1, 9, 15),
(1, 9, 17),
(1, 9, 18),
(1, 9, 23),
(1, 9, 24),
(1, 9, 32),
(1, 9, 34),
(1, 9, 40),
(1, 9, 41),
(1, 9, 46),
(1, 9, 48),
(1, 9, 50),
(1, 9, 51),
(1, 9, 52),
(1, 9, 54),
(1, 9, 59),
(1, 9, 61),
(1, 9, 65),
(1, 9, 71),
(1, 9, 80),
(1, 9, 84),
(1, 9, 87),
(1, 9, 88),
(1, 9, 89),
(1, 9, 90),
(1, 10, 5),
(1, 10, 71),
(1, 10, 90),
(2, 1, 3),
(2, 1, 8),
(2, 1, 12),
(2, 1, 16),
(2, 1, 18),
(2, 1, 20),
(2, 1, 22),
(2, 1, 24),
(2, 1, 28),
(2, 1, 32),
(2, 1, 34),
(2, 1, 35),
(2, 1, 37),
(2, 1, 38),
(2, 1, 43),
(2, 1, 46),
(2, 1, 48),
(2, 1, 49),
(2, 1, 51),
(2, 1, 52),
(2, 1, 54),
(2, 1, 57),
(2, 1, 58),
(2, 1, 59),
(2, 1, 61),
(2, 1, 62),
(2, 1, 70),
(2, 1, 72),
(2, 1, 73),
(2, 1, 74),
(2, 1, 77),
(2, 1, 81),
(2, 1, 87),
(2, 1, 89),
(2, 1, 90),
(2, 1, 99),
(2, 2, 3),
(2, 2, 8),
(2, 2, 10),
(2, 2, 12),
(2, 2, 16),
(2, 2, 18),
(2, 2, 20),
(2, 2, 22),
(2, 2, 23),
(2, 2, 24),
(2, 2, 28),
(2, 2, 29),
(2, 2, 32),
(2, 2, 33),
(2, 2, 34),
(2, 2, 35),
(2, 2, 38),
(2, 2, 41),
(2, 2, 43),
(2, 2, 46),
(2, 2, 48),
(2, 2, 49),
(2, 2, 51),
(2, 2, 52),
(2, 2, 54),
(2, 2, 57),
(2, 2, 58),
(2, 2, 59),
(2, 2, 61),
(2, 2, 62),
(2, 2, 70),
(2, 2, 72),
(2, 2, 73),
(2, 2, 74),
(2, 2, 75),
(2, 2, 77),
(2, 2, 81),
(2, 2, 85),
(2, 2, 87),
(2, 2, 89),
(2, 2, 90),
(2, 2, 99),
(2, 3, 3),
(2, 3, 8),
(2, 3, 10),
(2, 3, 11),
(2, 3, 12),
(2, 3, 14),
(2, 3, 16),
(2, 3, 18),
(2, 3, 20),
(2, 3, 22),
(2, 3, 23),
(2, 3, 24),
(2, 3, 28),
(2, 3, 29),
(2, 3, 31),
(2, 3, 32),
(2, 3, 33),
(2, 3, 34),
(2, 3, 35),
(2, 3, 36),
(2, 3, 37),
(2, 3, 38),
(2, 3, 39),
(2, 3, 41),
(2, 3, 43),
(2, 3, 44),
(2, 3, 46),
(2, 3, 48),
(2, 3, 49),
(2, 3, 51),
(2, 3, 52),
(2, 3, 54),
(2, 3, 57),
(2, 3, 58),
(2, 3, 61),
(2, 3, 62),
(2, 3, 66),
(2, 3, 70),
(2, 3, 72),
(2, 3, 73),
(2, 3, 74),
(2, 3, 75),
(2, 3, 77),
(2, 3, 81),
(2, 3, 83),
(2, 3, 85),
(2, 3, 87),
(2, 3, 88),
(2, 3, 89),
(2, 3, 90),
(2, 3, 93),
(2, 3, 98),
(2, 3, 99),
(2, 4, 8),
(2, 4, 10),
(2, 4, 11),
(2, 4, 12),
(2, 4, 14),
(2, 4, 16),
(2, 4, 18),
(2, 4, 20),
(2, 4, 21),
(2, 4, 22),
(2, 4, 23),
(2, 4, 24),
(2, 4, 29),
(2, 4, 30),
(2, 4, 31),
(2, 4, 32),
(2, 4, 33),
(2, 4, 34),
(2, 4, 35),
(2, 4, 36),
(2, 4, 38),
(2, 4, 40),
(2, 4, 41),
(2, 4, 43),
(2, 4, 44),
(2, 4, 46),
(2, 4, 47),
(2, 4, 48),
(2, 4, 49),
(2, 4, 51),
(2, 4, 52),
(2, 4, 54),
(2, 4, 57),
(2, 4, 58),
(2, 4, 61),
(2, 4, 62),
(2, 4, 65),
(2, 4, 66),
(2, 4, 70),
(2, 4, 72),
(2, 4, 73),
(2, 4, 74),
(2, 4, 75),
(2, 4, 77),
(2, 4, 83),
(2, 4, 85),
(2, 4, 87),
(2, 4, 88),
(2, 4, 89),
(2, 4, 90),
(2, 4, 98),
(2, 4, 99),
(2, 5, 2),
(2, 5, 8),
(2, 5, 10),
(2, 5, 11),
(2, 5, 12),
(2, 5, 13),
(2, 5, 14),
(2, 5, 16),
(2, 5, 18),
(2, 5, 20),
(2, 5, 21),
(2, 5, 22),
(2, 5, 23),
(2, 5, 24),
(2, 5, 29),
(2, 5, 30),
(2, 5, 31),
(2, 5, 32),
(2, 5, 33),
(2, 5, 34),
(2, 5, 35),
(2, 5, 36),
(2, 5, 40),
(2, 5, 41),
(2, 5, 43),
(2, 5, 44),
(2, 5, 46),
(2, 5, 47),
(2, 5, 48),
(2, 5, 49),
(2, 5, 51),
(2, 5, 53),
(2, 5, 54),
(2, 5, 57),
(2, 5, 58),
(2, 5, 60),
(2, 5, 62),
(2, 5, 65),
(2, 5, 66),
(2, 5, 67),
(2, 5, 70),
(2, 5, 72),
(2, 5, 73),
(2, 5, 74),
(2, 5, 75),
(2, 5, 77),
(2, 5, 82),
(2, 5, 83),
(2, 5, 85),
(2, 5, 86),
(2, 5, 87),
(2, 5, 88),
(2, 5, 89),
(2, 5, 90),
(2, 5, 98),
(2, 5, 99),
(2, 6, 2),
(2, 6, 8),
(2, 6, 10),
(2, 6, 11),
(2, 6, 13),
(2, 6, 14),
(2, 6, 17),
(2, 6, 18),
(2, 6, 20),
(2, 6, 21),
(2, 6, 22),
(2, 6, 23),
(2, 6, 24),
(2, 6, 30),
(2, 6, 31),
(2, 6, 32),
(2, 6, 33),
(2, 6, 34),
(2, 6, 35),
(2, 6, 36),
(2, 6, 40),
(2, 6, 41),
(2, 6, 43),
(2, 6, 44),
(2, 6, 46),
(2, 6, 47),
(2, 6, 48),
(2, 6, 49),
(2, 6, 51),
(2, 6, 53),
(2, 6, 54),
(2, 6, 56),
(2, 6, 57),
(2, 6, 58),
(2, 6, 60),
(2, 6, 62),
(2, 6, 65),
(2, 6, 66),
(2, 6, 67),
(2, 6, 70),
(2, 6, 72),
(2, 6, 73),
(2, 6, 74),
(2, 6, 75),
(2, 6, 77),
(2, 6, 82),
(2, 6, 83),
(2, 6, 85),
(2, 6, 86),
(2, 6, 87),
(2, 6, 88),
(2, 6, 89),
(2, 6, 90),
(2, 6, 91),
(2, 6, 95),
(2, 6, 98),
(2, 6, 99),
(2, 7, 2),
(2, 7, 10),
(2, 7, 11),
(2, 7, 13),
(2, 7, 14),
(2, 7, 17),
(2, 7, 18),
(2, 7, 20),
(2, 7, 21),
(2, 7, 22),
(2, 7, 23),
(2, 7, 24),
(2, 7, 30),
(2, 7, 31),
(2, 7, 32),
(2, 7, 33),
(2, 7, 34),
(2, 7, 35),
(2, 7, 36),
(2, 7, 37),
(2, 7, 40),
(2, 7, 41),
(2, 7, 43),
(2, 7, 44),
(2, 7, 46),
(2, 7, 47),
(2, 7, 48),
(2, 7, 49),
(2, 7, 51),
(2, 7, 54),
(2, 7, 57),
(2, 7, 60),
(2, 7, 62),
(2, 7, 65),
(2, 7, 67),
(2, 7, 71),
(2, 7, 72),
(2, 7, 74),
(2, 7, 75),
(2, 7, 77),
(2, 7, 79),
(2, 7, 82),
(2, 7, 83),
(2, 7, 86),
(2, 7, 87),
(2, 7, 88),
(2, 7, 89),
(2, 7, 90),
(2, 7, 91),
(2, 7, 95),
(2, 7, 98),
(2, 7, 99),
(2, 8, 2),
(2, 8, 9),
(2, 8, 10),
(2, 8, 13),
(2, 8, 14),
(2, 8, 17),
(2, 8, 18),
(2, 8, 20),
(2, 8, 22),
(2, 8, 23),
(2, 8, 24),
(2, 8, 30),
(2, 8, 32),
(2, 8, 34),
(2, 8, 35),
(2, 8, 40),
(2, 8, 41),
(2, 8, 43),
(2, 8, 46),
(2, 8, 47),
(2, 8, 49),
(2, 8, 51),
(2, 8, 54),
(2, 8, 57),
(2, 8, 60),
(2, 8, 62),
(2, 8, 67),
(2, 8, 71),
(2, 8, 72),
(2, 8, 74),
(2, 8, 75),
(2, 8, 76),
(2, 8, 77),
(2, 8, 82),
(2, 8, 83),
(2, 8, 86),
(2, 8, 87),
(2, 8, 88),
(2, 8, 90),
(2, 8, 91),
(2, 8, 95),
(2, 8, 98),
(2, 8, 99),
(2, 9, 2),
(2, 9, 9),
(2, 9, 13),
(2, 9, 14),
(2, 9, 17),
(2, 9, 18),
(2, 9, 22),
(2, 9, 24),
(2, 9, 35),
(2, 9, 40),
(2, 9, 41),
(2, 9, 43),
(2, 9, 51),
(2, 9, 57),
(2, 9, 67),
(2, 9, 71),
(2, 9, 72),
(2, 9, 75),
(2, 9, 76),
(2, 9, 82),
(2, 9, 86),
(2, 9, 87),
(2, 9, 90),
(2, 9, 91),
(2, 9, 95),
(2, 9, 98),
(2, 9, 99),
(2, 10, 57),
(2, 10, 71),
(2, 10, 90),
(3, 1, 1),
(3, 1, 8),
(3, 1, 10),
(3, 1, 12),
(3, 1, 14),
(3, 1, 16),
(3, 1, 18),
(3, 1, 20),
(3, 1, 29),
(3, 1, 34),
(3, 1, 36),
(3, 1, 37),
(3, 1, 43),
(3, 1, 44),
(3, 1, 45),
(3, 1, 46),
(3, 1, 48),
(3, 1, 50),
(3, 1, 51),
(3, 1, 52),
(3, 1, 54),
(3, 1, 57),
(3, 1, 58),
(3, 1, 59),
(3, 1, 61),
(3, 1, 62),
(3, 1, 63),
(3, 1, 69),
(3, 1, 70),
(3, 1, 72),
(3, 1, 81),
(3, 1, 84),
(3, 1, 87),
(3, 1, 88),
(3, 1, 90),
(3, 1, 91),
(3, 2, 1),
(3, 2, 7),
(3, 2, 8),
(3, 2, 10),
(3, 2, 11),
(3, 2, 12),
(3, 2, 14),
(3, 2, 16),
(3, 2, 18),
(3, 2, 20),
(3, 2, 22),
(3, 2, 29),
(3, 2, 30),
(3, 2, 31),
(3, 2, 33),
(3, 2, 34),
(3, 2, 36),
(3, 2, 41),
(3, 2, 43),
(3, 2, 44),
(3, 2, 45),
(3, 2, 46),
(3, 2, 47),
(3, 2, 48),
(3, 2, 50),
(3, 2, 51),
(3, 2, 52),
(3, 2, 53),
(3, 2, 54),
(3, 2, 57),
(3, 2, 58),
(3, 2, 59),
(3, 2, 60),
(3, 2, 61),
(3, 2, 62),
(3, 2, 63),
(3, 2, 69),
(3, 2, 70),
(3, 2, 72),
(3, 2, 81),
(3, 2, 84),
(3, 2, 87),
(3, 2, 88),
(3, 2, 90),
(3, 2, 91),
(3, 2, 99),
(3, 3, 1),
(3, 3, 7),
(3, 3, 8),
(3, 3, 10),
(3, 3, 11),
(3, 3, 12),
(3, 3, 14),
(3, 3, 16),
(3, 3, 18),
(3, 3, 20),
(3, 3, 21),
(3, 3, 22),
(3, 3, 27),
(3, 3, 28),
(3, 3, 29),
(3, 3, 30),
(3, 3, 31),
(3, 3, 33),
(3, 3, 34),
(3, 3, 35),
(3, 3, 37),
(3, 3, 41),
(3, 3, 43),
(3, 3, 44),
(3, 3, 45),
(3, 3, 46),
(3, 3, 47),
(3, 3, 48),
(3, 3, 49),
(3, 3, 50),
(3, 3, 51),
(3, 3, 52),
(3, 3, 53),
(3, 3, 54),
(3, 3, 57),
(3, 3, 58),
(3, 3, 59),
(3, 3, 60),
(3, 3, 61),
(3, 3, 62),
(3, 3, 63),
(3, 3, 65),
(3, 3, 67),
(3, 3, 69),
(3, 3, 72),
(3, 3, 73),
(3, 3, 81),
(3, 3, 83),
(3, 3, 84),
(3, 3, 85),
(3, 3, 87),
(3, 3, 88),
(3, 3, 90),
(3, 3, 91),
(3, 3, 99),
(3, 4, 1),
(3, 4, 8),
(3, 4, 10),
(3, 4, 11),
(3, 4, 12),
(3, 4, 14),
(3, 4, 16),
(3, 4, 18),
(3, 4, 20),
(3, 4, 21),
(3, 4, 22),
(3, 4, 27),
(3, 4, 28),
(3, 4, 29),
(3, 4, 30),
(3, 4, 31),
(3, 4, 32),
(3, 4, 33),
(3, 4, 34),
(3, 4, 35),
(3, 4, 39),
(3, 4, 41),
(3, 4, 43),
(3, 4, 44),
(3, 4, 45),
(3, 4, 46),
(3, 4, 47),
(3, 4, 48),
(3, 4, 49),
(3, 4, 50),
(3, 4, 51),
(3, 4, 52),
(3, 4, 53),
(3, 4, 54),
(3, 4, 56),
(3, 4, 57),
(3, 4, 58),
(3, 4, 59),
(3, 4, 60),
(3, 4, 61),
(3, 4, 62),
(3, 4, 63),
(3, 4, 65),
(3, 4, 67),
(3, 4, 69),
(3, 4, 72),
(3, 4, 73),
(3, 4, 80),
(3, 4, 81),
(3, 4, 83),
(3, 4, 84),
(3, 4, 85),
(3, 4, 87),
(3, 4, 88),
(3, 4, 90),
(3, 4, 91),
(3, 4, 93),
(3, 4, 99),
(3, 5, 1),
(3, 5, 3),
(3, 5, 5),
(3, 5, 8),
(3, 5, 10),
(3, 5, 11),
(3, 5, 12),
(3, 5, 14),
(3, 5, 16),
(3, 5, 18),
(3, 5, 20),
(3, 5, 21),
(3, 5, 22),
(3, 5, 27),
(3, 5, 28),
(3, 5, 29),
(3, 5, 30),
(3, 5, 31),
(3, 5, 32),
(3, 5, 33),
(3, 5, 34),
(3, 5, 35),
(3, 5, 39),
(3, 5, 41),
(3, 5, 43),
(3, 5, 44),
(3, 5, 46),
(3, 5, 47),
(3, 5, 48),
(3, 5, 49),
(3, 5, 50),
(3, 5, 51),
(3, 5, 53),
(3, 5, 56),
(3, 5, 57),
(3, 5, 58),
(3, 5, 59),
(3, 5, 60),
(3, 5, 61),
(3, 5, 62),
(3, 5, 63),
(3, 5, 65),
(3, 5, 67),
(3, 5, 69),
(3, 5, 72),
(3, 5, 73),
(3, 5, 74),
(3, 5, 80),
(3, 5, 81),
(3, 5, 83),
(3, 5, 84),
(3, 5, 85),
(3, 5, 87),
(3, 5, 88),
(3, 5, 90),
(3, 5, 91),
(3, 5, 97),
(3, 5, 99),
(3, 6, 1),
(3, 6, 3),
(3, 6, 5),
(3, 6, 8),
(3, 6, 9),
(3, 6, 10),
(3, 6, 11),
(3, 6, 14),
(3, 6, 16),
(3, 6, 17),
(3, 6, 18),
(3, 6, 20),
(3, 6, 21),
(3, 6, 26),
(3, 6, 27),
(3, 6, 28),
(3, 6, 29),
(3, 6, 30),
(3, 6, 31),
(3, 6, 32),
(3, 6, 33),
(3, 6, 34),
(3, 6, 35),
(3, 6, 39),
(3, 6, 41),
(3, 6, 43),
(3, 6, 44),
(3, 6, 46),
(3, 6, 47),
(3, 6, 48),
(3, 6, 49),
(3, 6, 50),
(3, 6, 51),
(3, 6, 53),
(3, 6, 56),
(3, 6, 57),
(3, 6, 59),
(3, 6, 60),
(3, 6, 61),
(3, 6, 62),
(3, 6, 63),
(3, 6, 65),
(3, 6, 67),
(3, 6, 69),
(3, 6, 72),
(3, 6, 73),
(3, 6, 74),
(3, 6, 77),
(3, 6, 80),
(3, 6, 81),
(3, 6, 83),
(3, 6, 85),
(3, 6, 87),
(3, 6, 88),
(3, 6, 90),
(3, 6, 91),
(3, 6, 97),
(3, 6, 98),
(3, 6, 99),
(3, 7, 1),
(3, 7, 3),
(3, 7, 5),
(3, 7, 8),
(3, 7, 9),
(3, 7, 10),
(3, 7, 11),
(3, 7, 14),
(3, 7, 16),
(3, 7, 17),
(3, 7, 18),
(3, 7, 20),
(3, 7, 21),
(3, 7, 26),
(3, 7, 27),
(3, 7, 28),
(3, 7, 30),
(3, 7, 31),
(3, 7, 32),
(3, 7, 33),
(3, 7, 34),
(3, 7, 35),
(3, 7, 37),
(3, 7, 41),
(3, 7, 43),
(3, 7, 46),
(3, 7, 47),
(3, 7, 48),
(3, 7, 49),
(3, 7, 50),
(3, 7, 51),
(3, 7, 53),
(3, 7, 56),
(3, 7, 57),
(3, 7, 59),
(3, 7, 60),
(3, 7, 61),
(3, 7, 62),
(3, 7, 64),
(3, 7, 65),
(3, 7, 67),
(3, 7, 69),
(3, 7, 72),
(3, 7, 73),
(3, 7, 74),
(3, 7, 77),
(3, 7, 80),
(3, 7, 81),
(3, 7, 83),
(3, 7, 85),
(3, 7, 87),
(3, 7, 88),
(3, 7, 90),
(3, 7, 91),
(3, 7, 97),
(3, 7, 98),
(3, 7, 99),
(3, 8, 1),
(3, 8, 3),
(3, 8, 5),
(3, 8, 8),
(3, 8, 9),
(3, 8, 10),
(3, 8, 11),
(3, 8, 14),
(3, 8, 15),
(3, 8, 17),
(3, 8, 18),
(3, 8, 26),
(3, 8, 27),
(3, 8, 28),
(3, 8, 32),
(3, 8, 35),
(3, 8, 41),
(3, 8, 43),
(3, 8, 46),
(3, 8, 49),
(3, 8, 50),
(3, 8, 51),
(3, 8, 57),
(3, 8, 59),
(3, 8, 61),
(3, 8, 62),
(3, 8, 64),
(3, 8, 65),
(3, 8, 69),
(3, 8, 72),
(3, 8, 73),
(3, 8, 74),
(3, 8, 77),
(3, 8, 79),
(3, 8, 80),
(3, 8, 81),
(3, 8, 83),
(3, 8, 87),
(3, 8, 88),
(3, 8, 90),
(3, 8, 91),
(3, 8, 97),
(3, 8, 98),
(3, 8, 99),
(3, 9, 1),
(3, 9, 3),
(3, 9, 5),
(3, 9, 9),
(3, 9, 14),
(3, 9, 15),
(3, 9, 17),
(3, 9, 18),
(3, 9, 26),
(3, 9, 35),
(3, 9, 37),
(3, 9, 43),
(3, 9, 49),
(3, 9, 51),
(3, 9, 57),
(3, 9, 59),
(3, 9, 61),
(3, 9, 62),
(3, 9, 64),
(3, 9, 65),
(3, 9, 73),
(3, 9, 74),
(3, 9, 77),
(3, 9, 79),
(3, 9, 80),
(3, 9, 83),
(3, 9, 87),
(3, 9, 88),
(3, 9, 90),
(3, 9, 91),
(3, 9, 98),
(3, 9, 99),
(3, 10, 73),
(3, 10, 90),
(4, 1, 4),
(4, 1, 8),
(4, 1, 10),
(4, 1, 11),
(4, 1, 12),
(4, 1, 14),
(4, 1, 16),
(4, 1, 19),
(4, 1, 24),
(4, 1, 26),
(4, 1, 29),
(4, 1, 31),
(4, 1, 32),
(4, 1, 34),
(4, 1, 36),
(4, 1, 37),
(4, 1, 44),
(4, 1, 45),
(4, 1, 46),
(4, 1, 48),
(4, 1, 50),
(4, 1, 51),
(4, 1, 52),
(4, 1, 53),
(4, 1, 54),
(4, 1, 58),
(4, 1, 59),
(4, 1, 61),
(4, 1, 63),
(4, 1, 70),
(4, 1, 74),
(4, 1, 76),
(4, 1, 77),
(4, 1, 81),
(4, 1, 85),
(4, 1, 86),
(4, 1, 91),
(4, 1, 99),
(4, 2, 4),
(4, 2, 7),
(4, 2, 8),
(4, 2, 10),
(4, 2, 11),
(4, 2, 12),
(4, 2, 14),
(4, 2, 16),
(4, 2, 19),
(4, 2, 20),
(4, 2, 21),
(4, 2, 24),
(4, 2, 26),
(4, 2, 29),
(4, 2, 30),
(4, 2, 31),
(4, 2, 32),
(4, 2, 34),
(4, 2, 35),
(4, 2, 36),
(4, 2, 44),
(4, 2, 45),
(4, 2, 46),
(4, 2, 47),
(4, 2, 48),
(4, 2, 49),
(4, 2, 50),
(4, 2, 51),
(4, 2, 52),
(4, 2, 53),
(4, 2, 54),
(4, 2, 58),
(4, 2, 59),
(4, 2, 61),
(4, 2, 63),
(4, 2, 67),
(4, 2, 70),
(4, 2, 72),
(4, 2, 73),
(4, 2, 74),
(4, 2, 76),
(4, 2, 77),
(4, 2, 81),
(4, 2, 85),
(4, 2, 86),
(4, 2, 88),
(4, 2, 91),
(4, 2, 99),
(4, 3, 4),
(4, 3, 6),
(4, 3, 7),
(4, 3, 8),
(4, 3, 10),
(4, 3, 11),
(4, 3, 12),
(4, 3, 14),
(4, 3, 16),
(4, 3, 19),
(4, 3, 20),
(4, 3, 21),
(4, 3, 24),
(4, 3, 26),
(4, 3, 29),
(4, 3, 30),
(4, 3, 31),
(4, 3, 32),
(4, 3, 33),
(4, 3, 34),
(4, 3, 35),
(4, 3, 36),
(4, 3, 37),
(4, 3, 39),
(4, 3, 44),
(4, 3, 45),
(4, 3, 46),
(4, 3, 47),
(4, 3, 48),
(4, 3, 49),
(4, 3, 50),
(4, 3, 51),
(4, 3, 53),
(4, 3, 54),
(4, 3, 56),
(4, 3, 58),
(4, 3, 59),
(4, 3, 60),
(4, 3, 61),
(4, 3, 63),
(4, 3, 67),
(4, 3, 69),
(4, 3, 70),
(4, 3, 72),
(4, 3, 73),
(4, 3, 74),
(4, 3, 76),
(4, 3, 77),
(4, 3, 81),
(4, 3, 83),
(4, 3, 85),
(4, 3, 88),
(4, 3, 91),
(4, 3, 99),
(4, 4, 4),
(4, 4, 6),
(4, 4, 7),
(4, 4, 8),
(4, 4, 10),
(4, 4, 11),
(4, 4, 12),
(4, 4, 14),
(4, 4, 16),
(4, 4, 19),
(4, 4, 20),
(4, 4, 21),
(4, 4, 24),
(4, 4, 26),
(4, 4, 27),
(4, 4, 29),
(4, 4, 30),
(4, 4, 31),
(4, 4, 32),
(4, 4, 33),
(4, 4, 34),
(4, 4, 35),
(4, 4, 36),
(4, 4, 39),
(4, 4, 40),
(4, 4, 44),
(4, 4, 45),
(4, 4, 46),
(4, 4, 47),
(4, 4, 48),
(4, 4, 49),
(4, 4, 50),
(4, 4, 51),
(4, 4, 53),
(4, 4, 54),
(4, 4, 56),
(4, 4, 58),
(4, 4, 59),
(4, 4, 60),
(4, 4, 61),
(4, 4, 63),
(4, 4, 65),
(4, 4, 66),
(4, 4, 67),
(4, 4, 69),
(4, 4, 70),
(4, 4, 72),
(4, 4, 73),
(4, 4, 74),
(4, 4, 76),
(4, 4, 77),
(4, 4, 81),
(4, 4, 83),
(4, 4, 84),
(4, 4, 85),
(4, 4, 88),
(4, 4, 99),
(4, 5, 4),
(4, 5, 6),
(4, 5, 8),
(4, 5, 10),
(4, 5, 11),
(4, 5, 12),
(4, 5, 14),
(4, 5, 16),
(4, 5, 19),
(4, 5, 20),
(4, 5, 21),
(4, 5, 24),
(4, 5, 27),
(4, 5, 29),
(4, 5, 30),
(4, 5, 31),
(4, 5, 32),
(4, 5, 33),
(4, 5, 34),
(4, 5, 35),
(4, 5, 36),
(4, 5, 39),
(4, 5, 40),
(4, 5, 44),
(4, 5, 47),
(4, 5, 48),
(4, 5, 49),
(4, 5, 50),
(4, 5, 51),
(4, 5, 54),
(4, 5, 56),
(4, 5, 58),
(4, 5, 59),
(4, 5, 60),
(4, 5, 61),
(4, 5, 63),
(4, 5, 65),
(4, 5, 66),
(4, 5, 67),
(4, 5, 69),
(4, 5, 70),
(4, 5, 71),
(4, 5, 72),
(4, 5, 73),
(4, 5, 74),
(4, 5, 76),
(4, 5, 77),
(4, 5, 82),
(4, 5, 83),
(4, 5, 84),
(4, 5, 85),
(4, 5, 88),
(4, 5, 93),
(4, 5, 98),
(4, 5, 99),
(4, 6, 2),
(4, 6, 4),
(4, 6, 6),
(4, 6, 8),
(4, 6, 10),
(4, 6, 11),
(4, 6, 13),
(4, 6, 14),
(4, 6, 16),
(4, 6, 17),
(4, 6, 19),
(4, 6, 20),
(4, 6, 21),
(4, 6, 22),
(4, 6, 24),
(4, 6, 27),
(4, 6, 28),
(4, 6, 29),
(4, 6, 31),
(4, 6, 32),
(4, 6, 33),
(4, 6, 34),
(4, 6, 35),
(4, 6, 39),
(4, 6, 40),
(4, 6, 44),
(4, 6, 47),
(4, 6, 50),
(4, 6, 54),
(4, 6, 56),
(4, 6, 58),
(4, 6, 59),
(4, 6, 60),
(4, 6, 61),
(4, 6, 63),
(4, 6, 65),
(4, 6, 66),
(4, 6, 67),
(4, 6, 69),
(4, 6, 70),
(4, 6, 71),
(4, 6, 72),
(4, 6, 73),
(4, 6, 74),
(4, 6, 76),
(4, 6, 77),
(4, 6, 78),
(4, 6, 82),
(4, 6, 83),
(4, 6, 84),
(4, 6, 88),
(4, 6, 93),
(4, 6, 98),
(4, 6, 99),
(4, 7, 2),
(4, 7, 4),
(4, 7, 9),
(4, 7, 10),
(4, 7, 11),
(4, 7, 13),
(4, 7, 16),
(4, 7, 17),
(4, 7, 19),
(4, 7, 20),
(4, 7, 21),
(4, 7, 22),
(4, 7, 24),
(4, 7, 27),
(4, 7, 28),
(4, 7, 29),
(4, 7, 31),
(4, 7, 32),
(4, 7, 34),
(4, 7, 35),
(4, 7, 37),
(4, 7, 39),
(4, 7, 40),
(4, 7, 44),
(4, 7, 47),
(4, 7, 50),
(4, 7, 54),
(4, 7, 58),
(4, 7, 59),
(4, 7, 60),
(4, 7, 61),
(4, 7, 63),
(4, 7, 65),
(4, 7, 66),
(4, 7, 69),
(4, 7, 70),
(4, 7, 72),
(4, 7, 74),
(4, 7, 76),
(4, 7, 77),
(4, 7, 78),
(4, 7, 79),
(4, 7, 82),
(4, 7, 83),
(4, 7, 88),
(4, 7, 93),
(4, 7, 98),
(4, 7, 99),
(4, 8, 2),
(4, 8, 4),
(4, 8, 9),
(4, 8, 11),
(4, 8, 13),
(4, 8, 16),
(4, 8, 17),
(4, 8, 19),
(4, 8, 20),
(4, 8, 24),
(4, 8, 28),
(4, 8, 31),
(4, 8, 32),
(4, 8, 34),
(4, 8, 35),
(4, 8, 40),
(4, 8, 50),
(4, 8, 54),
(4, 8, 58),
(4, 8, 59),
(4, 8, 60),
(4, 8, 61),
(4, 8, 63),
(4, 8, 65),
(4, 8, 66),
(4, 8, 69),
(4, 8, 70),
(4, 8, 72),
(4, 8, 74),
(4, 8, 76),
(4, 8, 77),
(4, 8, 78),
(4, 8, 79),
(4, 8, 82),
(4, 8, 83),
(4, 8, 88),
(4, 8, 93),
(4, 8, 98),
(4, 8, 99),
(4, 9, 2),
(4, 9, 4),
(4, 9, 9),
(4, 9, 13),
(4, 9, 15),
(4, 9, 16),
(4, 9, 17),
(4, 9, 19),
(4, 9, 24),
(4, 9, 32),
(4, 9, 34),
(4, 9, 35),
(4, 9, 40),
(4, 9, 60),
(4, 9, 61),
(4, 9, 63),
(4, 9, 66),
(4, 9, 74),
(4, 9, 76),
(4, 9, 77),
(4, 9, 78),
(4, 9, 82),
(4, 9, 83),
(4, 9, 88),
(4, 9, 93),
(4, 9, 99),
(4, 10, 15),
(4, 10, 17),
(4, 10, 78),
(5, 1, 4),
(5, 1, 9),
(5, 1, 11),
(5, 1, 14),
(5, 1, 16),
(5, 1, 18),
(5, 1, 20),
(5, 1, 23),
(5, 1, 24),
(5, 1, 26),
(5, 1, 29),
(5, 1, 34),
(5, 1, 38),
(5, 1, 39),
(5, 1, 45),
(5, 1, 46),
(5, 1, 48),
(5, 1, 50),
(5, 1, 51),
(5, 1, 54),
(5, 1, 59),
(5, 1, 62),
(5, 1, 63),
(5, 1, 71),
(5, 1, 73),
(5, 1, 83),
(5, 1, 89),
(5, 1, 91),
(5, 1, 92),
(5, 1, 98),
(5, 1, 99),
(5, 2, 4),
(5, 2, 8),
(5, 2, 9),
(5, 2, 11),
(5, 2, 14),
(5, 2, 16),
(5, 2, 18),
(5, 2, 20),
(5, 2, 23),
(5, 2, 24),
(5, 2, 26),
(5, 2, 28),
(5, 2, 29),
(5, 2, 30),
(5, 2, 32),
(5, 2, 33),
(5, 2, 34),
(5, 2, 36),
(5, 2, 38),
(5, 2, 39),
(5, 2, 41),
(5, 2, 43),
(5, 2, 45),
(5, 2, 46),
(5, 2, 47),
(5, 2, 48),
(5, 2, 50),
(5, 2, 51),
(5, 2, 54),
(5, 2, 59),
(5, 2, 62),
(5, 2, 63),
(5, 2, 66),
(5, 2, 67),
(5, 2, 69),
(5, 2, 71),
(5, 2, 73),
(5, 2, 77),
(5, 2, 81),
(5, 2, 83),
(5, 2, 84),
(5, 2, 89),
(5, 2, 91),
(5, 2, 92),
(5, 2, 93),
(5, 2, 98),
(5, 2, 99),
(5, 3, 4),
(5, 3, 6),
(5, 3, 8),
(5, 3, 9),
(5, 3, 11),
(5, 3, 14),
(5, 3, 16),
(5, 3, 18),
(5, 3, 20),
(5, 3, 21),
(5, 3, 22),
(5, 3, 23),
(5, 3, 24),
(5, 3, 26),
(5, 3, 28),
(5, 3, 29),
(5, 3, 30),
(5, 3, 32),
(5, 3, 33),
(5, 3, 34),
(5, 3, 36),
(5, 3, 38),
(5, 3, 39),
(5, 3, 41),
(5, 3, 43),
(5, 3, 45),
(5, 3, 46),
(5, 3, 47),
(5, 3, 48),
(5, 3, 49),
(5, 3, 50),
(5, 3, 51),
(5, 3, 53),
(5, 3, 54),
(5, 3, 57),
(5, 3, 62),
(5, 3, 63),
(5, 3, 65),
(5, 3, 66),
(5, 3, 67),
(5, 3, 69),
(5, 3, 71),
(5, 3, 73),
(5, 3, 77),
(5, 3, 81),
(5, 3, 83),
(5, 3, 84),
(5, 3, 89),
(5, 3, 91),
(5, 3, 92),
(5, 3, 93),
(5, 3, 98),
(5, 3, 99),
(5, 4, 4),
(5, 4, 6),
(5, 4, 8),
(5, 4, 9),
(5, 4, 10),
(5, 4, 11),
(5, 4, 14),
(5, 4, 16),
(5, 4, 18),
(5, 4, 20),
(5, 4, 21),
(5, 4, 22),
(5, 4, 23),
(5, 4, 24),
(5, 4, 27),
(5, 4, 28),
(5, 4, 29),
(5, 4, 30),
(5, 4, 32),
(5, 4, 33),
(5, 4, 34),
(5, 4, 36),
(5, 4, 38),
(5, 4, 39),
(5, 4, 41),
(5, 4, 43),
(5, 4, 44),
(5, 4, 45),
(5, 4, 46),
(5, 4, 47),
(5, 4, 48),
(5, 4, 49),
(5, 4, 50),
(5, 4, 51),
(5, 4, 53),
(5, 4, 54),
(5, 4, 57),
(5, 4, 60),
(5, 4, 62),
(5, 4, 63),
(5, 4, 65),
(5, 4, 66),
(5, 4, 67),
(5, 4, 69),
(5, 4, 73),
(5, 4, 75),
(5, 4, 77),
(5, 4, 81),
(5, 4, 83),
(5, 4, 84),
(5, 4, 89),
(5, 4, 92),
(5, 4, 93),
(5, 4, 98),
(5, 4, 99),
(5, 5, 4),
(5, 5, 6),
(5, 5, 8),
(5, 5, 9),
(5, 5, 10),
(5, 5, 11),
(5, 5, 16),
(5, 5, 18),
(5, 5, 20),
(5, 5, 21),
(5, 5, 22),
(5, 5, 23),
(5, 5, 24),
(5, 5, 27),
(5, 5, 28),
(5, 5, 29),
(5, 5, 30),
(5, 5, 32),
(5, 5, 33),
(5, 5, 34),
(5, 5, 36),
(5, 5, 39),
(5, 5, 41),
(5, 5, 43),
(5, 5, 44),
(5, 5, 45),
(5, 5, 46),
(5, 5, 47),
(5, 5, 48),
(5, 5, 49),
(5, 5, 50),
(5, 5, 51),
(5, 5, 57),
(5, 5, 58),
(5, 5, 60),
(5, 5, 62),
(5, 5, 63),
(5, 5, 65),
(5, 5, 66),
(5, 5, 67),
(5, 5, 69),
(5, 5, 72),
(5, 5, 73),
(5, 5, 75),
(5, 5, 76),
(5, 5, 77),
(5, 5, 78),
(5, 5, 81),
(5, 5, 83),
(5, 5, 84),
(5, 5, 89),
(5, 5, 92),
(5, 5, 93),
(5, 5, 98),
(5, 5, 99),
(5, 6, 4),
(5, 6, 6),
(5, 6, 7),
(5, 6, 8),
(5, 6, 9),
(5, 6, 10),
(5, 6, 16),
(5, 6, 17),
(5, 6, 18),
(5, 6, 20),
(5, 6, 22),
(5, 6, 23),
(5, 6, 24),
(5, 6, 27),
(5, 6, 28),
(5, 6, 29),
(5, 6, 30),
(5, 6, 32),
(5, 6, 33),
(5, 6, 34),
(5, 6, 36),
(5, 6, 39),
(5, 6, 41),
(5, 6, 43),
(5, 6, 44),
(5, 6, 45),
(5, 6, 46),
(5, 6, 47),
(5, 6, 49),
(5, 6, 50),
(5, 6, 51),
(5, 6, 57),
(5, 6, 58),
(5, 6, 60),
(5, 6, 61),
(5, 6, 62),
(5, 6, 63),
(5, 6, 65),
(5, 6, 66),
(5, 6, 67),
(5, 6, 69),
(5, 6, 72),
(5, 6, 74),
(5, 6, 75),
(5, 6, 76),
(5, 6, 77),
(5, 6, 78),
(5, 6, 81),
(5, 6, 83),
(5, 6, 84),
(5, 6, 89),
(5, 6, 92),
(5, 6, 98),
(5, 6, 99),
(5, 7, 4),
(5, 7, 6),
(5, 7, 7),
(5, 7, 8),
(5, 7, 9),
(5, 7, 17),
(5, 7, 18),
(5, 7, 20),
(5, 7, 22),
(5, 7, 23),
(5, 7, 24),
(5, 7, 27),
(5, 7, 28),
(5, 7, 30),
(5, 7, 32),
(5, 7, 33),
(5, 7, 34),
(5, 7, 36),
(5, 7, 39),
(5, 7, 41),
(5, 7, 43),
(5, 7, 44),
(5, 7, 45),
(5, 7, 46),
(5, 7, 47),
(5, 7, 49),
(5, 7, 50),
(5, 7, 51),
(5, 7, 57),
(5, 7, 58),
(5, 7, 61),
(5, 7, 62),
(5, 7, 63),
(5, 7, 65),
(5, 7, 67),
(5, 7, 69),
(5, 7, 72),
(5, 7, 74),
(5, 7, 75),
(5, 7, 76),
(5, 7, 77),
(5, 7, 78),
(5, 7, 81),
(5, 7, 83),
(5, 7, 92),
(5, 7, 98),
(5, 8, 4),
(5, 8, 7),
(5, 8, 8),
(5, 8, 9),
(5, 8, 15),
(5, 8, 17),
(5, 8, 23),
(5, 8, 24),
(5, 8, 27),
(5, 8, 28),
(5, 8, 30),
(5, 8, 32),
(5, 8, 34),
(5, 8, 36),
(5, 8, 41),
(5, 8, 43),
(5, 8, 45),
(5, 8, 47),
(5, 8, 49),
(5, 8, 51),
(5, 8, 57),
(5, 8, 58),
(5, 8, 61),
(5, 8, 62),
(5, 8, 63),
(5, 8, 67),
(5, 8, 72),
(5, 8, 74),
(5, 8, 75),
(5, 8, 76),
(5, 8, 77),
(5, 8, 78),
(5, 8, 83),
(5, 8, 92),
(5, 8, 98),
(5, 9, 4),
(5, 9, 7),
(5, 9, 9),
(5, 9, 15),
(5, 9, 17),
(5, 9, 24),
(5, 9, 43),
(5, 9, 45),
(5, 9, 57),
(5, 9, 58),
(5, 9, 61),
(5, 9, 62),
(5, 9, 63),
(5, 9, 72),
(5, 9, 74),
(5, 9, 76),
(5, 9, 77),
(5, 9, 78),
(5, 9, 83),
(5, 9, 92),
(5, 9, 98);

-- --------------------------------------------------------

--
-- Table structure for table `dni_wolne`
--

CREATE TABLE `dni_wolne` (
  `id_k` tinyint(4) NOT NULL,
  `dni_wolne` tinyint(4) NOT NULL
) ENGINE=InnoDB DEFAULT CHARSET=utf8mb4 COLLATE=utf8mb4_general_ci;

--
-- Dumping data for table `dni_wolne`
--

INSERT INTO `dni_wolne` (`id_k`, `dni_wolne`) VALUES
(1, 2),
(8, 1),
(9, 5),
(10, 2),
(11, 5),
(15, 4),
(17, 3);

-- --------------------------------------------------------

--
-- Table structure for table `godzina`
--

CREATE TABLE `godzina` (
  `id_g` tinyint(4) NOT NULL,
  `start` varchar(5) NOT NULL,
  `koniec` varchar(5) NOT NULL
) ENGINE=InnoDB DEFAULT CHARSET=utf8mb4 COLLATE=utf8mb4_general_ci;

--
-- Dumping data for table `godzina`
--

INSERT INTO `godzina` (`id_g`, `start`, `koniec`) VALUES
(1, '7:45', '8:30'),
(2, '8:40', '9:25'),
(3, '9:35', '10:20'),
(4, '10:35', '11:20'),
(5, '11:30', '12:15'),
(6, '12:25', '13:10'),
(7, '13:20', '14:05'),
(8, '14:10', '14:55'),
(9, '15:00', '15:45'),
(10, '15:50', '16:35'),
(11, '16:40', '17:25');

-- --------------------------------------------------------

--
-- Table structure for table `klasa`
--

CREATE TABLE `klasa` (
  `id_k` tinyint(4) NOT NULL,
  `numer_k` char(2) NOT NULL,
  `wychowawca` char(2) DEFAULT NULL
) ENGINE=InnoDB DEFAULT CHARSET=utf8mb4 COLLATE=utf8mb4_general_ci;

--
-- Dumping data for table `klasa`
--

INSERT INTO `klasa` (`id_k`, `numer_k`, `wychowawca`) VALUES
(1, '1B', 'RO'),
(2, '1C', 'KP'),
(3, '1D', 'AJ'),
(4, '1E', 'PG'),
(5, '1F', 'KZ'),
(6, '1O', 'SJ'),
(7, '1P', 'KO'),
(8, '2B', 'SG'),
(9, '2C', 'NR'),
(10, '2D', 'RJ'),
(11, '2E', 'DA'),
(12, '2F', 'AG'),
(13, '2G', 'RT'),
(14, '2K', 'KI'),
(15, '2O', 'WU'),
(16, '2P', 'AŁ'),
(17, '3B', 'KK'),
(18, '3C', 'JŁ'),
(19, '3D', 'JL'),
(20, '3E', 'CA'),
(21, '3F', 'JM'),
(22, '3G', 'NW'),
(23, '3K', 'JO'),
(24, '3P', 'WŁ'),
(25, '3O', 'AR'),
(26, '4C', 'WT'),
(27, '4D', 'AP'),
(28, '4E', 'AC'),
(29, '4F', 'SD'),
(30, '4G', 'WB'),
(31, '4K', 'MG'),
(32, '4P', 'AH'),
(33, '4O', 'JŚ'),
(34, '5C', 'KT'),
(35, '5D', 'CI'),
(36, '5E', 'BG'),
(37, '5F', 'EO'),
(38, '5G', 'BW'),
(39, '5K', 'JH'),
(40, '5O', 'PŁ'),
(41, '5P', 'PW');

-- --------------------------------------------------------

--
-- Table structure for table `nauczyciele`
--

CREATE TABLE `nauczyciele` (
  `id_n` tinyint(4) NOT NULL,
  `skrot` char(2) NOT NULL,
  `imie_nazwisko` varchar(50) NOT NULL
) ENGINE=InnoDB DEFAULT CHARSET=utf8mb4 COLLATE=utf8mb4_general_ci;

--
-- Dumping data for table `nauczyciele`
--

INSERT INTO `nauczyciele` (`id_n`, `skrot`, `imie_nazwisko`) VALUES
(1, 'KA', 'K.Adamczyk'),
(2, 'AT', 'W.Aftyka'),
(3, 'AL', 'A.Aloshyna'),
(4, 'BP', 'P.Beiger'),
(5, 'BY', 'R.Borowczyk'),
(6, 'BO', 'P.Borowska'),
(7, 'BB', 'B.Brogowska'),
(8, 'WB', 'W.Burczyk'),
(9, 'CA', 'K.Caban'),
(10, 'AC', 'A.Chorzewska'),
(11, 'CI', 'K.Cichy'),
(12, 'IC', 'I.Cieślik'),
(13, 'DC', 'J.Dadasiewicz'),
(14, 'DA', 'A.Deluga'),
(15, 'EŁ', 'S.Detmer'),
(16, 'AŁ', 'A.Domagała'),
(17, 'ID', 'I.Dudziak'),
(18, 'DD', 'M.Dudziak'),
(19, 'Fa', 'M.Falęcka'),
(20, 'PG', 'P.Głodek'),
(21, 'GO', 'A.Golik'),
(22, 'MG', 'M.Gorska-Zasada'),
(23, 'AG', 'A.Góra'),
(24, 'GR', 'D.Gryzio'),
(25, 'QW', 'M.Gryzio'),
(26, 'BG', 'B.Grzywacz'),
(27, 'GU', 'O.Guk'),
(28, 'JH', 'J.Hejduk'),
(29, 'AH', 'A.Hyrzyńska'),
(30, 'KI', 'K.Ignaczewska'),
(31, 'AJ', 'A.Janicka'),
(32, 'RJ', 'R.Janik'),
(33, 'JM', 'M.Januszewska'),
(34, 'JR', 'S.Jarecki'),
(35, 'MJ', 'M.Jasiński'),
(36, 'JŚ', 'A.Jaśkowiak'),
(37, 'TJ', 'T.Jendryczka'),
(38, 'KK', 'K.Kalenik'),
(39, 'KT', 'D.Kalinowska-Iwaniec'),
(40, 'RK', 'R.Kardela'),
(41, 'JK', 'J.Karwowska'),
(42, 'KN', 'M.Karzarnowicz'),
(43, 'KO', 'A.Kołodko'),
(44, 'AW', 'A.Konowalski'),
(45, 'MK', 'M.Kryniewski'),
(46, 'KU', 'M.Kujawski'),
(47, 'JL', 'J.Lipiecka'),
(48, 'JŁ', 'J.Łapińska'),
(49, 'ŁA', 'J.Łapiński'),
(50, 'WŁ', 'W.Łaszyn'),
(51, 'PŁ', 'P.Łukjanow'),
(52, 'MQ', 'A.Majewski'),
(53, 'BM', 'B.Matusiak-Szweda'),
(54, 'PW', 'P.Michalec'),
(55, 'MO', 'A.Moeller'),
(56, 'MU', 'A.Musyt-Lewandowska'),
(57, 'NG', 'M.Noga'),
(58, 'NW', 'A.Nowak-Tymińska'),
(59, 'WO', 'W.Ochnik'),
(60, 'EO', 'E.Ochotna'),
(61, 'JO', 'J.Ogrodowczyk'),
(62, 'MP', 'M.Parowińska'),
(63, 'SP', 'S.Piontek'),
(64, 'PE', 'E.Pisarewicz'),
(65, 'KP', 'K.Pisarska-Stubba'),
(66, 'DP', 'D.Piskorska'),
(67, 'AP', 'A.Płatek'),
(68, 'NP', 'N.Płocki'),
(69, 'AR', 'A.Rabczak'),
(70, 'RW', 'A.Rawa'),
(71, 'RZ', 'A.Reszka'),
(72, 'RO', 'K.Rogalski'),
(73, 'NR', 'N.Rommel'),
(74, 'RT', 'P.Rudel'),
(75, 'RU', 'A.Rusajczyk'),
(76, 'SQ', 'M.Sałek'),
(77, 'SD', 'D.Siwicka'),
(78, 'TS', 'T.Sokołowski'),
(79, 'DY', 'D.Sosnowska'),
(80, 'SH', 'W.Stachurski'),
(81, 'SG', 'P.Staruszkiewicz'),
(82, 'SK', 'J.Szenk'),
(83, 'SJ', 'J.Szlaga'),
(84, 'SA', 'I.Szostak'),
(85, 'IT', 'I.Targońska'),
(86, 'TM', 'M.Targoński'),
(87, 'ZT', 'Z.Tomacki'),
(88, 'WT', 'W.Traczewski'),
(89, 'TT', 'T.Truszkowski'),
(90, 'TY', 'K.Tyndzik'),
(91, 'WU', 'W.Uzar'),
(92, 'WQ', 'D.Wachowiak'),
(93, 'BW', 'B.Wąs'),
(94, 'WP', 'A.Wojda'),
(95, 'WJ', 'W.Wroniecki'),
(96, 'WR', 'K.Wrzosek'),
(97, 'UZ', 'U.Zaborowska'),
(98, 'YZ', 'Y.Zadedyurin'),
(99, 'KZ', 'K.Zajfert');

-- --------------------------------------------------------

--
-- Table structure for table `nauczyciele_klasa`
--

CREATE TABLE `nauczyciele_klasa` (
  `id_k` tinyint(4) NOT NULL,
  `id_n` tinyint(4) NOT NULL
) ENGINE=InnoDB DEFAULT CHARSET=utf8mb4 COLLATE=utf8mb4_general_ci;

--
-- Dumping data for table `nauczyciele_klasa`
--

INSERT INTO `nauczyciele_klasa` (`id_k`, `id_n`) VALUES
(1, 8),
(1, 9),
(1, 12),
(1, 14),
(1, 15),
(1, 22),
(1, 23),
(1, 27),
(1, 29),
(1, 37),
(1, 39),
(1, 46),
(1, 50),
(1, 61),
(1, 66),
(1, 69),
(1, 72),
(1, 75),
(1, 84),
(2, 12),
(2, 16),
(2, 19),
(2, 23),
(2, 32),
(2, 33),
(2, 35),
(2, 36),
(2, 39),
(2, 40),
(2, 44),
(2, 53),
(2, 62),
(2, 65),
(2, 66),
(2, 72),
(2, 75),
(2, 84),
(2, 98),
(3, 11),
(3, 12),
(3, 23),
(3, 28),
(3, 31),
(3, 32),
(3, 35),
(3, 37),
(3, 39),
(3, 47),
(3, 49),
(3, 53),
(3, 58),
(3, 62),
(3, 67),
(3, 75),
(3, 82),
(4, 11),
(4, 12),
(4, 14),
(4, 16),
(4, 19),
(4, 20),
(4, 27),
(4, 29),
(4, 35),
(4, 39),
(4, 40),
(4, 50),
(4, 53),
(4, 60),
(4, 62),
(4, 63),
(4, 74),
(4, 75),
(4, 86),
(4, 87),
(5, 7),
(5, 10),
(5, 12),
(5, 15),
(5, 16),
(5, 23),
(5, 24),
(5, 39),
(5, 49),
(5, 58),
(5, 60),
(5, 62),
(5, 65),
(5, 66),
(5, 70),
(5, 75),
(5, 91),
(5, 97),
(5, 99),
(6, 3),
(6, 11),
(6, 12),
(6, 15),
(6, 16),
(6, 17),
(6, 18),
(6, 22),
(6, 23),
(6, 31),
(6, 36),
(6, 39),
(6, 54),
(6, 62),
(6, 66),
(6, 67),
(6, 69),
(6, 75),
(6, 83),
(6, 87),
(6, 91),
(7, 9),
(7, 12),
(7, 16),
(7, 20),
(7, 23),
(7, 28),
(7, 39),
(7, 41),
(7, 43),
(7, 44),
(7, 45),
(7, 58),
(7, 60),
(7, 61),
(7, 62),
(7, 66),
(7, 70),
(7, 74),
(7, 75),
(7, 77),
(7, 97),
(8, 9),
(8, 12),
(8, 17),
(8, 22),
(8, 27),
(8, 46),
(8, 48),
(8, 63),
(8, 67),
(8, 69),
(8, 73),
(8, 81),
(8, 83),
(8, 84),
(8, 90),
(9, 5),
(9, 12),
(9, 15),
(9, 32),
(9, 33),
(9, 39),
(9, 48),
(9, 49),
(9, 58),
(9, 62),
(9, 65),
(9, 69),
(9, 73),
(9, 82),
(9, 84),
(9, 88),
(9, 98),
(10, 6),
(10, 11),
(10, 12),
(10, 17),
(10, 27),
(10, 31),
(10, 32),
(10, 35),
(10, 44),
(10, 48),
(10, 53),
(10, 60),
(10, 61),
(10, 62),
(10, 65),
(10, 67),
(10, 74),
(10, 75),
(11, 11),
(11, 12),
(11, 14),
(11, 27),
(11, 29),
(11, 31),
(11, 35),
(11, 37),
(11, 39),
(11, 49),
(11, 60),
(11, 62),
(11, 63),
(11, 65),
(11, 69),
(11, 72),
(11, 74),
(11, 82),
(11, 86),
(11, 87),
(12, 7),
(12, 8),
(12, 10),
(12, 12),
(12, 20),
(12, 23),
(12, 33),
(12, 34),
(12, 35),
(12, 39),
(12, 45),
(12, 52),
(12, 58),
(12, 59),
(12, 62),
(12, 64),
(12, 65),
(12, 77),
(12, 83),
(12, 88),
(12, 97),
(13, 8),
(13, 12),
(13, 20),
(13, 21),
(13, 29),
(13, 31),
(13, 34),
(13, 35),
(13, 45),
(13, 47),
(13, 52),
(13, 54),
(13, 59),
(13, 62),
(13, 64),
(13, 65),
(13, 70),
(13, 74),
(13, 88),
(13, 99),
(14, 8),
(14, 9),
(14, 12),
(14, 21),
(14, 22),
(14, 30),
(14, 33),
(14, 34),
(14, 36),
(14, 39),
(14, 40),
(14, 45),
(14, 47),
(14, 52),
(14, 54),
(14, 59),
(14, 62),
(14, 65),
(14, 70),
(14, 72),
(14, 82),
(14, 88),
(15, 12),
(15, 18),
(15, 28),
(15, 35),
(15, 39),
(15, 51),
(15, 60),
(15, 61),
(15, 62),
(15, 65),
(15, 67),
(15, 73),
(15, 74),
(15, 75),
(15, 83),
(15, 84),
(15, 87),
(15, 88),
(15, 91),
(16, 8),
(16, 12),
(16, 14),
(16, 16),
(16, 21),
(16, 22),
(16, 30),
(16, 34),
(16, 35),
(16, 41),
(16, 45),
(16, 48),
(16, 57),
(16, 65),
(16, 70),
(16, 72),
(16, 77),
(16, 83),
(16, 92),
(17, 8),
(17, 11),
(17, 14),
(17, 36),
(17, 38),
(17, 46),
(17, 63),
(17, 67),
(17, 69),
(17, 74),
(17, 78),
(17, 79),
(17, 90),
(18, 2),
(18, 12),
(18, 13),
(18, 16),
(18, 17),
(18, 21),
(18, 30),
(18, 32),
(18, 33),
(18, 48),
(18, 49),
(18, 58),
(18, 62),
(18, 66),
(18, 73),
(18, 74),
(18, 85),
(18, 98),
(19, 6),
(19, 16),
(19, 21),
(19, 30),
(19, 32),
(19, 33),
(19, 46),
(19, 47),
(19, 50),
(19, 58),
(19, 62),
(19, 63),
(19, 67),
(19, 74),
(19, 77),
(19, 93),
(19, 95),
(20, 3),
(20, 9),
(20, 14),
(20, 16),
(20, 20),
(20, 21),
(20, 29),
(20, 30),
(20, 47),
(20, 58),
(20, 60),
(20, 66),
(20, 67),
(20, 72),
(20, 74),
(20, 83),
(20, 86),
(20, 87),
(20, 90),
(21, 9),
(21, 11),
(21, 14),
(21, 17),
(21, 26),
(21, 30),
(21, 33),
(21, 34),
(21, 40),
(21, 45),
(21, 48),
(21, 58),
(21, 59),
(21, 69),
(21, 72),
(21, 73),
(21, 74),
(21, 76),
(21, 77),
(21, 89),
(22, 9),
(22, 10),
(22, 11),
(22, 12),
(22, 17),
(22, 20),
(22, 28),
(22, 34),
(22, 40),
(22, 45),
(22, 53),
(22, 58),
(22, 59),
(22, 60),
(22, 65),
(22, 69),
(22, 76),
(22, 79),
(22, 88),
(22, 89),
(22, 91),
(23, 7),
(23, 11),
(23, 12),
(23, 14),
(23, 16),
(23, 23),
(23, 24),
(23, 31),
(23, 32),
(23, 34),
(23, 45),
(23, 49),
(23, 59),
(23, 61),
(23, 65),
(23, 69),
(23, 74),
(23, 76),
(23, 83),
(23, 89),
(24, 1),
(24, 8),
(24, 11),
(24, 14),
(24, 16),
(24, 24),
(24, 30),
(24, 33),
(24, 34),
(24, 36),
(24, 41),
(24, 47),
(24, 50),
(24, 54),
(24, 58),
(24, 69),
(24, 72),
(24, 74),
(24, 92),
(25, 10),
(25, 17),
(25, 18),
(25, 21),
(25, 28),
(25, 30),
(25, 33),
(25, 37),
(25, 44),
(25, 49),
(25, 51),
(25, 58),
(25, 61),
(25, 62),
(25, 69),
(25, 74),
(25, 81),
(25, 84),
(25, 88),
(26, 2),
(26, 9),
(26, 10),
(26, 13),
(26, 20),
(26, 30),
(26, 32),
(26, 48),
(26, 58),
(26, 73),
(26, 88),
(26, 97),
(26, 98),
(26, 99),
(27, 6),
(27, 14),
(27, 21),
(27, 30),
(27, 32),
(27, 33),
(27, 46),
(27, 47),
(27, 50),
(27, 54),
(27, 58),
(27, 63),
(27, 67),
(27, 88),
(27, 90),
(27, 93),
(28, 10),
(28, 21),
(28, 29),
(28, 30),
(28, 33),
(28, 38),
(28, 50),
(28, 58),
(28, 61),
(28, 67),
(28, 87),
(28, 88),
(28, 90),
(29, 8),
(29, 11),
(29, 17),
(29, 19),
(29, 24),
(29, 28),
(29, 31),
(29, 40),
(29, 53),
(29, 60),
(29, 74),
(29, 77),
(29, 80),
(29, 88),
(29, 99),
(30, 4),
(30, 8),
(30, 24),
(30, 31),
(30, 33),
(30, 36),
(30, 43),
(30, 54),
(30, 58),
(30, 66),
(30, 69),
(30, 81),
(30, 84),
(30, 88),
(30, 99),
(31, 4),
(31, 8),
(31, 10),
(31, 11),
(31, 16),
(31, 22),
(31, 24),
(31, 31),
(31, 44),
(31, 48),
(31, 49),
(31, 66),
(31, 69),
(31, 81),
(32, 1),
(32, 8),
(32, 10),
(32, 16),
(32, 20),
(32, 29),
(32, 44),
(32, 54),
(32, 57),
(32, 60),
(32, 71),
(32, 74),
(32, 75),
(32, 84),
(32, 88),
(33, 10),
(33, 11),
(33, 16),
(33, 18),
(33, 20),
(33, 21),
(33, 22),
(33, 31),
(33, 36),
(33, 51),
(33, 54),
(33, 61),
(33, 64),
(33, 66),
(33, 83),
(33, 88),
(34, 8),
(34, 10),
(34, 22),
(34, 24),
(34, 29),
(34, 31),
(34, 32),
(34, 33),
(34, 39),
(34, 56),
(34, 73),
(34, 74),
(34, 77),
(34, 89),
(34, 98),
(35, 6),
(35, 11),
(35, 14),
(35, 18),
(35, 46),
(35, 47),
(35, 48),
(35, 49),
(35, 51),
(35, 58),
(35, 67),
(35, 74),
(35, 85),
(35, 88),
(36, 22),
(36, 26),
(36, 31),
(36, 36),
(36, 61),
(36, 67),
(36, 74),
(36, 81),
(36, 87),
(36, 90),
(37, 8),
(37, 14),
(37, 20),
(37, 22),
(37, 34),
(37, 41),
(37, 60),
(37, 74),
(37, 77),
(37, 83),
(37, 93),
(38, 8),
(38, 22),
(38, 33),
(38, 41),
(38, 43),
(38, 49),
(38, 50),
(38, 58),
(38, 60),
(38, 61),
(38, 91),
(38, 93),
(39, 10),
(39, 14),
(39, 28),
(39, 41),
(39, 43),
(39, 57),
(39, 60),
(39, 72),
(39, 74),
(39, 81),
(39, 88),
(39, 99),
(40, 11),
(40, 18),
(40, 48),
(40, 51),
(40, 58),
(40, 60),
(40, 65),
(40, 73),
(40, 77),
(40, 99),
(41, 4),
(41, 16),
(41, 29),
(41, 31),
(41, 47),
(41, 54),
(41, 57),
(41, 61),
(41, 65),
(41, 66),
(41, 71),
(41, 85);

-- --------------------------------------------------------

--
-- Table structure for table `nauczyciele_przedmiot`
--

CREATE TABLE `nauczyciele_przedmiot` (
  `id_n` tinyint(4) NOT NULL,
  `id_p` tinyint(4) NOT NULL
) ENGINE=InnoDB DEFAULT CHARSET=utf8mb4 COLLATE=utf8mb4_general_ci;

--
-- Dumping data for table `nauczyciele_przedmiot`
--

INSERT INTO `nauczyciele_przedmiot` (`id_n`, `id_p`) VALUES
(1, 1),
(1, 2),
(1, 3),
(2, 4),
(2, 5),
(3, 6),
(3, 7),
(4, 1),
(4, 2),
(4, 3),
(5, 5),
(6, 8),
(7, 9),
(8, 10),
(8, 11),
(8, 12),
(9, 11),
(9, 13),
(10, 10),
(10, 11),
(11, 11),
(11, 14),
(12, 15),
(12, 16),
(13, 4),
(13, 5),
(14, 10),
(14, 11),
(14, 12),
(15, 13),
(16, 11),
(16, 44),
(17, 10),
(17, 12),
(17, 51),
(18, 17),
(18, 18),
(18, 19),
(18, 20),
(18, 21),
(18, 22),
(18, 23),
(19, 24),
(19, 25),
(19, 26),
(20, 11),
(20, 27),
(21, 28),
(22, 11),
(22, 29),
(22, 30),
(23, 3),
(23, 11),
(23, 31),
(23, 32),
(23, 33),
(24, 31),
(24, 34),
(24, 35),
(24, 36),
(24, 37),
(24, 38),
(24, 39),
(26, 11),
(26, 40),
(27, 41),
(27, 42),
(27, 43),
(28, 9),
(28, 11),
(29, 9),
(29, 11),
(30, 11),
(30, 15),
(30, 45),
(31, 11),
(31, 44),
(32, 11),
(32, 27),
(33, 11),
(33, 44),
(34, 1),
(34, 2),
(34, 31),
(34, 33),
(34, 47),
(34, 48),
(34, 49),
(35, 13),
(36, 9),
(36, 11),
(37, 24),
(37, 26),
(37, 60),
(38, 11),
(38, 27),
(39, 11),
(39, 83),
(40, 3),
(41, 3),
(41, 34),
(41, 36),
(43, 1),
(43, 2),
(43, 3),
(43, 11),
(43, 48),
(44, 24),
(44, 40),
(45, 1),
(46, 24),
(46, 70),
(46, 72),
(46, 74),
(47, 10),
(47, 11),
(47, 12),
(48, 9),
(48, 11),
(49, 27),
(50, 11),
(50, 40),
(51, 11),
(51, 17),
(51, 19),
(51, 21),
(51, 22),
(51, 23),
(51, 56),
(51, 57),
(51, 58),
(52, 37),
(52, 38),
(53, 10),
(54, 11),
(54, 27),
(56, 40),
(57, 1),
(57, 2),
(57, 76),
(57, 78),
(58, 29),
(58, 30),
(58, 45),
(58, 46),
(59, 31),
(59, 39),
(59, 71),
(60, 11),
(60, 44),
(61, 10),
(61, 11),
(61, 12),
(62, 2),
(62, 3),
(62, 48),
(62, 50),
(63, 26),
(63, 70),
(63, 73),
(64, 45),
(65, 11),
(65, 29),
(65, 30),
(65, 46),
(66, 10),
(66, 12),
(67, 11),
(67, 41),
(67, 42),
(67, 52),
(67, 53),
(67, 54),
(67, 55),
(69, 11),
(69, 25),
(70, 3),
(71, 77),
(71, 79),
(72, 11),
(72, 27),
(73, 10),
(73, 11),
(74, 11),
(74, 29),
(74, 46),
(75, 25),
(75, 85),
(76, 34),
(76, 36),
(77, 11),
(77, 27),
(78, 70),
(78, 74),
(79, 40),
(80, 1),
(80, 2),
(81, 11),
(81, 27),
(82, 40),
(83, 11),
(83, 40),
(84, 14),
(85, 40),
(86, 60),
(86, 69),
(86, 81),
(87, 32),
(87, 60),
(87, 61),
(87, 62),
(87, 63),
(87, 64),
(88, 11),
(88, 30),
(88, 44),
(89, 31),
(89, 33),
(89, 37),
(89, 39),
(89, 71),
(90, 8),
(90, 54),
(90, 59),
(90, 65),
(90, 66),
(90, 67),
(90, 73),
(91, 11),
(91, 27),
(92, 75),
(92, 84),
(93, 9),
(93, 11),
(95, 73),
(97, 28),
(98, 4),
(98, 35),
(98, 68),
(98, 80),
(98, 82),
(99, 11),
(99, 40);

-- --------------------------------------------------------

--
-- Table structure for table `plan_lekcji`
--

CREATE TABLE `plan_lekcji` (
  `id` int(11) NOT NULL,
  `id_k` tinyint(4) DEFAULT NULL,
  `id_p` tinyint(4) DEFAULT NULL,
  `id_n` tinyint(4) DEFAULT NULL,
  `id_s` tinyint(4) DEFAULT NULL,
  `id_g` tinyint(4) DEFAULT NULL,
  `dzien` tinyint(4) DEFAULT NULL
) ENGINE=InnoDB DEFAULT CHARSET=utf8mb4 COLLATE=utf8mb4_general_ci;

--
-- Dumping data for table `plan_lekcji`
--

INSERT INTO `plan_lekcji` (`id`, `id_k`, `id_p`, `id_n`, `id_s`, `id_g`, `dzien`) VALUES
(1, 1, 3, 70, 1, 1, 1),
(2, 1, 9, 28, 1, 2, 1),
(3, 1, 9, 29, 1, 3, 1),
(4, 1, 10, 61, 1, 4, 1),
(5, 1, 10, 47, 1, 5, 1),
(6, 1, 10, 53, 1, 6, 1),
(7, 1, 11, 93, 1, 7, 1),
(8, 1, 12, 61, 1, 8, 1),
(9, 1, 13, 35, 1, 9, 1),
(10, 1, 14, 84, 1, 1, 3),
(11, 1, 16, 12, 1, 2, 3),
(12, 1, 24, 46, 1, 3, 3),
(13, 1, 24, 19, 1, 4, 3),
(14, 1, 24, 46, 1, 5, 3),
(15, 1, 25, 75, 1, 6, 3),
(16, 1, 27, 38, 1, 7, 3),
(17, 1, 27, 49, 1, 8, 3),
(18, 1, 27, 81, 1, 9, 3),
(19, 1, 29, 74, 1, 1, 4),
(20, 1, 32, 23, 1, 2, 4),
(21, 1, 40, 83, 1, 3, 4),
(22, 1, 40, 85, 1, 4, 4),
(23, 1, 42, 67, 1, 5, 4),
(24, 1, 42, 27, 1, 6, 4),
(25, 1, 42, 27, 1, 7, 4),
(26, 1, 83, 39, 1, 8, 4),
(27, 1, 85, 75, 1, 9, 4);

-- --------------------------------------------------------

--
-- Table structure for table `przedmiot`
--

CREATE TABLE `przedmiot` (
  `id_p` tinyint(4) NOT NULL,
  `nazwa` varchar(50) NOT NULL,
  `typ` varchar(17) DEFAULT NULL
) ENGINE=InnoDB DEFAULT CHARSET=utf8mb4 COLLATE=utf8mb4_general_ci;

--
-- Dumping data for table `przedmiot`
--

INSERT INTO `przedmiot` (`id_p`, `nazwa`, `typ`) VALUES
(1, 'Prac_witr_ap', 'inna'),
(2, 'Witr_i_apl', 'inna'),
(3, 'informatyka', 'inna'),
(4, 'Prac.Eks.U.E', 'inna'),
(5, 'Prac.M_I.U.E', 'inna'),
(6, 'pom_me_ciep', 'inna'),
(7, 'Prac.rys.t', 'inna'),
(8, 'Maszyny_i_na', 'inna'),
(9, 'j.polski', 'inna'),
(10, 'j.angielski', 'inna'),
(11, 'zaj.wych', 'inna'),
(12, 'j.ang.zaw', 'inna'),
(13, 'religia', 'inna'),
(14, 'biologia', 'inna'),
(15, 'przedsięb', 'inna'),
(16, 'bizn.i_zarz', 'inna'),
(17, 'Prac.Eks.Eod', 'inna'),
(18, 'Prac.Kos.Dok', 'inna'),
(19, 'Tech.Mon.Eod', 'inna'),
(20, 'Bud.Kosztory', 'inna'),
(21, 'Prac.Obs.Eod', 'inna'),
(22, 'Prac.Mon.Eod', 'inna'),
(23, 'Prac.Moni.Eo', 'inna'),
(24, 'Prac_EiE', 'inna'),
(25, 'fizyka', 'inna'),
(26, 'pom_elektr', 'inna'),
(27, 'wf', 'inna'),
(28, 'chemia', 'inna'),
(29, 'historia', 'inna'),
(30, 'wos', 'inna'),
(31, 'Prac.admin', 'inna'),
(32, 'BHP', 'inna'),
(33, 'sieć_sys_ope', 'inna'),
(34, 'Prac.ABD', 'inna'),
(35, 'Pom.Uż.Urz.E', 'inna'),
(36, 'sys.baz_dan', 'inna'),
(37, 'Prac.UTK', 'inna'),
(38, 'urz.t.komp', 'inna'),
(39, 'Prac.LSK', 'inna'),
(40, 'matematyka', 'inna'),
(41, 'Instal_elekt', 'inna'),
(42, 'Podst_EiE', 'inna'),
(43, 'Podst_elektr', 'inna'),
(44, 'j.niemiecki', 'inna'),
(45, 'geografia', 'inna'),
(46, 'hist.i_teraź', 'inna'),
(47, 'Prac.Proj.Op', 'inna'),
(48, 'Podst_inf', 'inna'),
(49, 'Proj.Oprogra', 'inna'),
(50, 'plastyka', 'inna'),
(51, 'ang.ind', 'inna'),
(52, 'a_i_u_elekt', 'inna'),
(53, 'UdPEE', 'inna'),
(54, 'UdWEE', 'inna'),
(55, 'Elek.przemys', 'inna'),
(56, 'Ekspl.Eodn', 'inna'),
(57, 'Monit.Eodnaw', 'inna'),
(58, 'Oddział.Eodn', 'inna'),
(59, 'Eudwee', 'inna'),
(60, 'Podst_ene', 'inna'),
(61, 'konstr.mech', 'inna'),
(62, 'Peikiiuec', 'inna'),
(63, 'Instal_i_urz', 'inna'),
(64, 'Tech_konstr', 'inna'),
(65, 'Mumiuel', 'inna'),
(66, 'Eks.Ob.Jąd', 'inna'),
(67, 'Pd.Ene.Jąd', 'inna'),
(68, 'Pod.elektron', 'inna'),
(69, 'Rys_tech', 'inna'),
(70, 'Prac.MUK.Urz', 'inna'),
(71, 'Siec.kompute', 'inna'),
(72, 'Prac.Eks.Ist', 'inna'),
(73, 'Prac.Eks.M_U', 'inna'),
(74, 'Prac.MUK.Ins', 'inna'),
(75, 'Prac.Pro.Obi', 'inna'),
(76, 'Pra.Pr.Te.Do', 'inna'),
(77, 'Prac.Des.Mob', 'inna'),
(78, 'Pr.Te.Dok.Ap', 'inna'),
(79, 'Prog.Des.Mob', 'inna'),
(80, 'MiIUiUE', 'inna'),
(81, 'termodyn', 'inna'),
(82, 'Kons.Nap.IsU', 'inna'),
(83, 'wych.rodz', 'inna'),
(84, 'Prog.Obiekt', 'inna'),
(85, 'e_dla_bezp', 'inna');

-- --------------------------------------------------------

--
-- Table structure for table `przedmiot_klasa`
--

CREATE TABLE `przedmiot_klasa` (
  `id_k` tinyint(4) NOT NULL,
  `id_p` tinyint(4) NOT NULL,
  `ilosc_godzin` tinyint(4) NOT NULL,
  `ilosc_grup` tinyint(4) NOT NULL DEFAULT 1
) ENGINE=InnoDB DEFAULT CHARSET=utf8mb4 COLLATE=utf8mb4_general_ci;

--
-- Dumping data for table `przedmiot_klasa`
--

INSERT INTO `przedmiot_klasa` (`id_k`, `id_p`, `ilosc_godzin`, `ilosc_grup`) VALUES
(1, 3, 1, 1),
(1, 9, 2, 1),
(1, 10, 3, 2),
(1, 11, 1, 1),
(1, 12, 1, 1),
(1, 13, 1, 1),
(1, 14, 1, 1),
(1, 16, 1, 1),
(1, 24, 3, 2),
(1, 25, 1, 1),
(1, 27, 3, 2),
(1, 29, 1, 1),
(1, 32, 1, 1),
(1, 40, 2, 1),
(1, 42, 3, 1),
(1, 83, 1, 1),
(1, 85, 1, 1),
(2, 3, 1, 1),
(2, 9, 1, 1),
(2, 10, 1, 1),
(2, 11, 1, 1),
(2, 13, 1, 1),
(2, 14, 1, 1),
(2, 16, 1, 1),
(2, 24, 1, 1),
(2, 25, 1, 1),
(2, 27, 1, 1),
(2, 29, 1, 1),
(2, 32, 1, 1),
(2, 40, 1, 1),
(2, 44, 1, 1),
(2, 50, 1, 1),
(2, 68, 1, 1),
(2, 83, 1, 1),
(2, 85, 1, 1),
(3, 3, 1, 1),
(3, 9, 1, 1),
(3, 10, 1, 1),
(3, 11, 1, 1),
(3, 13, 1, 1),
(3, 14, 1, 1),
(3, 16, 1, 1),
(3, 24, 1, 1),
(3, 25, 1, 1),
(3, 27, 1, 1),
(3, 29, 1, 1),
(3, 32, 1, 1),
(3, 40, 1, 1),
(3, 42, 1, 1),
(3, 44, 1, 1),
(3, 50, 1, 1),
(3, 83, 1, 1),
(3, 85, 1, 1),
(4, 3, 1, 1),
(4, 9, 1, 1),
(4, 10, 1, 1),
(4, 11, 1, 1),
(4, 13, 1, 1),
(4, 14, 1, 1),
(4, 16, 1, 1),
(4, 25, 1, 1),
(4, 26, 1, 1),
(4, 27, 1, 1),
(4, 29, 1, 1),
(4, 32, 1, 1),
(4, 40, 1, 1),
(4, 43, 1, 1),
(4, 44, 1, 1),
(4, 50, 1, 1),
(4, 60, 1, 1),
(4, 64, 1, 1),
(4, 69, 1, 1),
(4, 83, 1, 1),
(4, 85, 1, 1),
(5, 3, 1, 1),
(5, 9, 1, 1),
(5, 10, 1, 1),
(5, 11, 1, 1),
(5, 13, 1, 1),
(5, 16, 1, 1),
(5, 27, 1, 1),
(5, 28, 1, 1),
(5, 29, 1, 1),
(5, 31, 1, 1),
(5, 32, 1, 1),
(5, 33, 1, 1),
(5, 37, 1, 1),
(5, 38, 1, 1),
(5, 40, 1, 1),
(5, 44, 1, 1),
(5, 45, 1, 1),
(5, 48, 1, 1),
(5, 50, 1, 1),
(5, 83, 1, 1),
(5, 85, 1, 1),
(6, 3, 1, 1),
(6, 7, 1, 1),
(6, 9, 1, 1),
(6, 10, 1, 1),
(6, 11, 1, 1),
(6, 13, 1, 1),
(6, 14, 1, 1),
(6, 16, 1, 1),
(6, 18, 1, 1),
(6, 20, 1, 1),
(6, 25, 1, 1),
(6, 27, 1, 1),
(6, 29, 1, 1),
(6, 32, 1, 1),
(6, 40, 1, 1),
(6, 44, 1, 1),
(6, 50, 1, 1),
(6, 55, 1, 1),
(6, 60, 1, 1),
(6, 61, 1, 1),
(6, 83, 1, 1),
(6, 85, 1, 1),
(7, 1, 1, 1),
(7, 2, 1, 1),
(7, 3, 1, 1),
(7, 9, 1, 1),
(7, 10, 1, 1),
(7, 11, 1, 1),
(7, 13, 1, 1),
(7, 16, 1, 1),
(7, 27, 1, 1),
(7, 28, 1, 1),
(7, 29, 1, 1),
(7, 32, 1, 1),
(7, 34, 1, 1),
(7, 36, 1, 1),
(7, 40, 1, 1),
(7, 44, 1, 1),
(7, 45, 1, 1),
(7, 48, 1, 1),
(7, 50, 1, 1),
(7, 83, 1, 1),
(7, 85, 1, 1),
(8, 8, 1, 1),
(8, 9, 1, 1),
(8, 10, 1, 1),
(8, 11, 1, 1),
(8, 13, 1, 1),
(8, 14, 1, 1),
(8, 16, 1, 1),
(8, 25, 1, 1),
(8, 27, 1, 1),
(8, 29, 1, 1),
(8, 40, 1, 1),
(8, 41, 1, 1),
(8, 42, 1, 1),
(8, 52, 1, 1),
(8, 70, 1, 1),
(9, 3, 1, 1),
(9, 5, 1, 1),
(9, 9, 1, 1),
(9, 10, 1, 1),
(9, 11, 1, 1),
(9, 13, 1, 1),
(9, 14, 1, 1),
(9, 16, 1, 1),
(9, 25, 1, 1),
(9, 27, 1, 1),
(9, 29, 1, 1),
(9, 40, 1, 1),
(9, 44, 1, 1),
(9, 46, 1, 1),
(9, 68, 1, 1),
(9, 80, 1, 1),
(9, 83, 1, 1),
(10, 3, 1, 1),
(10, 8, 1, 1),
(10, 9, 1, 1),
(10, 10, 1, 1),
(10, 11, 1, 1),
(10, 12, 1, 1),
(10, 13, 1, 1),
(10, 14, 1, 1),
(10, 16, 1, 1),
(10, 25, 1, 1),
(10, 27, 1, 1),
(10, 29, 1, 1),
(10, 40, 1, 1),
(10, 41, 1, 1),
(10, 42, 1, 1),
(10, 44, 1, 1),
(10, 46, 1, 1),
(10, 51, 1, 1),
(10, 52, 1, 1),
(11, 3, 1, 1),
(11, 9, 1, 1),
(11, 10, 1, 1),
(11, 11, 1, 1),
(11, 13, 1, 1),
(11, 14, 1, 1),
(11, 16, 1, 1),
(11, 25, 1, 1),
(11, 26, 1, 1),
(11, 27, 1, 1),
(11, 29, 1, 1),
(11, 40, 1, 1),
(11, 43, 1, 1),
(11, 44, 1, 1),
(11, 46, 1, 1),
(11, 60, 1, 1),
(11, 64, 1, 1),
(11, 81, 1, 1),
(11, 83, 1, 1),
(12, 1, 1, 1),
(12, 2, 1, 1),
(12, 3, 1, 1),
(12, 9, 1, 1),
(12, 10, 1, 1),
(12, 11, 1, 1),
(12, 13, 1, 1),
(12, 16, 1, 1),
(12, 27, 1, 1),
(12, 28, 1, 1),
(12, 29, 1, 1),
(12, 31, 1, 1),
(12, 33, 1, 1),
(12, 37, 1, 1),
(12, 38, 1, 1),
(12, 39, 1, 1),
(12, 40, 1, 1),
(12, 44, 1, 1),
(12, 45, 1, 1),
(12, 46, 1, 1),
(12, 71, 1, 1),
(12, 83, 1, 1),
(13, 1, 1, 1),
(13, 2, 1, 1),
(13, 3, 1, 1),
(13, 9, 1, 1),
(13, 10, 1, 1),
(13, 11, 1, 1),
(13, 13, 1, 1),
(13, 16, 1, 1),
(13, 27, 1, 1),
(13, 28, 1, 1),
(13, 29, 1, 1),
(13, 31, 1, 1),
(13, 33, 1, 1),
(13, 37, 1, 1),
(13, 38, 1, 1),
(13, 39, 1, 1),
(13, 40, 1, 1),
(13, 44, 1, 1),
(13, 45, 1, 1),
(13, 46, 1, 1),
(13, 71, 1, 1),
(14, 1, 1, 1),
(14, 2, 1, 1),
(14, 3, 1, 1),
(14, 9, 1, 1),
(14, 10, 1, 1),
(14, 11, 1, 1),
(14, 13, 1, 1),
(14, 16, 1, 1),
(14, 27, 1, 1),
(14, 28, 1, 1),
(14, 29, 1, 1),
(14, 31, 1, 1),
(14, 33, 1, 1),
(14, 37, 1, 1),
(14, 38, 1, 1),
(14, 39, 1, 1),
(14, 40, 1, 1),
(14, 44, 1, 1),
(14, 45, 1, 1),
(14, 46, 1, 1),
(14, 71, 1, 1),
(14, 83, 1, 1),
(15, 3, 1, 1),
(15, 9, 1, 1),
(15, 10, 1, 1),
(15, 11, 1, 1),
(15, 13, 1, 1),
(15, 14, 1, 1),
(15, 16, 1, 1),
(15, 19, 1, 1),
(15, 21, 1, 1),
(15, 25, 1, 1),
(15, 27, 1, 1),
(15, 29, 1, 1),
(15, 40, 1, 1),
(15, 44, 1, 1),
(15, 46, 1, 1),
(15, 55, 1, 1),
(15, 60, 1, 1),
(15, 83, 1, 1),
(16, 1, 1, 1),
(16, 2, 1, 1),
(16, 3, 1, 1),
(16, 9, 1, 1),
(16, 10, 1, 1),
(16, 11, 1, 1),
(16, 13, 1, 1),
(16, 16, 1, 1),
(16, 27, 1, 1),
(16, 28, 1, 1),
(16, 29, 1, 1),
(16, 34, 1, 1),
(16, 36, 1, 1),
(16, 40, 1, 1),
(16, 44, 1, 1),
(16, 45, 1, 1),
(16, 46, 1, 1),
(16, 48, 1, 1),
(16, 75, 1, 1),
(16, 84, 1, 1),
(17, 8, 1, 1),
(17, 9, 1, 1),
(17, 10, 1, 1),
(17, 11, 1, 1),
(17, 13, 1, 1),
(17, 14, 1, 1),
(17, 25, 1, 1),
(17, 27, 1, 1),
(17, 29, 1, 1),
(17, 40, 1, 1),
(17, 41, 1, 1),
(17, 52, 1, 1),
(17, 70, 1, 1),
(17, 74, 1, 1),
(18, 3, 1, 1),
(18, 5, 1, 1),
(18, 9, 1, 1),
(18, 10, 1, 1),
(18, 11, 1, 1),
(18, 12, 1, 1),
(18, 13, 1, 1),
(18, 15, 1, 1),
(18, 27, 1, 1),
(18, 28, 1, 1),
(18, 29, 1, 1),
(18, 40, 1, 1),
(18, 44, 1, 1),
(18, 45, 1, 1),
(18, 46, 1, 1),
(18, 68, 1, 1),
(18, 80, 1, 1),
(19, 3, 1, 1),
(19, 8, 1, 1),
(19, 9, 1, 1),
(19, 10, 1, 1),
(19, 11, 1, 1),
(19, 13, 1, 1),
(19, 15, 1, 1),
(19, 27, 1, 1),
(19, 28, 1, 1),
(19, 29, 1, 1),
(19, 40, 1, 1),
(19, 41, 1, 1),
(19, 44, 1, 1),
(19, 45, 1, 1),
(19, 46, 1, 1),
(19, 52, 1, 1),
(19, 72, 1, 1),
(19, 73, 1, 1),
(20, 3, 1, 1),
(20, 6, 1, 1),
(20, 9, 1, 1),
(20, 10, 1, 1),
(20, 11, 1, 1),
(20, 12, 1, 1),
(20, 13, 1, 1),
(20, 15, 1, 1),
(20, 27, 1, 1),
(20, 28, 1, 1),
(20, 29, 1, 1),
(20, 40, 1, 1),
(20, 44, 1, 1),
(20, 45, 1, 1),
(20, 46, 1, 1),
(20, 53, 1, 1),
(20, 54, 1, 1),
(20, 60, 1, 1),
(20, 63, 1, 1),
(21, 1, 1, 1),
(21, 2, 1, 1),
(21, 3, 1, 1),
(21, 9, 1, 1),
(21, 10, 1, 1),
(21, 11, 1, 1),
(21, 12, 1, 1),
(21, 13, 1, 1),
(21, 14, 1, 1),
(21, 15, 1, 1),
(21, 25, 1, 1),
(21, 27, 1, 1),
(21, 29, 1, 1),
(21, 31, 1, 1),
(21, 33, 1, 1),
(21, 34, 1, 1),
(21, 36, 1, 1),
(21, 39, 1, 1),
(21, 40, 1, 1),
(21, 44, 1, 1),
(21, 46, 1, 1),
(21, 71, 1, 1),
(22, 1, 1, 1),
(22, 2, 1, 1),
(22, 3, 1, 1),
(22, 9, 1, 1),
(22, 10, 1, 1),
(22, 11, 1, 1),
(22, 12, 1, 1),
(22, 13, 1, 1),
(22, 14, 1, 1),
(22, 15, 1, 1),
(22, 25, 1, 1),
(22, 27, 1, 1),
(22, 29, 1, 1),
(22, 31, 1, 1),
(22, 33, 1, 1),
(22, 34, 1, 1),
(22, 36, 1, 1),
(22, 39, 1, 1),
(22, 40, 1, 1),
(22, 44, 1, 1),
(22, 46, 1, 1),
(22, 71, 1, 1),
(23, 1, 1, 1),
(23, 2, 1, 1),
(23, 3, 1, 1),
(23, 9, 1, 1),
(23, 10, 1, 1),
(23, 11, 1, 1),
(23, 12, 1, 1),
(23, 13, 1, 1),
(23, 14, 1, 1),
(23, 15, 1, 1),
(23, 25, 1, 1),
(23, 27, 1, 1),
(23, 29, 1, 1),
(23, 31, 1, 1),
(23, 33, 1, 1),
(23, 34, 1, 1),
(23, 36, 1, 1),
(23, 39, 1, 1),
(23, 40, 1, 1),
(23, 44, 1, 1),
(23, 46, 1, 1),
(23, 51, 1, 1),
(23, 71, 1, 1),
(24, 1, 1, 1),
(24, 2, 1, 1),
(24, 3, 1, 1),
(24, 9, 1, 1),
(24, 10, 1, 1),
(24, 11, 1, 1),
(24, 12, 1, 1),
(24, 13, 1, 1),
(24, 14, 1, 1),
(24, 15, 1, 1),
(24, 25, 1, 1),
(24, 27, 1, 1),
(24, 29, 1, 1),
(24, 34, 1, 1),
(24, 36, 1, 1),
(24, 40, 1, 1),
(24, 44, 1, 1),
(24, 46, 1, 1),
(24, 47, 1, 1),
(24, 49, 1, 1),
(25, 3, 1, 1),
(25, 9, 1, 1),
(25, 10, 1, 1),
(25, 11, 1, 1),
(25, 12, 1, 1),
(25, 13, 1, 1),
(25, 14, 1, 1),
(25, 15, 1, 1),
(25, 19, 1, 1),
(25, 21, 1, 1),
(25, 22, 1, 1),
(25, 27, 1, 1),
(25, 28, 1, 1),
(25, 29, 1, 1),
(25, 40, 1, 1),
(25, 44, 1, 1),
(25, 45, 1, 1),
(25, 46, 1, 1),
(25, 60, 1, 1),
(26, 4, 1, 1),
(26, 9, 1, 1),
(26, 10, 1, 1),
(26, 11, 1, 1),
(26, 13, 1, 1),
(26, 27, 1, 1),
(26, 28, 1, 1),
(26, 29, 1, 1),
(26, 30, 1, 1),
(26, 35, 1, 1),
(26, 40, 1, 1),
(26, 44, 1, 1),
(26, 45, 1, 1),
(26, 68, 1, 1),
(26, 82, 1, 1),
(27, 8, 1, 1),
(27, 9, 1, 1),
(27, 10, 1, 1),
(27, 11, 1, 1),
(27, 13, 1, 1),
(27, 27, 1, 1),
(27, 28, 1, 1),
(27, 29, 1, 1),
(27, 30, 1, 1),
(27, 40, 1, 1),
(27, 41, 1, 1),
(27, 44, 1, 1),
(27, 45, 1, 1),
(27, 52, 1, 1),
(27, 72, 1, 1),
(27, 73, 1, 1),
(28, 9, 1, 1),
(28, 10, 1, 1),
(28, 11, 1, 1),
(28, 12, 1, 1),
(28, 13, 1, 1),
(28, 27, 1, 1),
(28, 28, 1, 1),
(28, 29, 1, 1),
(28, 30, 1, 1),
(28, 40, 1, 1),
(28, 44, 1, 1),
(28, 45, 1, 1),
(28, 53, 1, 1),
(28, 54, 1, 1),
(28, 62, 1, 1),
(28, 63, 1, 1),
(28, 65, 1, 1),
(29, 1, 1, 1),
(29, 2, 1, 1),
(29, 3, 1, 1),
(29, 9, 1, 1),
(29, 10, 1, 1),
(29, 11, 1, 1),
(29, 12, 1, 1),
(29, 13, 1, 1),
(29, 14, 1, 1),
(29, 25, 1, 1),
(29, 27, 1, 1),
(29, 29, 1, 1),
(29, 30, 1, 1),
(29, 34, 1, 1),
(29, 36, 1, 1),
(29, 40, 1, 1),
(29, 44, 1, 1),
(30, 1, 1, 1),
(30, 2, 1, 1),
(30, 3, 1, 1),
(30, 9, 1, 1),
(30, 10, 1, 1),
(30, 11, 1, 1),
(30, 12, 1, 1),
(30, 13, 1, 1),
(30, 14, 1, 1),
(30, 25, 1, 1),
(30, 27, 1, 1),
(30, 29, 1, 1),
(30, 30, 1, 1),
(30, 34, 1, 1),
(30, 36, 1, 1),
(30, 40, 1, 1),
(30, 44, 1, 1),
(31, 1, 1, 1),
(31, 2, 1, 1),
(31, 9, 1, 1),
(31, 10, 1, 1),
(31, 11, 1, 1),
(31, 12, 1, 1),
(31, 13, 1, 1),
(31, 14, 1, 1),
(31, 25, 1, 1),
(31, 27, 1, 1),
(31, 29, 1, 1),
(31, 30, 1, 1),
(31, 34, 1, 1),
(31, 36, 1, 1),
(31, 40, 1, 1),
(31, 44, 1, 1),
(32, 3, 1, 1),
(32, 9, 1, 1),
(32, 10, 1, 1),
(32, 11, 1, 1),
(32, 13, 1, 1),
(32, 14, 1, 1),
(32, 25, 1, 1),
(32, 27, 1, 1),
(32, 29, 1, 1),
(32, 30, 1, 1),
(32, 40, 1, 1),
(32, 44, 1, 1),
(32, 76, 1, 1),
(32, 77, 1, 1),
(32, 78, 1, 1),
(32, 79, 1, 1),
(33, 9, 1, 1),
(33, 10, 1, 1),
(33, 11, 1, 1),
(33, 12, 1, 1),
(33, 13, 1, 1),
(33, 14, 1, 1),
(33, 17, 1, 1),
(33, 23, 1, 1),
(33, 27, 1, 1),
(33, 28, 1, 1),
(33, 29, 1, 1),
(33, 30, 1, 1),
(33, 40, 1, 1),
(33, 44, 1, 1),
(33, 45, 1, 1),
(33, 56, 1, 1),
(33, 57, 1, 1),
(33, 58, 1, 1),
(34, 4, 1, 1),
(34, 9, 1, 1),
(34, 10, 1, 1),
(34, 11, 1, 1),
(34, 12, 1, 1),
(34, 13, 1, 1),
(34, 27, 1, 1),
(34, 29, 1, 1),
(34, 30, 1, 1),
(34, 35, 1, 1),
(34, 37, 1, 1),
(34, 40, 1, 1),
(34, 44, 1, 1),
(34, 82, 1, 1),
(35, 8, 1, 1),
(35, 9, 1, 1),
(35, 10, 1, 1),
(35, 11, 1, 1),
(35, 12, 1, 1),
(35, 13, 1, 1),
(35, 22, 1, 1),
(35, 27, 1, 1),
(35, 29, 1, 1),
(35, 30, 1, 1),
(35, 40, 1, 1),
(35, 44, 1, 1),
(35, 52, 1, 1),
(35, 70, 1, 1),
(36, 9, 1, 1),
(36, 10, 1, 1),
(36, 11, 1, 1),
(36, 13, 1, 1),
(36, 27, 1, 1),
(36, 29, 1, 1),
(36, 30, 1, 1),
(36, 40, 1, 1),
(36, 44, 1, 1),
(36, 54, 1, 1),
(36, 59, 1, 1),
(36, 62, 1, 1),
(36, 63, 1, 1),
(36, 66, 1, 1),
(36, 67, 1, 1),
(37, 1, 1, 1),
(37, 2, 1, 1),
(37, 3, 1, 1),
(37, 9, 1, 1),
(37, 10, 1, 1),
(37, 11, 1, 1),
(37, 27, 1, 1),
(37, 29, 1, 1),
(37, 30, 1, 1),
(37, 34, 1, 1),
(37, 36, 1, 1),
(37, 40, 1, 1),
(37, 44, 1, 1),
(38, 1, 1, 1),
(38, 2, 1, 1),
(38, 3, 1, 1),
(38, 9, 1, 1),
(38, 10, 1, 1),
(38, 11, 1, 1),
(38, 13, 1, 1),
(38, 27, 1, 1),
(38, 29, 1, 1),
(38, 30, 1, 1),
(38, 34, 1, 1),
(38, 36, 1, 1),
(38, 40, 1, 1),
(38, 44, 1, 1),
(39, 1, 1, 1),
(39, 2, 1, 1),
(39, 3, 1, 1),
(39, 9, 1, 1),
(39, 10, 1, 1),
(39, 11, 1, 1),
(39, 13, 1, 1),
(39, 27, 1, 1),
(39, 29, 1, 1),
(39, 30, 1, 1),
(39, 34, 1, 1),
(39, 36, 1, 1),
(39, 40, 1, 1),
(39, 44, 1, 1),
(40, 9, 1, 1),
(40, 10, 1, 1),
(40, 11, 1, 1),
(40, 13, 1, 1),
(40, 14, 1, 1),
(40, 17, 1, 1),
(40, 23, 1, 1),
(40, 27, 1, 1),
(40, 29, 1, 1),
(40, 30, 1, 1),
(40, 40, 1, 1),
(40, 44, 1, 1),
(40, 56, 1, 1),
(40, 57, 1, 1),
(41, 3, 1, 1),
(41, 9, 1, 1),
(41, 10, 1, 1),
(41, 11, 1, 1),
(41, 12, 1, 1),
(41, 13, 1, 1),
(41, 27, 1, 1),
(41, 29, 1, 1),
(41, 30, 1, 1),
(41, 40, 1, 1),
(41, 44, 1, 1),
(41, 76, 1, 1),
(41, 77, 1, 1),
(41, 78, 1, 1);

-- --------------------------------------------------------

--
-- Table structure for table `sala`
--

CREATE TABLE `sala` (
  `id_s` tinyint(4) NOT NULL,
  `numer` varchar(4) NOT NULL,
  `rozmiar` tinyint(4) NOT NULL,
  `typ` varchar(17) DEFAULT NULL,
  `wychowawca` char(2) DEFAULT NULL
) ENGINE=InnoDB DEFAULT CHARSET=utf8mb4 COLLATE=utf8mb4_general_ci;

--
-- Dumping data for table `sala`
--

INSERT INTO `sala` (`id_s`, `numer`, `rozmiar`, `typ`, `wychowawca`) VALUES
(1, 'P1_d', 2, 'inna', NULL),
(2, 'P2_o', 2, 'inna', NULL),
(3, 'P3_e', 2, 'inna', NULL),
(4, '5', 2, 'inna', NULL),
(5, '6', 2, 'inna', NULL),
(6, '19', 2, 'inna', NULL),
(7, '20', 2, 'inna', NULL),
(8, '18', 2, 'inna', NULL),
(9, '21', 2, 'inna', NULL),
(10, '08', 2, 'inna', NULL),
(11, '116', 2, 'inna', NULL),
(12, '119', 2, 'inna', NULL),
(13, '133', 2, 'inna', NULL),
(14, '134', 2, 'inna', NULL),
(15, '135', 2, 'inna', NULL),
(16, '142', 2, 'inna', NULL),
(17, '143', 2, 'inna', NULL),
(18, '144', 2, 'inna', NULL),
(19, '204', 2, 'inna', NULL),
(20, '205', 2, 'inna', NULL),
(21, '206', 2, 'inna', NULL),
(22, '208', 2, 'inna', NULL),
(23, '209', 2, 'inna', NULL),
(24, '211', 2, 'inna', NULL),
(25, '212', 2, 'inna', NULL),
(26, '214', 2, 'inna', NULL),
(27, '222', 2, 'inna', NULL),
(28, '223', 2, 'inna', NULL),
(29, '224', 2, 'inna', NULL),
(30, '225', 2, 'inna', NULL),
(31, '228', 2, 'inna', NULL),
(32, '229', 2, 'inna', NULL),
(33, '230', 2, 'inna', NULL),
(34, '231', 2, 'inna', NULL),
(35, '304', 2, 'inna', NULL),
(36, '305', 2, 'inna', NULL),
(37, '306', 2, 'inna', NULL),
(38, '307', 2, 'inna', NULL),
(39, '311', 2, 'inna', NULL),
(40, '313', 2, 'inna', NULL),
(41, '314', 2, 'inna', NULL),
(42, '319', 2, 'inna', NULL),
(43, '320', 2, 'inna', NULL),
(44, '321', 2, 'inna', NULL),
(45, '322', 2, 'inna', NULL),
(46, '323', 2, 'inna', NULL),
(47, '326', 2, 'inna', NULL),
(48, '327', 2, 'inna', NULL),
(49, '328', 2, 'inna', NULL),
(50, '329', 2, 'inna', NULL),
(51, 'czyt', 2, 'inna', NULL),
(52, 'WF_1', 2, 'inna', NULL),
(53, 'WF_2', 2, 'inna', NULL),
(54, 'WF_3', 2, 'inna', NULL),
(55, 'WF_4', 2, 'inna', NULL),
(56, 'WF_5', 2, 'inna', NULL),
(57, 'WF_6', 2, 'inna', NULL),
(58, 'WF_7', 2, 'inna', NULL);

-- --------------------------------------------------------

--
-- Stand-in structure for view `widok_dni_nauczyciele`
-- (See below for the actual view)
--
CREATE TABLE `widok_dni_nauczyciele` (
`dzien` varchar(2)
,`godzina_start` varchar(5)
,`godzina_koniec` varchar(5)
,`nauczyciel` char(2)
);

-- --------------------------------------------------------

--
-- Stand-in structure for view `widok_dni_wolne`
-- (See below for the actual view)
--
CREATE TABLE `widok_dni_wolne` (
`numer_k` char(2)
,`dzien_wolny` varchar(2)
);

-- --------------------------------------------------------

--
-- Stand-in structure for view `widok_nauczyciele_klasa`
-- (See below for the actual view)
--
CREATE TABLE `widok_nauczyciele_klasa` (
`numer_k` char(2)
,`nauczyciel` char(2)
);

-- --------------------------------------------------------

--
-- Stand-in structure for view `widok_nauczyciele_przedmiot`
-- (See below for the actual view)
--
CREATE TABLE `widok_nauczyciele_przedmiot` (
`nauczyciel` char(2)
,`przedmiot` varchar(50)
);

-- --------------------------------------------------------

--
-- Stand-in structure for view `widok_przedmiot_klasa`
-- (See below for the actual view)
--
CREATE TABLE `widok_przedmiot_klasa` (
`numer_k` char(2)
,`przedmiot` varchar(50)
,`ilosc_godzin` tinyint(4)
,`ilosc_grup` tinyint(4)
);

-- --------------------------------------------------------

--
-- Structure for view `widok_dni_nauczyciele`
--
DROP TABLE IF EXISTS `widok_dni_nauczyciele`;

CREATE ALGORITHM=UNDEFINED DEFINER=`root`@`localhost` SQL SECURITY DEFINER VIEW `widok_dni_nauczyciele`  AS SELECT CASE `dn`.`dni` WHEN 1 THEN 'pn' WHEN 2 THEN 'wt' WHEN 3 THEN 'sr' WHEN 4 THEN 'cz' WHEN 5 THEN 'pt' END AS `dzien`, `g`.`start` AS `godzina_start`, `g`.`koniec` AS `godzina_koniec`, `n`.`skrot` AS `nauczyciel` FROM ((`dni_nauczyciele` `dn` join `godzina` `g` on(`dn`.`godzina` = `g`.`id_g`)) join `nauczyciele` `n` on(`dn`.`id_n` = `n`.`id_n`)) ;

-- --------------------------------------------------------

--
-- Structure for view `widok_dni_wolne`
--
DROP TABLE IF EXISTS `widok_dni_wolne`;

CREATE ALGORITHM=UNDEFINED DEFINER=`root`@`localhost` SQL SECURITY DEFINER VIEW `widok_dni_wolne`  AS SELECT `k`.`numer_k` AS `numer_k`, CASE `d`.`dni_wolne` WHEN 1 THEN 'pn' WHEN 2 THEN 'wt' WHEN 3 THEN 'sr' WHEN 4 THEN 'cz' WHEN 5 THEN 'pt' END AS `dzien_wolny` FROM (`dni_wolne` `d` join `klasa` `k` on(`d`.`id_k` = `k`.`id_k`)) ;

-- --------------------------------------------------------

--
-- Structure for view `widok_nauczyciele_klasa`
--
DROP TABLE IF EXISTS `widok_nauczyciele_klasa`;

CREATE ALGORITHM=UNDEFINED DEFINER=`root`@`localhost` SQL SECURITY DEFINER VIEW `widok_nauczyciele_klasa`  AS SELECT `k`.`numer_k` AS `numer_k`, `n`.`skrot` AS `nauczyciel` FROM ((`nauczyciele_klasa` `nk` join `klasa` `k` on(`nk`.`id_k` = `k`.`id_k`)) join `nauczyciele` `n` on(`nk`.`id_n` = `n`.`id_n`)) ;

-- --------------------------------------------------------

--
-- Structure for view `widok_nauczyciele_przedmiot`
--
DROP TABLE IF EXISTS `widok_nauczyciele_przedmiot`;

CREATE ALGORITHM=UNDEFINED DEFINER=`root`@`localhost` SQL SECURITY DEFINER VIEW `widok_nauczyciele_przedmiot`  AS SELECT `n`.`skrot` AS `nauczyciel`, `p`.`nazwa` AS `przedmiot` FROM ((`nauczyciele_przedmiot` `np` join `nauczyciele` `n` on(`np`.`id_n` = `n`.`id_n`)) join `przedmiot` `p` on(`np`.`id_p` = `p`.`id_p`)) ;

-- --------------------------------------------------------

--
-- Structure for view `widok_przedmiot_klasa`
--
DROP TABLE IF EXISTS `widok_przedmiot_klasa`;

CREATE ALGORITHM=UNDEFINED DEFINER=`root`@`localhost` SQL SECURITY DEFINER VIEW `widok_przedmiot_klasa`  AS SELECT `k`.`numer_k` AS `numer_k`, `p`.`nazwa` AS `przedmiot`, `pk`.`ilosc_godzin` AS `ilosc_godzin`, `pk`.`ilosc_grup` AS `ilosc_grup` FROM ((`przedmiot_klasa` `pk` join `klasa` `k` on(`pk`.`id_k` = `k`.`id_k`)) join `przedmiot` `p` on(`pk`.`id_p` = `p`.`id_p`)) ;

--
-- Indexes for dumped tables
--

--
-- Indexes for table `dni_nauczyciele`
--
ALTER TABLE `dni_nauczyciele`
  ADD PRIMARY KEY (`dni`,`godzina`,`id_n`),
  ADD KEY `id_n` (`id_n`),
  ADD KEY `godzina` (`godzina`);

--
-- Indexes for table `dni_wolne`
--
ALTER TABLE `dni_wolne`
  ADD PRIMARY KEY (`id_k`,`dni_wolne`);

--
-- Indexes for table `godzina`
--
ALTER TABLE `godzina`
  ADD PRIMARY KEY (`id_g`);

--
-- Indexes for table `klasa`
--
ALTER TABLE `klasa`
  ADD PRIMARY KEY (`id_k`);

--
-- Indexes for table `nauczyciele`
--
ALTER TABLE `nauczyciele`
  ADD PRIMARY KEY (`id_n`);

--
-- Indexes for table `nauczyciele_klasa`
--
ALTER TABLE `nauczyciele_klasa`
  ADD PRIMARY KEY (`id_k`,`id_n`),
  ADD KEY `id_n` (`id_n`);

--
-- Indexes for table `nauczyciele_przedmiot`
--
ALTER TABLE `nauczyciele_przedmiot`
  ADD PRIMARY KEY (`id_n`,`id_p`),
  ADD KEY `id_p` (`id_p`);

--
-- Indexes for table `plan_lekcji`
--
ALTER TABLE `plan_lekcji`
  ADD PRIMARY KEY (`id`),
  ADD KEY `id_k` (`id_k`),
  ADD KEY `id_p` (`id_p`),
  ADD KEY `id_n` (`id_n`),
  ADD KEY `id_s` (`id_s`),
  ADD KEY `id_g` (`id_g`);

--
-- Indexes for table `przedmiot`
--
ALTER TABLE `przedmiot`
  ADD PRIMARY KEY (`id_p`);

--
-- Indexes for table `przedmiot_klasa`
--
ALTER TABLE `przedmiot_klasa`
  ADD PRIMARY KEY (`id_k`,`id_p`),
  ADD KEY `id_p` (`id_p`);

--
-- Indexes for table `sala`
--
ALTER TABLE `sala`
  ADD PRIMARY KEY (`id_s`);

--
-- Constraints for dumped tables
--

--
-- Constraints for table `dni_nauczyciele`
--
ALTER TABLE `dni_nauczyciele`
  ADD CONSTRAINT `dni_nauczyciele_ibfk_1` FOREIGN KEY (`id_n`) REFERENCES `nauczyciele` (`id_n`),
  ADD CONSTRAINT `dni_nauczyciele_ibfk_2` FOREIGN KEY (`godzina`) REFERENCES `godzina` (`id_g`);

--
-- Constraints for table `dni_wolne`
--
ALTER TABLE `dni_wolne`
  ADD CONSTRAINT `dni_wolne_ibfk_1` FOREIGN KEY (`id_k`) REFERENCES `klasa` (`id_k`);

--
-- Constraints for table `nauczyciele_klasa`
--
ALTER TABLE `nauczyciele_klasa`
  ADD CONSTRAINT `nauczyciele_klasa_ibfk_1` FOREIGN KEY (`id_k`) REFERENCES `klasa` (`id_k`),
  ADD CONSTRAINT `nauczyciele_klasa_ibfk_2` FOREIGN KEY (`id_n`) REFERENCES `nauczyciele` (`id_n`);

--
-- Constraints for table `nauczyciele_przedmiot`
--
ALTER TABLE `nauczyciele_przedmiot`
  ADD CONSTRAINT `nauczyciele_przedmiot_ibfk_1` FOREIGN KEY (`id_n`) REFERENCES `nauczyciele` (`id_n`),
  ADD CONSTRAINT `nauczyciele_przedmiot_ibfk_2` FOREIGN KEY (`id_p`) REFERENCES `przedmiot` (`id_p`);

--
-- Constraints for table `plan_lekcji`
--
ALTER TABLE `plan_lekcji`
  ADD CONSTRAINT `plan_lekcji_ibfk_1` FOREIGN KEY (`id_k`) REFERENCES `klasa` (`id_k`),
  ADD CONSTRAINT `plan_lekcji_ibfk_2` FOREIGN KEY (`id_p`) REFERENCES `przedmiot` (`id_p`),
  ADD CONSTRAINT `plan_lekcji_ibfk_3` FOREIGN KEY (`id_n`) REFERENCES `nauczyciele` (`id_n`),
  ADD CONSTRAINT `plan_lekcji_ibfk_4` FOREIGN KEY (`id_s`) REFERENCES `sala` (`id_s`),
  ADD CONSTRAINT `plan_lekcji_ibfk_5` FOREIGN KEY (`id_g`) REFERENCES `godzina` (`id_g`);

--
-- Constraints for table `przedmiot_klasa`
--
ALTER TABLE `przedmiot_klasa`
  ADD CONSTRAINT `przedmiot_klasa_ibfk_1` FOREIGN KEY (`id_k`) REFERENCES `klasa` (`id_k`),
  ADD CONSTRAINT `przedmiot_klasa_ibfk_2` FOREIGN KEY (`id_p`) REFERENCES `przedmiot` (`id_p`);
COMMIT;

/*!40101 SET CHARACTER_SET_CLIENT=@OLD_CHARACTER_SET_CLIENT */;
/*!40101 SET CHARACTER_SET_RESULTS=@OLD_CHARACTER_SET_RESULTS */;
/*!40101 SET COLLATION_CONNECTION=@OLD_COLLATION_CONNECTION */;
