-- phpMyAdmin SQL Dump
-- version 5.2.1
-- https://www.phpmyadmin.net/
--
-- Host: 127.0.0.1
-- Generation Time: Nov 26, 2024 at 11:59 AM
-- Server version: 10.4.32-MariaDB
-- PHP Version: 8.2.12

SET SQL_MODE = "NO_AUTO_VALUE_ON_ZERO";
START TRANSACTION;
SET time_zone = "+00:00";


/*!40101 SET @OLD_CHARACTER_SET_CLIENT=@@CHARACTER_SET_CLIENT */;
/*!40101 SET @OLD_CHARACTER_SET_RESULTS=@@CHARACTER_SET_RESULTS */;
/*!40101 SET @OLD_COLLATION_CONNECTION=@@COLLATION_CONNECTION */;
/*!40101 SET NAMES utf8mb4 */;

--
-- Database: `plan_lekcji`
--

-- --------------------------------------------------------

--
-- Table structure for table `dni_wolne`
--

CREATE TABLE `dni_wolne` (
  `id_k` tinyint(4) NOT NULL,
  `dni_wolne` tinyint(4) NOT NULL
) ENGINE=InnoDB DEFAULT CHARSET=utf8mb4 COLLATE=utf8mb4_general_ci;

--
-- Dumping data for table `dni_wolne`
--

INSERT INTO `dni_wolne` (`id_k`, `dni_wolne`) VALUES
(1, 2),
(8, 1),
(9, 5),
(10, 2),
(11, 5),
(15, 4),
(17, 3);

-- --------------------------------------------------------

--
-- Table structure for table `godzina`
--

CREATE TABLE `godzina` (
  `id_g` tinyint(4) NOT NULL,
  `start` varchar(5) NOT NULL,
  `koniec` varchar(5) NOT NULL
) ENGINE=InnoDB DEFAULT CHARSET=utf8mb4 COLLATE=utf8mb4_general_ci;

--
-- Dumping data for table `godzina`
--

INSERT INTO `godzina` (`id_g`, `start`, `koniec`) VALUES
(1, '7:45', '8:30'),
(2, '8:40', '9:25'),
(3, '9:35', '10:20'),
(4, '10:35', '11:20'),
(5, '11:30', '12:15'),
(6, '12:25', '13:10'),
(7, '13:20', '14:05'),
(8, '14:10', '14:55'),
(9, '15:00', '15:45');

-- --------------------------------------------------------

--
-- Table structure for table `klasa`
--

CREATE TABLE `klasa` (
  `id_k` tinyint(4) NOT NULL,
  `numer_k` char(2) NOT NULL,
  `wychowawca` char(2) DEFAULT NULL
) ENGINE=InnoDB DEFAULT CHARSET=utf8mb4 COLLATE=utf8mb4_general_ci;

--
-- Dumping data for table `klasa`
--

INSERT INTO `klasa` (`id_k`, `numer_k`, `wychowawca`) VALUES
(1, '1B', 'RO'),
(2, '1C', 'KP'),
(3, '1D', 'AJ'),
(4, '1E', 'PG'),
(5, '1F', 'KZ'),
(6, '1O', 'SJ'),
(7, '1P', 'KO'),
(8, '2B', 'SG'),
(9, '2C', 'NR'),
(10, '2D', 'RJ'),
(11, '2E', 'DA'),
(12, '2F', 'AG'),
(13, '2G', 'RT'),
(14, '2K', 'KI'),
(15, '2O', 'WU'),
(16, '2P', 'AŁ'),
(17, '3B', 'KK'),
(18, '3C', 'JŁ'),
(19, '3D', 'JL'),
(20, '3E', 'CA'),
(21, '3F', 'JM'),
(22, '3G', 'NW'),
(23, '3K', 'JO'),
(24, '3P', 'WŁ'),
(25, '3O', 'AR'),
(26, '4C', 'WT'),
(27, '4D', 'AP'),
(28, '4E', 'AC'),
(29, '4F', 'SD'),
(30, '4G', 'WB'),
(31, '4K', 'MG'),
(32, '4P', 'AH'),
(33, '4O', 'JŚ'),
(34, '5C', 'KT'),
(35, '5D', 'CI'),
(36, '5E', 'BG'),
(37, '5F', 'EO'),
(38, '5G', 'BW'),
(39, '5K', 'JH'),
(40, '5O', 'PŁ'),
(41, '5P', 'PW');

-- --------------------------------------------------------

--
-- Table structure for table `nauczyciele`
--

CREATE TABLE `nauczyciele` (
  `id_n` tinyint(4) NOT NULL,
  `skrot` char(2) NOT NULL,
  `imie_nazwisko` varchar(50) NOT NULL
) ENGINE=InnoDB DEFAULT CHARSET=utf8mb4 COLLATE=utf8mb4_general_ci;

--
-- Dumping data for table `nauczyciele`
--

INSERT INTO `nauczyciele` (`id_n`, `skrot`, `imie_nazwisko`) VALUES
(1, 'KA', 'K.Adamczyk'),
(2, 'AT', 'W.Aftyka'),
(3, 'AL', 'A.Aloshyna'),
(4, 'BP', 'P.Beiger'),
(5, 'BY', 'R.Borowczyk'),
(6, 'BO', 'P.Borowska'),
(7, 'BB', 'B.Brogowska'),
(8, 'WB', 'W.Burczyk'),
(9, 'CA', 'K.Caban'),
(10, 'AC', 'A.Chorzewska'),
(11, 'CI', 'K.Cichy'),
(12, 'IC', 'I.Cieślik'),
(13, 'DC', 'J.Dadasiewicz'),
(14, 'DA', 'A.Deluga'),
(15, 'EŁ', 'S.Detmer'),
(16, 'AŁ', 'A.Domagała'),
(17, 'ID', 'I.Dudziak'),
(18, 'DD', 'M.Dudziak'),
(19, 'Fa', 'M.Falęcka'),
(20, 'PG', 'P.Głodek'),
(21, 'GO', 'A.Golik'),
(22, 'MG', 'M.Gorska-Zasada'),
(23, 'AG', 'A.Góra'),
(24, 'GR', 'D.Gryzio'),
(25, 'QW', 'M.Gryzio'),
(26, 'BG', 'B.Grzywacz'),
(27, 'GU', 'O.Guk'),
(28, 'JH', 'J.Hejduk'),
(29, 'AH', 'A.Hyrzyńska'),
(30, 'KI', 'K.Ignaczewska'),
(31, 'AJ', 'A.Janicka'),
(32, 'RJ', 'R.Janik'),
(33, 'JM', 'M.Januszewska'),
(34, 'JR', 'S.Jarecki'),
(35, 'MJ', 'M.Jasiński'),
(36, 'JŚ', 'A.Jaśkowiak'),
(37, 'TJ', 'T.Jendryczka'),
(38, 'KK', 'K.Kalenik'),
(39, 'KT', 'D.Kalinowska-Iwaniec'),
(40, 'RK', 'R.Kardela'),
(41, 'JK', 'J.Karwowska'),
(42, 'KN', 'M.Karzarnowicz'),
(43, 'KO', 'A.Kołodko'),
(44, 'AW', 'A.Konowalski'),
(45, 'MK', 'M.Kryniewski'),
(46, 'KU', 'M.Kujawski'),
(47, 'JL', 'J.Lipiecka'),
(48, 'JŁ', 'J.Łapińska'),
(49, 'ŁA', 'J.Łapiński'),
(50, 'WŁ', 'W.Łaszyn'),
(51, 'PŁ', 'P.Łukjanow'),
(52, 'MQ', 'A.Majewski'),
(53, 'BM', 'B.Matusiak-Szweda'),
(54, 'PW', 'P.Michalec'),
(55, 'MO', 'A.Moeller'),
(56, 'MU', 'A.Musyt-Lewandowska'),
(57, 'NG', 'M.Noga'),
(58, 'NW', 'A.Nowak-Tymińska'),
(59, 'WO', 'W.Ochnik'),
(60, 'EO', 'E.Ochotna'),
(61, 'JO', 'J.Ogrodowczyk'),
(62, 'MP', 'M.Parowińska'),
(63, 'SP', 'S.Piontek'),
(64, 'PE', 'E.Pisarewicz'),
(65, 'KP', 'K.Pisarska-Stubba'),
(66, 'DP', 'D.Piskorska'),
(67, 'AP', 'A.Płatek'),
(68, 'NP', 'N.Płocki'),
(69, 'AR', 'A.Rabczak'),
(70, 'RW', 'A.Rawa'),
(71, 'RZ', 'A.Reszka'),
(72, 'RO', 'K.Rogalski'),
(73, 'NR', 'N.Rommel'),
(74, 'RT', 'P.Rudel'),
(75, 'RU', 'A.Rusajczyk'),
(76, 'SQ', 'M.Sałek'),
(77, 'SD', 'D.Siwicka'),
(78, 'TS', 'T.Sokołowski'),
(79, 'DY', 'D.Sosnowska'),
(80, 'SH', 'W.Stachurski'),
(81, 'SG', 'P.Staruszkiewicz'),
(82, 'SK', 'J.Szenk'),
(83, 'SJ', 'J.Szlaga'),
(84, 'SA', 'I.Szostak'),
(85, 'IT', 'I.Targońska'),
(86, 'TM', 'M.Targoński'),
(87, 'ZT', 'Z.Tomacki'),
(88, 'WT', 'W.Traczewski'),
(89, 'TT', 'T.Truszkowski'),
(90, 'TY', 'K.Tyndzik'),
(91, 'WU', 'W.Uzar'),
(92, 'WQ', 'D.Wachowiak'),
(93, 'BW', 'B.Wąs'),
(94, 'WP', 'A.Wojda'),
(95, 'WJ', 'W.Wroniecki'),
(96, 'WR', 'K.Wrzosek'),
(97, 'UZ', 'U.Zaborowska'),
(98, 'YZ', 'Y.Zadedyurin'),
(99, 'KZ', 'K.Zajfert'),
(100, 'AA', 'A.Anand'),
(101, 'BB', 'B.Baker'),
(102, 'CC', 'C.Carter'),
(103, 'DD', 'D.Dixon'),
(104, 'EE', 'E.Evans'),
(105, 'FF', 'F.Farrell'),
(106, 'GG', 'G.Gordon'),
(107, 'HH', 'H.Hughes'),
(108, 'II', 'I.Iverson'),
(109, 'JJ', 'J.Jones'),
(110, 'KK', 'K.Kim'),
(111, 'LL', 'L.Lambert'),
(112, 'MM', 'M.Martinez'),
(113, 'NN', 'N.Nash'),
(114, 'OO', 'O.Olsen'),
(115, 'PP', 'P.Phillips'),
(116, 'QQ', 'Q.Quick'),
(117, 'RR', 'R.Rogers'),
(118, 'SS', 'S.Smith'),
(119, 'TT', 'T.Taylor'),
(120, 'UU', 'U.Urban'),
(121, 'VV', 'V.Valdez'),
(122, 'WW', 'W.Wong'),
(123, 'XX', 'X.Xavier'),
(124, 'YY', 'Y.Yates'),
(125, 'ZZ', 'Z.Zimmerman'),
(126, 'AB', 'A.Boone'),
(127, 'CD', 'C.Diaz');

-- --------------------------------------------------------

--
-- Table structure for table `nauczyciele_klasa`
--

CREATE TABLE `nauczyciele_klasa` (
  `id_k` tinyint(4) NOT NULL,
  `id_n` tinyint(4) NOT NULL
) ENGINE=InnoDB DEFAULT CHARSET=utf8mb4 COLLATE=utf8mb4_general_ci;

--
-- Dumping data for table `nauczyciele_klasa`
--

INSERT INTO `nauczyciele_klasa` (`id_k`, `id_n`) VALUES
(1, 8),
(1, 9),
(1, 12),
(1, 14),
(1, 15),
(1, 22),
(1, 23),
(1, 27),
(1, 29),
(1, 37),
(1, 39),
(1, 46),
(1, 50),
(1, 61),
(1, 66),
(1, 69),
(1, 72),
(1, 75),
(1, 84),
(2, 12),
(2, 16),
(2, 19),
(2, 23),
(2, 32),
(2, 33),
(2, 35),
(2, 36),
(2, 39),
(2, 40),
(2, 44),
(2, 53),
(2, 62),
(2, 65),
(2, 66),
(2, 72),
(2, 75),
(2, 84),
(2, 98),
(3, 11),
(3, 12),
(3, 23),
(3, 28),
(3, 31),
(3, 32),
(3, 35),
(3, 37),
(3, 39),
(3, 47),
(3, 49),
(3, 53),
(3, 58),
(3, 62),
(3, 67),
(3, 75),
(3, 82),
(4, 11),
(4, 12),
(4, 14),
(4, 16),
(4, 19),
(4, 20),
(4, 27),
(4, 29),
(4, 35),
(4, 39),
(4, 40),
(4, 50),
(4, 53),
(4, 60),
(4, 62),
(4, 63),
(4, 74),
(4, 75),
(4, 86),
(4, 87),
(5, 7),
(5, 10),
(5, 12),
(5, 15),
(5, 16),
(5, 23),
(5, 24),
(5, 39),
(5, 49),
(5, 58),
(5, 60),
(5, 62),
(5, 65),
(5, 66),
(5, 70),
(5, 75),
(5, 91),
(5, 97),
(5, 99),
(6, 3),
(6, 11),
(6, 12),
(6, 15),
(6, 16),
(6, 17),
(6, 18),
(6, 22),
(6, 23),
(6, 31),
(6, 36),
(6, 39),
(6, 54),
(6, 62),
(6, 66),
(6, 67),
(6, 69),
(6, 75),
(6, 83),
(6, 87),
(6, 91),
(7, 9),
(7, 12),
(7, 16),
(7, 20),
(7, 23),
(7, 28),
(7, 39),
(7, 41),
(7, 43),
(7, 44),
(7, 45),
(7, 58),
(7, 60),
(7, 61),
(7, 62),
(7, 66),
(7, 70),
(7, 74),
(7, 75),
(7, 77),
(7, 97),
(8, 9),
(8, 12),
(8, 17),
(8, 22),
(8, 27),
(8, 46),
(8, 48),
(8, 63),
(8, 67),
(8, 69),
(8, 73),
(8, 81),
(8, 83),
(8, 84),
(8, 90),
(9, 5),
(9, 12),
(9, 15),
(9, 32),
(9, 33),
(9, 39),
(9, 48),
(9, 49),
(9, 58),
(9, 62),
(9, 65),
(9, 69),
(9, 73),
(9, 82),
(9, 84),
(9, 88),
(9, 98),
(10, 6),
(10, 11),
(10, 12),
(10, 17),
(10, 27),
(10, 31),
(10, 32),
(10, 35),
(10, 44),
(10, 48),
(10, 53),
(10, 60),
(10, 61),
(10, 62),
(10, 65),
(10, 67),
(10, 74),
(10, 75),
(11, 11),
(11, 12),
(11, 14),
(11, 27),
(11, 29),
(11, 31),
(11, 35),
(11, 37),
(11, 39),
(11, 49),
(11, 60),
(11, 62),
(11, 63),
(11, 65),
(11, 69),
(11, 72),
(11, 74),
(11, 82),
(11, 86),
(11, 87),
(12, 7),
(12, 8),
(12, 10),
(12, 12),
(12, 20),
(12, 23),
(12, 33),
(12, 34),
(12, 35),
(12, 39),
(12, 45),
(12, 52),
(12, 58),
(12, 59),
(12, 62),
(12, 64),
(12, 65),
(12, 77),
(12, 83),
(12, 88),
(12, 97),
(13, 8),
(13, 12),
(13, 20),
(13, 21),
(13, 29),
(13, 31),
(13, 34),
(13, 35),
(13, 45),
(13, 47),
(13, 52),
(13, 54),
(13, 59),
(13, 62),
(13, 64),
(13, 65),
(13, 70),
(13, 74),
(13, 88),
(13, 99),
(14, 8),
(14, 9),
(14, 12),
(14, 21),
(14, 22),
(14, 30),
(14, 33),
(14, 34),
(14, 36),
(14, 39),
(14, 40),
(14, 45),
(14, 47),
(14, 52),
(14, 54),
(14, 59),
(14, 62),
(14, 65),
(14, 70),
(14, 72),
(14, 82),
(14, 88),
(15, 12),
(15, 18),
(15, 28),
(15, 35),
(15, 39),
(15, 51),
(15, 60),
(15, 61),
(15, 62),
(15, 65),
(15, 67),
(15, 73),
(15, 74),
(15, 75),
(15, 83),
(15, 84),
(15, 87),
(15, 88),
(15, 91),
(16, 8),
(16, 12),
(16, 14),
(16, 16),
(16, 21),
(16, 22),
(16, 30),
(16, 34),
(16, 35),
(16, 41),
(16, 45),
(16, 48),
(16, 57),
(16, 65),
(16, 70),
(16, 72),
(16, 77),
(16, 83),
(16, 92),
(17, 8),
(17, 11),
(17, 14),
(17, 36),
(17, 38),
(17, 46),
(17, 63),
(17, 67),
(17, 69),
(17, 74),
(17, 78),
(17, 79),
(17, 90),
(18, 2),
(18, 12),
(18, 13),
(18, 16),
(18, 17),
(18, 21),
(18, 30),
(18, 32),
(18, 33),
(18, 48),
(18, 49),
(18, 58),
(18, 62),
(18, 66),
(18, 73),
(18, 74),
(18, 85),
(18, 98),
(19, 6),
(19, 16),
(19, 21),
(19, 30),
(19, 32),
(19, 33),
(19, 46),
(19, 47),
(19, 50),
(19, 58),
(19, 62),
(19, 63),
(19, 67),
(19, 74),
(19, 77),
(19, 93),
(19, 95),
(20, 3),
(20, 9),
(20, 14),
(20, 16),
(20, 20),
(20, 21),
(20, 29),
(20, 30),
(20, 47),
(20, 58),
(20, 60),
(20, 66),
(20, 67),
(20, 72),
(20, 74),
(20, 83),
(20, 86),
(20, 87),
(20, 90),
(21, 9),
(21, 11),
(21, 14),
(21, 17),
(21, 26),
(21, 30),
(21, 33),
(21, 34),
(21, 40),
(21, 45),
(21, 48),
(21, 58),
(21, 59),
(21, 69),
(21, 72),
(21, 73),
(21, 74),
(21, 76),
(21, 77),
(21, 89),
(22, 9),
(22, 10),
(22, 11),
(22, 12),
(22, 17),
(22, 20),
(22, 28),
(22, 34),
(22, 40),
(22, 45),
(22, 53),
(22, 58),
(22, 59),
(22, 60),
(22, 65),
(22, 69),
(22, 76),
(22, 79),
(22, 88),
(22, 89),
(22, 91),
(23, 7),
(23, 11),
(23, 12),
(23, 14),
(23, 16),
(23, 23),
(23, 24),
(23, 31),
(23, 32),
(23, 34),
(23, 45),
(23, 49),
(23, 59),
(23, 61),
(23, 65),
(23, 69),
(23, 74),
(23, 76),
(23, 83),
(23, 89),
(24, 1),
(24, 8),
(24, 11),
(24, 14),
(24, 16),
(24, 24),
(24, 30),
(24, 33),
(24, 34),
(24, 36),
(24, 41),
(24, 47),
(24, 50),
(24, 54),
(24, 58),
(24, 69),
(24, 72),
(24, 74),
(24, 92),
(25, 10),
(25, 17),
(25, 18),
(25, 21),
(25, 28),
(25, 30),
(25, 33),
(25, 37),
(25, 44),
(25, 49),
(25, 51),
(25, 58),
(25, 61),
(25, 62),
(25, 69),
(25, 74),
(25, 81),
(25, 84),
(25, 88),
(26, 2),
(26, 9),
(26, 10),
(26, 13),
(26, 20),
(26, 30),
(26, 32),
(26, 48),
(26, 58),
(26, 73),
(26, 88),
(26, 97),
(26, 98),
(26, 99),
(27, 6),
(27, 14),
(27, 21),
(27, 30),
(27, 32),
(27, 33),
(27, 46),
(27, 47),
(27, 50),
(27, 54),
(27, 58),
(27, 63),
(27, 67),
(27, 88),
(27, 90),
(27, 93),
(28, 10),
(28, 21),
(28, 29),
(28, 30),
(28, 33),
(28, 38),
(28, 50),
(28, 58),
(28, 61),
(28, 67),
(28, 87),
(28, 88),
(28, 90),
(29, 8),
(29, 11),
(29, 17),
(29, 19),
(29, 24),
(29, 28),
(29, 31),
(29, 40),
(29, 53),
(29, 60),
(29, 74),
(29, 77),
(29, 80),
(29, 88),
(29, 99),
(30, 4),
(30, 8),
(30, 24),
(30, 31),
(30, 33),
(30, 36),
(30, 43),
(30, 54),
(30, 58),
(30, 66),
(30, 69),
(30, 81),
(30, 84),
(30, 88),
(30, 99),
(31, 4),
(31, 8),
(31, 10),
(31, 11),
(31, 16),
(31, 22),
(31, 24),
(31, 31),
(31, 44),
(31, 48),
(31, 49),
(31, 66),
(31, 69),
(31, 81),
(32, 1),
(32, 8),
(32, 10),
(32, 16),
(32, 20),
(32, 29),
(32, 44),
(32, 54),
(32, 57),
(32, 60),
(32, 71),
(32, 74),
(32, 75),
(32, 84),
(32, 88),
(33, 10),
(33, 11),
(33, 16),
(33, 18),
(33, 20),
(33, 21),
(33, 22),
(33, 31),
(33, 36),
(33, 51),
(33, 54),
(33, 61),
(33, 64),
(33, 66),
(33, 83),
(33, 88),
(34, 8),
(34, 10),
(34, 22),
(34, 24),
(34, 29),
(34, 31),
(34, 32),
(34, 33),
(34, 39),
(34, 56),
(34, 73),
(34, 74),
(34, 77),
(34, 89),
(34, 98),
(35, 6),
(35, 11),
(35, 14),
(35, 18),
(35, 46),
(35, 47),
(35, 48),
(35, 49),
(35, 51),
(35, 58),
(35, 67),
(35, 74),
(35, 85),
(35, 88),
(36, 22),
(36, 26),
(36, 31),
(36, 36),
(36, 61),
(36, 67),
(36, 74),
(36, 81),
(36, 87),
(36, 90),
(37, 8),
(37, 14),
(37, 20),
(37, 22),
(37, 34),
(37, 41),
(37, 60),
(37, 74),
(37, 77),
(37, 83),
(37, 93),
(38, 8),
(38, 22),
(38, 33),
(38, 41),
(38, 43),
(38, 49),
(38, 50),
(38, 58),
(38, 60),
(38, 61),
(38, 91),
(38, 93),
(39, 10),
(39, 14),
(39, 28),
(39, 41),
(39, 43),
(39, 57),
(39, 60),
(39, 72),
(39, 74),
(39, 81),
(39, 88),
(39, 99),
(40, 11),
(40, 18),
(40, 48),
(40, 51),
(40, 58),
(40, 60),
(40, 65),
(40, 73),
(40, 77),
(40, 99),
(41, 4),
(41, 16),
(41, 29),
(41, 31),
(41, 47),
(41, 54),
(41, 57),
(41, 61),
(41, 65),
(41, 66),
(41, 71),
(41, 85);

-- --------------------------------------------------------

--
-- Table structure for table `nauczyciele_przedmiot`
--

CREATE TABLE `nauczyciele_przedmiot` (
  `id_n` tinyint(4) NOT NULL,
  `id_p` tinyint(4) NOT NULL
) ENGINE=InnoDB DEFAULT CHARSET=utf8mb4 COLLATE=utf8mb4_general_ci;

--
-- Dumping data for table `nauczyciele_przedmiot`
--

INSERT INTO `nauczyciele_przedmiot` (`id_n`, `id_p`) VALUES
(1, 1),
(1, 2),
(1, 3),
(2, 4),
(2, 5),
(3, 6),
(3, 7),
(4, 1),
(4, 2),
(4, 3),
(5, 5),
(6, 8),
(7, 9),
(8, 10),
(8, 11),
(8, 12),
(9, 11),
(9, 13),
(10, 10),
(10, 11),
(11, 11),
(11, 14),
(12, 15),
(12, 16),
(13, 4),
(13, 5),
(14, 10),
(14, 11),
(14, 12),
(15, 13),
(16, 11),
(16, 44),
(17, 10),
(17, 12),
(17, 51),
(18, 17),
(18, 18),
(18, 19),
(18, 20),
(18, 21),
(18, 22),
(18, 23),
(19, 24),
(19, 25),
(19, 26),
(20, 11),
(20, 27),
(21, 28),
(22, 11),
(22, 29),
(22, 30),
(23, 3),
(23, 11),
(23, 31),
(23, 32),
(23, 33),
(24, 31),
(24, 34),
(24, 35),
(24, 36),
(24, 37),
(24, 38),
(24, 39),
(26, 11),
(26, 40),
(27, 41),
(27, 42),
(27, 43),
(28, 9),
(28, 11),
(29, 9),
(29, 11),
(30, 11),
(30, 15),
(30, 45),
(31, 11),
(31, 44),
(32, 11),
(32, 27),
(33, 11),
(33, 44),
(34, 1),
(34, 2),
(34, 31),
(34, 33),
(34, 47),
(34, 48),
(34, 49),
(35, 13),
(36, 9),
(36, 11),
(37, 24),
(37, 26),
(37, 60),
(38, 11),
(38, 27),
(39, 11),
(39, 83),
(40, 3),
(41, 3),
(41, 34),
(41, 36),
(43, 1),
(43, 2),
(43, 3),
(43, 11),
(43, 48),
(44, 24),
(44, 40),
(45, 1),
(46, 24),
(46, 70),
(46, 72),
(46, 74),
(47, 10),
(47, 11),
(47, 12),
(48, 9),
(48, 11),
(49, 27),
(50, 11),
(50, 40),
(51, 11),
(51, 17),
(51, 19),
(51, 21),
(51, 22),
(51, 23),
(51, 56),
(51, 57),
(51, 58),
(52, 37),
(52, 38),
(53, 10),
(54, 11),
(54, 27),
(56, 40),
(57, 1),
(57, 2),
(57, 76),
(57, 78),
(58, 29),
(58, 30),
(58, 45),
(58, 46),
(59, 31),
(59, 39),
(59, 71),
(60, 11),
(60, 44),
(61, 10),
(61, 11),
(61, 12),
(62, 2),
(62, 3),
(62, 48),
(62, 50),
(63, 26),
(63, 70),
(63, 73),
(64, 45),
(65, 11),
(65, 29),
(65, 30),
(65, 46),
(66, 10),
(66, 12),
(67, 11),
(67, 41),
(67, 42),
(67, 52),
(67, 53),
(67, 54),
(67, 55),
(69, 11),
(69, 25),
(70, 3),
(71, 77),
(71, 79),
(72, 11),
(72, 27),
(73, 10),
(73, 11),
(74, 11),
(74, 29),
(74, 46),
(75, 25),
(75, 85),
(76, 34),
(76, 36),
(77, 11),
(77, 27),
(78, 70),
(78, 74),
(79, 40),
(80, 1),
(80, 2),
(81, 11),
(81, 27),
(82, 40),
(83, 11),
(83, 40),
(84, 14),
(85, 40),
(86, 60),
(86, 69),
(86, 81),
(87, 32),
(87, 60),
(87, 61),
(87, 62),
(87, 63),
(87, 64),
(88, 11),
(88, 30),
(88, 44),
(89, 31),
(89, 33),
(89, 37),
(89, 39),
(89, 71),
(90, 8),
(90, 54),
(90, 59),
(90, 65),
(90, 66),
(90, 67),
(90, 73),
(91, 11),
(91, 27),
(92, 75),
(92, 84),
(93, 9),
(93, 11),
(95, 73),
(97, 28),
(98, 4),
(98, 35),
(98, 68),
(98, 80),
(98, 82),
(99, 11),
(99, 40),
(100, 1),
(100, 2),
(100, 3),
(100, 4),
(100, 5),
(100, 6),
(100, 7),
(100, 8),
(100, 9),
(100, 10),
(100, 11),
(100, 12),
(100, 13),
(100, 14),
(100, 15),
(100, 16),
(100, 17),
(100, 18),
(100, 19),
(100, 20),
(100, 21),
(100, 22),
(100, 23),
(100, 24),
(100, 25),
(100, 26),
(100, 27),
(100, 28),
(100, 29),
(100, 30),
(100, 31),
(100, 32),
(100, 33),
(100, 34),
(100, 35),
(100, 36),
(100, 37),
(100, 38),
(100, 39),
(100, 40),
(100, 41),
(100, 42),
(100, 43),
(100, 44),
(100, 45),
(100, 46),
(100, 47),
(100, 48),
(100, 49),
(100, 50),
(100, 51),
(100, 52),
(100, 53),
(100, 54),
(100, 55),
(100, 56),
(100, 57),
(100, 58),
(100, 59),
(100, 60),
(100, 61),
(100, 62),
(100, 63),
(100, 64),
(100, 65),
(100, 66),
(100, 67),
(100, 68),
(100, 69),
(100, 70),
(100, 71),
(100, 72),
(100, 73),
(100, 74),
(100, 75),
(100, 76),
(100, 77),
(100, 78),
(100, 79),
(100, 80),
(100, 81),
(100, 82),
(100, 83),
(100, 84),
(100, 85),
(101, 1),
(101, 2),
(101, 3),
(101, 4),
(101, 5),
(101, 6),
(101, 7),
(101, 8),
(101, 9),
(101, 10),
(101, 11),
(101, 12),
(101, 13),
(101, 14),
(101, 15),
(101, 16),
(101, 17),
(101, 18),
(101, 19),
(101, 20),
(101, 21),
(101, 22),
(101, 23),
(101, 24),
(101, 25),
(101, 26),
(101, 27),
(101, 28),
(101, 29),
(101, 30),
(101, 31),
(101, 32),
(101, 33),
(101, 34),
(101, 35),
(101, 36),
(101, 37),
(101, 38),
(101, 39),
(101, 40),
(101, 41),
(101, 42),
(101, 43),
(101, 44),
(101, 45),
(101, 46),
(101, 47),
(101, 48),
(101, 49),
(101, 50),
(101, 51),
(101, 52),
(101, 53),
(101, 54),
(101, 55),
(101, 56),
(101, 57),
(101, 58),
(101, 59),
(101, 60),
(101, 61),
(101, 62),
(101, 63),
(101, 64),
(101, 65),
(101, 66),
(101, 67),
(101, 68),
(101, 69),
(101, 70),
(101, 71),
(101, 72),
(101, 73),
(101, 74),
(101, 75),
(101, 76),
(101, 77),
(101, 78),
(101, 79),
(101, 80),
(101, 81),
(101, 82),
(101, 83),
(101, 84),
(101, 85),
(102, 1),
(102, 2),
(102, 3),
(102, 4),
(102, 5),
(102, 6),
(102, 7),
(102, 8),
(102, 9),
(102, 10),
(102, 11),
(102, 12),
(102, 13),
(102, 14),
(102, 15),
(102, 16),
(102, 17),
(102, 18),
(102, 19),
(102, 20),
(102, 21),
(102, 22),
(102, 23),
(102, 24),
(102, 25),
(102, 26),
(102, 27),
(102, 28),
(102, 29),
(102, 30),
(102, 31),
(102, 32),
(102, 33),
(102, 34),
(102, 35),
(102, 36),
(102, 37),
(102, 38),
(102, 39),
(102, 40),
(102, 41),
(102, 42),
(102, 43),
(102, 44),
(102, 45),
(102, 46),
(102, 47),
(102, 48),
(102, 49),
(102, 50),
(102, 51),
(102, 52),
(102, 53),
(102, 54),
(102, 55),
(102, 56),
(102, 57),
(102, 58),
(102, 59),
(102, 60),
(102, 61),
(102, 62),
(102, 63),
(102, 64),
(102, 65),
(102, 66),
(102, 67),
(102, 68),
(102, 69),
(102, 70),
(102, 71),
(102, 72),
(102, 73),
(102, 74),
(102, 75),
(102, 76),
(102, 77),
(102, 78),
(102, 79),
(102, 80),
(102, 81),
(102, 82),
(102, 83),
(102, 84),
(102, 85),
(103, 1),
(103, 2),
(103, 3),
(103, 4),
(103, 5),
(103, 6),
(103, 7),
(103, 8),
(103, 9),
(103, 10),
(103, 11),
(103, 12),
(103, 13),
(103, 14),
(103, 15),
(103, 16),
(103, 17),
(103, 18),
(103, 19),
(103, 20),
(103, 21),
(103, 22),
(103, 23),
(103, 24),
(103, 25),
(103, 26),
(103, 27),
(103, 28),
(103, 29),
(103, 30),
(103, 31),
(103, 32),
(103, 33),
(103, 34),
(103, 35),
(103, 36),
(103, 37),
(103, 38),
(103, 39),
(103, 40),
(103, 41),
(103, 42),
(103, 43),
(103, 44),
(103, 45),
(103, 46),
(103, 47),
(103, 48),
(103, 49),
(103, 50),
(103, 51),
(103, 52),
(103, 53),
(103, 54),
(103, 55),
(103, 56),
(103, 57),
(103, 58),
(103, 59),
(103, 60),
(103, 61),
(103, 62),
(103, 63),
(103, 64),
(103, 65),
(103, 66),
(103, 67),
(103, 68),
(103, 69),
(103, 70),
(103, 71),
(103, 72),
(103, 73),
(103, 74),
(103, 75),
(103, 76),
(103, 77),
(103, 78),
(103, 79),
(103, 80),
(103, 81),
(103, 82),
(103, 83),
(103, 84),
(103, 85),
(104, 1),
(104, 2),
(104, 3),
(104, 4),
(104, 5),
(104, 6),
(104, 7),
(104, 8),
(104, 9),
(104, 10),
(104, 11),
(104, 12),
(104, 13),
(104, 14),
(104, 15),
(104, 16),
(104, 17),
(104, 18),
(104, 19),
(104, 20),
(104, 21),
(104, 22),
(104, 23),
(104, 24),
(104, 25),
(104, 26),
(104, 27),
(104, 28),
(104, 29),
(104, 30),
(104, 31),
(104, 32),
(104, 33),
(104, 34),
(104, 35),
(104, 36),
(104, 37),
(104, 38),
(104, 39),
(104, 40),
(104, 41),
(104, 42),
(104, 43),
(104, 44),
(104, 45),
(104, 46),
(104, 47),
(104, 48),
(104, 49),
(104, 50),
(104, 51),
(104, 52),
(104, 53),
(104, 54),
(104, 55),
(104, 56),
(104, 57),
(104, 58),
(104, 59),
(104, 60),
(104, 61),
(104, 62),
(104, 63),
(104, 64),
(104, 65),
(104, 66),
(104, 67),
(104, 68),
(104, 69),
(104, 70),
(104, 71),
(104, 72),
(104, 73),
(104, 74),
(104, 75),
(104, 76),
(104, 77),
(104, 78),
(104, 79),
(104, 80),
(104, 81),
(104, 82),
(104, 83),
(104, 84),
(104, 85),
(105, 1),
(105, 2),
(105, 3),
(105, 4),
(105, 5),
(105, 6),
(105, 7),
(105, 8),
(105, 9),
(105, 10),
(105, 11),
(105, 12),
(105, 13),
(105, 14),
(105, 15),
(105, 16),
(105, 17),
(105, 18),
(105, 19),
(105, 20),
(105, 21),
(105, 22),
(105, 23),
(105, 24),
(105, 25),
(105, 26),
(105, 27),
(105, 28),
(105, 29),
(105, 30),
(105, 31),
(105, 32),
(105, 33),
(105, 34),
(105, 35),
(105, 36),
(105, 37),
(105, 38),
(105, 39),
(105, 40),
(105, 41),
(105, 42),
(105, 43),
(105, 44),
(105, 45),
(105, 46),
(105, 47),
(105, 48),
(105, 49),
(105, 50),
(105, 51),
(105, 52),
(105, 53),
(105, 54),
(105, 55),
(105, 56),
(105, 57),
(105, 58),
(105, 59),
(105, 60),
(105, 61),
(105, 62),
(105, 63),
(105, 64),
(105, 65),
(105, 66),
(105, 67),
(105, 68),
(105, 69),
(105, 70),
(105, 71),
(105, 72),
(105, 73),
(105, 74),
(105, 75),
(105, 76),
(105, 77),
(105, 78),
(105, 79),
(105, 80),
(105, 81),
(105, 82),
(105, 83),
(105, 84),
(105, 85),
(106, 1),
(106, 2),
(106, 3),
(106, 4),
(106, 5),
(106, 6),
(106, 7),
(106, 8),
(106, 9),
(106, 10),
(106, 11),
(106, 12),
(106, 13),
(106, 14),
(106, 15),
(106, 16),
(106, 17),
(106, 18),
(106, 19),
(106, 20),
(106, 21),
(106, 22),
(106, 23),
(106, 24),
(106, 25),
(106, 26),
(106, 27),
(106, 28),
(106, 29),
(106, 30),
(106, 31),
(106, 32),
(106, 33),
(106, 34),
(106, 35),
(106, 36),
(106, 37),
(106, 38),
(106, 39),
(106, 40),
(106, 41),
(106, 42),
(106, 43),
(106, 44),
(106, 45),
(106, 46),
(106, 47),
(106, 48),
(106, 49),
(106, 50),
(106, 51),
(106, 52),
(106, 53),
(106, 54),
(106, 55),
(106, 56),
(106, 57),
(106, 58),
(106, 59),
(106, 60),
(106, 61),
(106, 62),
(106, 63),
(106, 64),
(106, 65),
(106, 66),
(106, 67),
(106, 68),
(106, 69),
(106, 70),
(106, 71),
(106, 72),
(106, 73),
(106, 74),
(106, 75),
(106, 76),
(106, 77),
(106, 78),
(106, 79),
(106, 80),
(106, 81),
(106, 82),
(106, 83),
(106, 84),
(106, 85),
(107, 1),
(107, 2),
(107, 3),
(107, 4),
(107, 5),
(107, 6),
(107, 7),
(107, 8),
(107, 9),
(107, 10),
(107, 11),
(107, 12),
(107, 13),
(107, 14),
(107, 15),
(107, 16),
(107, 17),
(107, 18),
(107, 19),
(107, 20),
(107, 21),
(107, 22),
(107, 23),
(107, 24),
(107, 25),
(107, 26),
(107, 27),
(107, 28),
(107, 29),
(107, 30),
(107, 31),
(107, 32),
(107, 33),
(107, 34),
(107, 35),
(107, 36),
(107, 37),
(107, 38),
(107, 39),
(107, 40),
(107, 41),
(107, 42),
(107, 43),
(107, 44),
(107, 45),
(107, 46),
(107, 47),
(107, 48),
(107, 49),
(107, 50),
(107, 51),
(107, 52),
(107, 53),
(107, 54),
(107, 55),
(107, 56),
(107, 57),
(107, 58),
(107, 59),
(107, 60),
(107, 61),
(107, 62),
(107, 63),
(107, 64),
(107, 65),
(107, 66),
(107, 67),
(107, 68),
(107, 69),
(107, 70),
(107, 71),
(107, 72),
(107, 73),
(107, 74),
(107, 75),
(107, 76),
(107, 77),
(107, 78),
(107, 79),
(107, 80),
(107, 81),
(107, 82),
(107, 83),
(107, 84),
(107, 85),
(108, 1),
(108, 2),
(108, 3),
(108, 4),
(108, 5),
(108, 6),
(108, 7),
(108, 8),
(108, 9),
(108, 10),
(108, 11),
(108, 12),
(108, 13),
(108, 14),
(108, 15),
(108, 16),
(108, 17),
(108, 18),
(108, 19),
(108, 20),
(108, 21),
(108, 22),
(108, 23),
(108, 24),
(108, 25),
(108, 26),
(108, 27),
(108, 28),
(108, 29),
(108, 30),
(108, 31),
(108, 32),
(108, 33),
(108, 34),
(108, 35),
(108, 36),
(108, 37),
(108, 38),
(108, 39),
(108, 40),
(108, 41),
(108, 42),
(108, 43),
(108, 44),
(108, 45),
(108, 46),
(108, 47),
(108, 48),
(108, 49),
(108, 50),
(108, 51),
(108, 52),
(108, 53),
(108, 54),
(108, 55),
(108, 56),
(108, 57),
(108, 58),
(108, 59),
(108, 60),
(108, 61),
(108, 62),
(108, 63),
(108, 64),
(108, 65),
(108, 66),
(108, 67),
(108, 68),
(108, 69),
(108, 70),
(108, 71),
(108, 72),
(108, 73),
(108, 74),
(108, 75),
(108, 76),
(108, 77),
(108, 78),
(108, 79),
(108, 80),
(108, 81),
(108, 82),
(108, 83),
(108, 84),
(108, 85),
(109, 1),
(109, 2),
(109, 3),
(109, 4),
(109, 5),
(109, 6),
(109, 7),
(109, 8),
(109, 9),
(109, 10),
(109, 11),
(109, 12),
(109, 13),
(109, 14),
(109, 15),
(109, 16),
(109, 17),
(109, 18),
(109, 19),
(109, 20),
(109, 21),
(109, 22),
(109, 23),
(109, 24),
(109, 25),
(109, 26),
(109, 27),
(109, 28),
(109, 29),
(109, 30),
(109, 31),
(109, 32),
(109, 33),
(109, 34),
(109, 35),
(109, 36),
(109, 37),
(109, 38),
(109, 39),
(109, 40),
(109, 41),
(109, 42),
(109, 43),
(109, 44),
(109, 45),
(109, 46),
(109, 47),
(109, 48),
(109, 49),
(109, 50),
(109, 51),
(109, 52),
(109, 53),
(109, 54),
(109, 55),
(109, 56),
(109, 57),
(109, 58),
(109, 59),
(109, 60),
(109, 61),
(109, 62),
(109, 63),
(109, 64),
(109, 65),
(109, 66),
(109, 67),
(109, 68),
(109, 69),
(109, 70),
(109, 71),
(109, 72),
(109, 73),
(109, 74),
(109, 75),
(109, 76),
(109, 77),
(109, 78),
(109, 79),
(109, 80),
(109, 81),
(109, 82),
(109, 83),
(109, 84),
(109, 85),
(110, 1),
(110, 2),
(110, 3),
(110, 4),
(110, 5),
(110, 6),
(110, 7),
(110, 8),
(110, 9),
(110, 10),
(110, 11),
(110, 12),
(110, 13),
(110, 14),
(110, 15),
(110, 16),
(110, 17),
(110, 18),
(110, 19),
(110, 20),
(110, 21),
(110, 22),
(110, 23),
(110, 24),
(110, 25),
(110, 26),
(110, 27),
(110, 28),
(110, 29),
(110, 30),
(110, 31),
(110, 32),
(110, 33),
(110, 34),
(110, 35),
(110, 36),
(110, 37),
(110, 38),
(110, 39),
(110, 40),
(110, 41),
(110, 42),
(110, 43),
(110, 44),
(110, 45),
(110, 46),
(110, 47),
(110, 48),
(110, 49),
(110, 50),
(110, 51),
(110, 52),
(110, 53),
(110, 54),
(110, 55),
(110, 56),
(110, 57),
(110, 58),
(110, 59),
(110, 60),
(110, 61),
(110, 62),
(110, 63),
(110, 64),
(110, 65),
(110, 66),
(110, 67),
(110, 68),
(110, 69),
(110, 70),
(110, 71),
(110, 72),
(110, 73),
(110, 74),
(110, 75),
(110, 76),
(110, 77),
(110, 78),
(110, 79),
(110, 80),
(110, 81),
(110, 82),
(110, 83),
(110, 84),
(110, 85),
(111, 1),
(111, 2),
(111, 3),
(111, 4),
(111, 5),
(111, 6),
(111, 7),
(111, 8),
(111, 9),
(111, 10),
(111, 11),
(111, 12),
(111, 13),
(111, 14),
(111, 15),
(111, 16),
(111, 17),
(111, 18),
(111, 19),
(111, 20),
(111, 21),
(111, 22),
(111, 23),
(111, 24),
(111, 25),
(111, 26),
(111, 27),
(111, 28),
(111, 29),
(111, 30),
(111, 31),
(111, 32),
(111, 33),
(111, 34),
(111, 35),
(111, 36),
(111, 37),
(111, 38),
(111, 39),
(111, 40),
(111, 41),
(111, 42),
(111, 43),
(111, 44),
(111, 45),
(111, 46),
(111, 47),
(111, 48),
(111, 49),
(111, 50),
(111, 51),
(111, 52),
(111, 53),
(111, 54),
(111, 55),
(111, 56),
(111, 57),
(111, 58),
(111, 59),
(111, 60),
(111, 61),
(111, 62),
(111, 63),
(111, 64),
(111, 65),
(111, 66),
(111, 67),
(111, 68),
(111, 69),
(111, 70),
(111, 71),
(111, 72),
(111, 73),
(111, 74),
(111, 75),
(111, 76),
(111, 77),
(111, 78),
(111, 79),
(111, 80),
(111, 81),
(111, 82),
(111, 83),
(111, 84),
(111, 85),
(112, 1),
(112, 2),
(112, 3),
(112, 4),
(112, 5),
(112, 6),
(112, 7),
(112, 8),
(112, 9),
(112, 10),
(112, 11),
(112, 12),
(112, 13),
(112, 14),
(112, 15),
(112, 16),
(112, 17),
(112, 18),
(112, 19),
(112, 20),
(112, 21),
(112, 22),
(112, 23),
(112, 24),
(112, 25),
(112, 26),
(112, 27),
(112, 28),
(112, 29),
(112, 30),
(112, 31),
(112, 32),
(112, 33),
(112, 34),
(112, 35),
(112, 36),
(112, 37),
(112, 38),
(112, 39),
(112, 40),
(112, 41),
(112, 42),
(112, 43),
(112, 44),
(112, 45),
(112, 46),
(112, 47),
(112, 48),
(112, 49),
(112, 50),
(112, 51),
(112, 52),
(112, 53),
(112, 54),
(112, 55),
(112, 56),
(112, 57),
(112, 58),
(112, 59),
(112, 60),
(112, 61),
(112, 62),
(112, 63),
(112, 64),
(112, 65),
(112, 66),
(112, 67),
(112, 68),
(112, 69),
(112, 70),
(112, 71),
(112, 72),
(112, 73),
(112, 74),
(112, 75),
(112, 76),
(112, 77),
(112, 78),
(112, 79),
(112, 80),
(112, 81),
(112, 82),
(112, 83),
(112, 84),
(112, 85),
(113, 1),
(113, 2),
(113, 3),
(113, 4),
(113, 5),
(113, 6),
(113, 7),
(113, 8),
(113, 9),
(113, 10),
(113, 11),
(113, 12),
(113, 13),
(113, 14),
(113, 15),
(113, 16),
(113, 17),
(113, 18),
(113, 19),
(113, 20),
(113, 21),
(113, 22),
(113, 23),
(113, 24),
(113, 25),
(113, 26),
(113, 27),
(113, 28),
(113, 29),
(113, 30),
(113, 31),
(113, 32),
(113, 33),
(113, 34),
(113, 35),
(113, 36),
(113, 37),
(113, 38),
(113, 39),
(113, 40),
(113, 41),
(113, 42),
(113, 43),
(113, 44),
(113, 45),
(113, 46),
(113, 47),
(113, 48),
(113, 49),
(113, 50),
(113, 51),
(113, 52),
(113, 53),
(113, 54),
(113, 55),
(113, 56),
(113, 57),
(113, 58),
(113, 59),
(113, 60),
(113, 61),
(113, 62),
(113, 63),
(113, 64),
(113, 65),
(113, 66),
(113, 67),
(113, 68),
(113, 69),
(113, 70),
(113, 71),
(113, 72),
(113, 73),
(113, 74),
(113, 75),
(113, 76),
(113, 77),
(113, 78),
(113, 79),
(113, 80),
(113, 81),
(113, 82),
(113, 83),
(113, 84),
(113, 85),
(114, 1),
(114, 2),
(114, 3),
(114, 4),
(114, 5),
(114, 6),
(114, 7),
(114, 8),
(114, 9),
(114, 10),
(114, 11),
(114, 12),
(114, 13),
(114, 14),
(114, 15),
(114, 16),
(114, 17),
(114, 18),
(114, 19),
(114, 20),
(114, 21),
(114, 22),
(114, 23),
(114, 24),
(114, 25),
(114, 26),
(114, 27),
(114, 28),
(114, 29),
(114, 30),
(114, 31),
(114, 32),
(114, 33),
(114, 34),
(114, 35),
(114, 36),
(114, 37),
(114, 38),
(114, 39),
(114, 40),
(114, 41),
(114, 42),
(114, 43),
(114, 44),
(114, 45),
(114, 46),
(114, 47),
(114, 48),
(114, 49),
(114, 50),
(114, 51),
(114, 52),
(114, 53),
(114, 54),
(114, 55),
(114, 56),
(114, 57),
(114, 58),
(114, 59),
(114, 60),
(114, 61),
(114, 62),
(114, 63),
(114, 64),
(114, 65),
(114, 66),
(114, 67),
(114, 68),
(114, 69),
(114, 70),
(114, 71),
(114, 72),
(114, 73),
(114, 74),
(114, 75),
(114, 76),
(114, 77),
(114, 78),
(114, 79),
(114, 80),
(114, 81),
(114, 82),
(114, 83),
(114, 84),
(114, 85),
(115, 1),
(115, 2),
(115, 3),
(115, 4),
(115, 5),
(115, 6),
(115, 7),
(115, 8),
(115, 9),
(115, 10),
(115, 11),
(115, 12),
(115, 13),
(115, 14),
(115, 15),
(115, 16),
(115, 17),
(115, 18),
(115, 19),
(115, 20),
(115, 21),
(115, 22),
(115, 23),
(115, 24),
(115, 25),
(115, 26),
(115, 27),
(115, 28),
(115, 29),
(115, 30),
(115, 31),
(115, 32),
(115, 33),
(115, 34),
(115, 35),
(115, 36),
(115, 37),
(115, 38),
(115, 39),
(115, 40),
(115, 41),
(115, 42),
(115, 43),
(115, 44),
(115, 45),
(115, 46),
(115, 47),
(115, 48),
(115, 49),
(115, 50),
(115, 51),
(115, 52),
(115, 53),
(115, 54),
(115, 55),
(115, 56),
(115, 57),
(115, 58),
(115, 59),
(115, 60),
(115, 61),
(115, 62),
(115, 63),
(115, 64),
(115, 65),
(115, 66),
(115, 67),
(115, 68),
(115, 69),
(115, 70),
(115, 71),
(115, 72),
(115, 73),
(115, 74),
(115, 75),
(115, 76),
(115, 77),
(115, 78),
(115, 79),
(115, 80),
(115, 81),
(115, 82),
(115, 83),
(115, 84),
(115, 85),
(116, 1),
(116, 2),
(116, 3),
(116, 4),
(116, 5),
(116, 6),
(116, 7),
(116, 8),
(116, 9),
(116, 10),
(116, 11),
(116, 12),
(116, 13),
(116, 14),
(116, 15),
(116, 16),
(116, 17),
(116, 18),
(116, 19),
(116, 20),
(116, 21),
(116, 22),
(116, 23),
(116, 24),
(116, 25),
(116, 26),
(116, 27),
(116, 28),
(116, 29),
(116, 30),
(116, 31),
(116, 32),
(116, 33),
(116, 34),
(116, 35),
(116, 36),
(116, 37),
(116, 38),
(116, 39),
(116, 40),
(116, 41),
(116, 42),
(116, 43),
(116, 44),
(116, 45),
(116, 46),
(116, 47),
(116, 48),
(116, 49),
(116, 50),
(116, 51),
(116, 52),
(116, 53),
(116, 54),
(116, 55),
(116, 56),
(116, 57),
(116, 58),
(116, 59),
(116, 60),
(116, 61),
(116, 62),
(116, 63),
(116, 64),
(116, 65),
(116, 66),
(116, 67),
(116, 68),
(116, 69),
(116, 70),
(116, 71),
(116, 72),
(116, 73),
(116, 74),
(116, 75),
(116, 76),
(116, 77),
(116, 78),
(116, 79),
(116, 80),
(116, 81),
(116, 82),
(116, 83),
(116, 84),
(116, 85),
(117, 1),
(117, 2),
(117, 3),
(117, 4),
(117, 5),
(117, 6),
(117, 7),
(117, 8),
(117, 9),
(117, 10),
(117, 11),
(117, 12),
(117, 13),
(117, 14),
(117, 15),
(117, 16),
(117, 17),
(117, 18),
(117, 19),
(117, 20),
(117, 21),
(117, 22),
(117, 23),
(117, 24),
(117, 25),
(117, 26),
(117, 27),
(117, 28),
(117, 29),
(117, 30),
(117, 31),
(117, 32),
(117, 33),
(117, 34),
(117, 35),
(117, 36),
(117, 37),
(117, 38),
(117, 39),
(117, 40),
(117, 41),
(117, 42),
(117, 43),
(117, 44),
(117, 45),
(117, 46),
(117, 47),
(117, 48),
(117, 49),
(117, 50),
(117, 51),
(117, 52),
(117, 53),
(117, 54),
(117, 55),
(117, 56),
(117, 57),
(117, 58),
(117, 59),
(117, 60),
(117, 61),
(117, 62),
(117, 63),
(117, 64),
(117, 65),
(117, 66),
(117, 67),
(117, 68),
(117, 69),
(117, 70),
(117, 71),
(117, 72),
(117, 73),
(117, 74),
(117, 75),
(117, 76),
(117, 77),
(117, 78),
(117, 79),
(117, 80),
(117, 81),
(117, 82),
(117, 83),
(117, 84),
(117, 85),
(118, 1),
(118, 2),
(118, 3),
(118, 4),
(118, 5),
(118, 6),
(118, 7),
(118, 8),
(118, 9),
(118, 10),
(118, 11),
(118, 12),
(118, 13),
(118, 14),
(118, 15),
(118, 16),
(118, 17),
(118, 18),
(118, 19),
(118, 20),
(118, 21),
(118, 22),
(118, 23),
(118, 24),
(118, 25),
(118, 26),
(118, 27),
(118, 28),
(118, 29),
(118, 30),
(118, 31),
(118, 32),
(118, 33),
(118, 34),
(118, 35),
(118, 36),
(118, 37),
(118, 38),
(118, 39),
(118, 40),
(118, 41),
(118, 42),
(118, 43),
(118, 44),
(118, 45),
(118, 46),
(118, 47),
(118, 48),
(118, 49),
(118, 50),
(118, 51),
(118, 52),
(118, 53),
(118, 54),
(118, 55),
(118, 56),
(118, 57),
(118, 58),
(118, 59),
(118, 60),
(118, 61),
(118, 62),
(118, 63),
(118, 64),
(118, 65),
(118, 66),
(118, 67),
(118, 68),
(118, 69),
(118, 70),
(118, 71),
(118, 72),
(118, 73),
(118, 74),
(118, 75),
(118, 76),
(118, 77),
(118, 78),
(118, 79),
(118, 80),
(118, 81),
(118, 82),
(118, 83),
(118, 84),
(118, 85),
(119, 1),
(119, 2),
(119, 3),
(119, 4),
(119, 5),
(119, 6),
(119, 7),
(119, 8),
(119, 9),
(119, 10),
(119, 11),
(119, 12),
(119, 13),
(119, 14),
(119, 15),
(119, 16),
(119, 17),
(119, 18),
(119, 19),
(119, 20),
(119, 21),
(119, 22),
(119, 23),
(119, 24),
(119, 25),
(119, 26),
(119, 27),
(119, 28),
(119, 29),
(119, 30),
(119, 31),
(119, 32),
(119, 33),
(119, 34),
(119, 35),
(119, 36),
(119, 37),
(119, 38),
(119, 39),
(119, 40),
(119, 41),
(119, 42),
(119, 43),
(119, 44),
(119, 45),
(119, 46),
(119, 47),
(119, 48),
(119, 49),
(119, 50),
(119, 51),
(119, 52),
(119, 53),
(119, 54),
(119, 55),
(119, 56),
(119, 57),
(119, 58),
(119, 59),
(119, 60),
(119, 61),
(119, 62),
(119, 63),
(119, 64),
(119, 65),
(119, 66),
(119, 67),
(119, 68),
(119, 69),
(119, 70),
(119, 71),
(119, 72),
(119, 73),
(119, 74),
(119, 75),
(119, 76),
(119, 77),
(119, 78),
(119, 79),
(119, 80),
(119, 81),
(119, 82),
(119, 83),
(119, 84),
(119, 85),
(120, 1),
(120, 2),
(120, 3),
(120, 4),
(120, 5),
(120, 6),
(120, 7),
(120, 8),
(120, 9),
(120, 10),
(120, 11),
(120, 12),
(120, 13),
(120, 14),
(120, 15),
(120, 16),
(120, 17),
(120, 18),
(120, 19),
(120, 20),
(120, 21),
(120, 22),
(120, 23),
(120, 24),
(120, 25),
(120, 26),
(120, 27),
(120, 28),
(120, 29),
(120, 30),
(120, 31),
(120, 32),
(120, 33),
(120, 34),
(120, 35),
(120, 36),
(120, 37),
(120, 38),
(120, 39),
(120, 40),
(120, 41),
(120, 42),
(120, 43),
(120, 44),
(120, 45),
(120, 46),
(120, 47),
(120, 48),
(120, 49),
(120, 50),
(120, 51),
(120, 52),
(120, 53),
(120, 54),
(120, 55),
(120, 56),
(120, 57),
(120, 58),
(120, 59),
(120, 60),
(120, 61),
(120, 62),
(120, 63),
(120, 64),
(120, 65),
(120, 66),
(120, 67),
(120, 68),
(120, 69),
(120, 70),
(120, 71),
(120, 72),
(120, 73),
(120, 74),
(120, 75),
(120, 76),
(120, 77),
(120, 78),
(120, 79),
(120, 80),
(120, 81),
(120, 82),
(120, 83),
(120, 84),
(120, 85),
(121, 1),
(121, 2),
(121, 3),
(121, 4),
(121, 5),
(121, 6),
(121, 7),
(121, 8),
(121, 9),
(121, 10),
(121, 11),
(121, 12),
(121, 13),
(121, 14),
(121, 15),
(121, 16),
(121, 17),
(121, 18),
(121, 19),
(121, 20),
(121, 21),
(121, 22),
(121, 23),
(121, 24),
(121, 25),
(121, 26),
(121, 27),
(121, 28),
(121, 29),
(121, 30),
(121, 31),
(121, 32),
(121, 33),
(121, 34),
(121, 35),
(121, 36),
(121, 37),
(121, 38),
(121, 39),
(121, 40),
(121, 41),
(121, 42),
(121, 43),
(121, 44),
(121, 45),
(121, 46),
(121, 47),
(121, 48),
(121, 49),
(121, 50),
(121, 51),
(121, 52),
(121, 53),
(121, 54),
(121, 55),
(121, 56),
(121, 57),
(121, 58),
(121, 59),
(121, 60),
(121, 61),
(121, 62),
(121, 63),
(121, 64),
(121, 65),
(121, 66),
(121, 67),
(121, 68),
(121, 69),
(121, 70),
(121, 71),
(121, 72),
(121, 73),
(121, 74),
(121, 75),
(121, 76),
(121, 77),
(121, 78),
(121, 79),
(121, 80),
(121, 81),
(121, 82),
(121, 83),
(121, 84),
(121, 85),
(122, 1),
(122, 2),
(122, 3),
(122, 4),
(122, 5),
(122, 6),
(122, 7),
(122, 8),
(122, 9),
(122, 10),
(122, 11),
(122, 12),
(122, 13),
(122, 14),
(122, 15),
(122, 16),
(122, 17),
(122, 18),
(122, 19),
(122, 20),
(122, 21),
(122, 22),
(122, 23),
(122, 24),
(122, 25),
(122, 26),
(122, 27),
(122, 28),
(122, 29),
(122, 30),
(122, 31),
(122, 32),
(122, 33),
(122, 34),
(122, 35),
(122, 36),
(122, 37),
(122, 38),
(122, 39),
(122, 40),
(122, 41),
(122, 42),
(122, 43),
(122, 44),
(122, 45),
(122, 46),
(122, 47),
(122, 48),
(122, 49),
(122, 50),
(122, 51),
(122, 52),
(122, 53),
(122, 54),
(122, 55),
(122, 56),
(122, 57),
(122, 58),
(122, 59),
(122, 60),
(122, 61),
(122, 62),
(122, 63),
(122, 64),
(122, 65),
(122, 66),
(122, 67),
(122, 68),
(122, 69),
(122, 70),
(122, 71),
(122, 72),
(122, 73),
(122, 74),
(122, 75),
(122, 76),
(122, 77),
(122, 78),
(122, 79),
(122, 80),
(122, 81),
(122, 82),
(122, 83),
(122, 84),
(122, 85),
(123, 1),
(123, 2),
(123, 3),
(123, 4),
(123, 5),
(123, 6),
(123, 7),
(123, 8),
(123, 9),
(123, 10),
(123, 11),
(123, 12),
(123, 13),
(123, 14),
(123, 15),
(123, 16),
(123, 17),
(123, 18),
(123, 19),
(123, 20),
(123, 21),
(123, 22),
(123, 23),
(123, 24),
(123, 25),
(123, 26),
(123, 27),
(123, 28),
(123, 29),
(123, 30),
(123, 31),
(123, 32),
(123, 33),
(123, 34),
(123, 35),
(123, 36),
(123, 37),
(123, 38),
(123, 39),
(123, 40),
(123, 41),
(123, 42),
(123, 43),
(123, 44),
(123, 45),
(123, 46),
(123, 47),
(123, 48),
(123, 49),
(123, 50),
(123, 51),
(123, 52),
(123, 53),
(123, 54),
(123, 55),
(123, 56),
(123, 57),
(123, 58),
(123, 59),
(123, 60),
(123, 61),
(123, 62),
(123, 63),
(123, 64),
(123, 65),
(123, 66),
(123, 67),
(123, 68),
(123, 69),
(123, 70),
(123, 71),
(123, 72),
(123, 73),
(123, 74),
(123, 75),
(123, 76),
(123, 77),
(123, 78),
(123, 79),
(123, 80),
(123, 81),
(123, 82),
(123, 83),
(123, 84),
(123, 85),
(124, 1),
(124, 2),
(124, 3),
(124, 4),
(124, 5),
(124, 6),
(124, 7),
(124, 8),
(124, 9),
(124, 10),
(124, 11),
(124, 12),
(124, 13),
(124, 14),
(124, 15),
(124, 16),
(124, 17),
(124, 18),
(124, 19),
(124, 20),
(124, 21),
(124, 22),
(124, 23),
(124, 24),
(124, 25),
(124, 26),
(124, 27),
(124, 28),
(124, 29),
(124, 30),
(124, 31),
(124, 32),
(124, 33),
(124, 34),
(124, 35),
(124, 36),
(124, 37),
(124, 38),
(124, 39),
(124, 40),
(124, 41),
(124, 42),
(124, 43),
(124, 44),
(124, 45),
(124, 46),
(124, 47),
(124, 48),
(124, 49),
(124, 50),
(124, 51),
(124, 52),
(124, 53),
(124, 54),
(124, 55),
(124, 56),
(124, 57),
(124, 58),
(124, 59),
(124, 60),
(124, 61),
(124, 62),
(124, 63),
(124, 64),
(124, 65),
(124, 66),
(124, 67),
(124, 68),
(124, 69),
(124, 70),
(124, 71),
(124, 72),
(124, 73),
(124, 74),
(124, 75),
(124, 76),
(124, 77),
(124, 78),
(124, 79),
(124, 80),
(124, 81),
(124, 82),
(124, 83),
(124, 84),
(124, 85),
(125, 1),
(125, 2),
(125, 3),
(125, 4),
(125, 5),
(125, 6),
(125, 7),
(125, 8),
(125, 9),
(125, 10),
(125, 11),
(125, 12),
(125, 13),
(125, 14),
(125, 15),
(125, 16),
(125, 17),
(125, 18),
(125, 19),
(125, 20),
(125, 21),
(125, 22),
(125, 23),
(125, 24),
(125, 25),
(125, 26),
(125, 27),
(125, 28),
(125, 29),
(125, 30),
(125, 31),
(125, 32),
(125, 33),
(125, 34),
(125, 35),
(125, 36),
(125, 37),
(125, 38),
(125, 39),
(125, 40),
(125, 41),
(125, 42),
(125, 43),
(125, 44),
(125, 45),
(125, 46),
(125, 47),
(125, 48),
(125, 49),
(125, 50),
(125, 51),
(125, 52),
(125, 53),
(125, 54),
(125, 55),
(125, 56),
(125, 57),
(125, 58),
(125, 59),
(125, 60),
(125, 61),
(125, 62),
(125, 63),
(125, 64),
(125, 65),
(125, 66),
(125, 67),
(125, 68),
(125, 69),
(125, 70),
(125, 71),
(125, 72),
(125, 73),
(125, 74),
(125, 75),
(125, 76),
(125, 77),
(125, 78),
(125, 79),
(125, 80),
(125, 81),
(125, 82),
(125, 83),
(125, 84),
(125, 85),
(126, 1),
(126, 2),
(126, 3),
(126, 4),
(126, 5),
(126, 6),
(126, 7),
(126, 8),
(126, 9),
(126, 10),
(126, 11),
(126, 12),
(126, 13),
(126, 14),
(126, 15),
(126, 16),
(126, 17),
(126, 18),
(126, 19),
(126, 20),
(126, 21),
(126, 22),
(126, 23),
(126, 24),
(126, 25),
(126, 26),
(126, 27),
(126, 28),
(126, 29),
(126, 30),
(126, 31),
(126, 32),
(126, 33),
(126, 34),
(126, 35),
(126, 36),
(126, 37),
(126, 38),
(126, 39),
(126, 40),
(126, 41),
(126, 42),
(126, 43),
(126, 44),
(126, 45),
(126, 46),
(126, 47),
(126, 48),
(126, 49),
(126, 50),
(126, 51),
(126, 52),
(126, 53),
(126, 54),
(126, 55),
(126, 56),
(126, 57),
(126, 58),
(126, 59),
(126, 60),
(126, 61),
(126, 62),
(126, 63),
(126, 64),
(126, 65),
(126, 66),
(126, 67),
(126, 68),
(126, 69),
(126, 70),
(126, 71),
(126, 72),
(126, 73),
(126, 74),
(126, 75),
(126, 76),
(126, 77),
(126, 78),
(126, 79),
(126, 80),
(126, 81),
(126, 82),
(126, 83),
(126, 84),
(126, 85),
(127, 1),
(127, 2),
(127, 3),
(127, 4),
(127, 5),
(127, 6),
(127, 7),
(127, 8),
(127, 9),
(127, 10),
(127, 11),
(127, 12),
(127, 13),
(127, 14),
(127, 15),
(127, 16),
(127, 17),
(127, 18),
(127, 19),
(127, 20),
(127, 21),
(127, 22),
(127, 23),
(127, 24),
(127, 25),
(127, 26),
(127, 27),
(127, 28),
(127, 29),
(127, 30),
(127, 31),
(127, 32),
(127, 33),
(127, 34),
(127, 35),
(127, 36),
(127, 37),
(127, 38),
(127, 39),
(127, 40),
(127, 41),
(127, 42),
(127, 43),
(127, 44),
(127, 45),
(127, 46),
(127, 47),
(127, 48),
(127, 49),
(127, 50),
(127, 51),
(127, 52),
(127, 53),
(127, 54),
(127, 55),
(127, 56),
(127, 57),
(127, 58),
(127, 59),
(127, 60),
(127, 61),
(127, 62),
(127, 63),
(127, 64),
(127, 65),
(127, 66),
(127, 67),
(127, 68),
(127, 69),
(127, 70),
(127, 71),
(127, 72),
(127, 73),
(127, 74),
(127, 75),
(127, 76),
(127, 77),
(127, 78),
(127, 79),
(127, 80),
(127, 81),
(127, 82),
(127, 83),
(127, 84),
(127, 85);

-- --------------------------------------------------------

--
-- Table structure for table `plan_lekcji`
--

CREATE TABLE `plan_lekcji` (
  `id` int(11) NOT NULL,
  `id_k` tinyint(4) DEFAULT NULL,
  `id_p` tinyint(4) DEFAULT NULL,
  `grupa` char(3) NOT NULL DEFAULT '1/1',
  `id_n` tinyint(4) DEFAULT NULL,
  `id_s` tinyint(4) DEFAULT NULL,
  `id_g` tinyint(4) DEFAULT NULL,
  `dzien` tinyint(4) DEFAULT NULL
) ENGINE=InnoDB DEFAULT CHARSET=utf8mb4 COLLATE=utf8mb4_general_ci;

-- --------------------------------------------------------

--
-- Table structure for table `przedmiot`
--

CREATE TABLE `przedmiot` (
  `id_p` tinyint(4) NOT NULL,
  `nazwa` varchar(50) NOT NULL,
  `typ` varchar(17) DEFAULT NULL
) ENGINE=InnoDB DEFAULT CHARSET=utf8mb4 COLLATE=utf8mb4_general_ci;

--
-- Dumping data for table `przedmiot`
--

INSERT INTO `przedmiot` (`id_p`, `nazwa`, `typ`) VALUES
(1, 'Prac_witr_ap', 'inf'),
(2, 'Witr_i_apl', 'inf'),
(3, 'informatyka', 'inf'),
(4, 'Prac.Eks.U.E', 'elek'),
(5, 'Prac.M_I.U.E', 'elek'),
(6, 'pom_me_ciep', 'ciep'),
(7, 'Prac.rys.t', 'ciep'),
(8, 'Maszyny_i_na', 'inna'),
(9, 'j.polski', 'pol'),
(10, 'j.angielski', 'ang'),
(11, 'zaj.wych', 'inna'),
(12, 'j.ang.zaw', 'ang'),
(13, 'religia', 'religijna'),
(14, 'biologia', 'bio-chem'),
(15, 'przedsięb', 'inna'),
(16, 'bizn.i_zarz', 'inna'),
(17, 'Prac.Eks.Eod', 'odnaw'),
(18, 'Prac.Kos.Dok', 'odnaw'),
(19, 'Tech.Mon.Eod', 'inna'),
(20, 'Bud.Kosztory', 'inna'),
(21, 'Prac.Obs.Eod', 'odnaw'),
(22, 'Prac.Mon.Eod', 'odnaw'),
(23, 'Prac.Moni.Eo', 'odnaw'),
(24, 'Prac_EiE', 'elek'),
(25, 'fizyka', 'fiz'),
(26, 'pom_elektr', 'elek'),
(27, 'wf', 'wf'),
(28, 'chemia', 'bio-chem'),
(29, 'historia', 'hist'),
(30, 'wos', 'inna'),
(31, 'Prac.admin', 'inf'),
(32, 'BHP', 'inna'),
(33, 'sieć_sys_ope', 'inf'),
(34, 'Prac.ABD', 'inf'),
(35, 'Pom.Uż.Urz.E', 'inna'),
(36, 'sys.baz_dan', 'inna'),
(37, 'Prac.UTK', 'inf'),
(38, 'urz.t.komp', 'inna'),
(39, 'Prac.LSK', 'inf'),
(40, 'matematyka', 'matem'),
(41, 'Instal_elekt', 'elek'),
(42, 'Podst_EiE', 'inna'),
(43, 'Podst_elektr', 'elek'),
(44, 'j.niemiecki', 'niem'),
(45, 'geografia', 'inna'),
(46, 'hist.i_teraź', 'hist'),
(47, 'Prac.Proj.Op', 'inf'),
(48, 'Podst_inf', 'inna'),
(49, 'Proj.Oprogra', 'inna'),
(50, 'plastyka', 'inna'),
(51, 'ang.ind', 'ang'),
(52, 'a_i_u_elekt', 'elek'),
(53, 'UdPEE', 'elek'),
(54, 'UdWEE', 'elek'),
(55, 'Elek.przemys', 'elek'),
(56, 'Ekspl.Eodn', 'inna'),
(57, 'Monit.Eodnaw', 'inna'),
(58, 'Oddział.Eodn', 'inna'),
(59, 'Eudwee', 'elek'),
(60, 'Podst_ene', 'inna'),
(61, 'konstr.mech', 'inna'),
(62, 'Peikiiuec', 'ciep'),
(63, 'Instal_i_urz', 'ciep'),
(64, 'Tech_konstr', 'ciep'),
(65, 'Mumiuel', 'elek'),
(66, 'Eks.Ob.Jąd', 'ele'),
(67, 'Pd.Ene.Jąd', 'elek'),
(68, 'Pod.elektron', 'inna'),
(69, 'Rys_tech', 'ciep'),
(70, 'Prac.MUK.Urz', 'elek'),
(71, 'Siec.kompute', 'inf'),
(72, 'Prac.Eks.Ist', 'elek'),
(73, 'Prac.Eks.M_U', 'elek'),
(74, 'Prac.MUK.Ins', 'elek'),
(75, 'Prac.Pro.Obi', 'inf'),
(76, 'Pra.Pr.Te.Do', 'inf'),
(77, 'Prac.Des.Mob', 'inf'),
(78, 'Pr.Te.Dok.Ap', 'inna'),
(79, 'Prog.Des.Mob', 'inf'),
(80, 'MiIUiUE', 'inna'),
(81, 'termodyn', 'inna'),
(82, 'Kons.Nap.IsU', 'inna'),
(83, 'wych.rodz', 'inna'),
(84, 'Prog.Obiekt', 'inna'),
(85, 'e_dla_bezp', 'inna');

-- --------------------------------------------------------

--
-- Table structure for table `przedmiot_klasa`
--

CREATE TABLE `przedmiot_klasa` (
  `id_k` tinyint(4) NOT NULL,
  `id_p` tinyint(4) NOT NULL,
  `ilosc_godzin` tinyint(4) NOT NULL,
  `ilosc_grup` tinyint(4) NOT NULL DEFAULT 1
) ENGINE=InnoDB DEFAULT CHARSET=utf8mb4 COLLATE=utf8mb4_general_ci;

--
-- Dumping data for table `przedmiot_klasa`
--

INSERT INTO `przedmiot_klasa` (`id_k`, `id_p`, `ilosc_godzin`, `ilosc_grup`) VALUES
(1, 3, 1, 2),
(1, 9, 2, 1),
(1, 10, 2, 2),
(1, 11, 1, 1),
(1, 12, 1, 1),
(1, 13, 2, 1),
(1, 14, 1, 1),
(1, 16, 1, 1),
(1, 24, 3, 2),
(1, 25, 1, 1),
(1, 27, 3, 2),
(1, 29, 1, 1),
(1, 32, 1, 1),
(1, 40, 2, 1),
(1, 42, 3, 1),
(1, 83, 1, 1),
(1, 85, 1, 1),
(2, 3, 1, 2),
(2, 9, 3, 1),
(2, 10, 3, 2),
(2, 11, 1, 1),
(2, 13, 2, 1),
(2, 14, 2, 1),
(2, 16, 1, 1),
(2, 24, 3, 2),
(2, 25, 2, 1),
(2, 27, 3, 2),
(2, 29, 2, 1),
(2, 32, 1, 1),
(2, 40, 3, 1),
(2, 44, 2, 2),
(2, 50, 1, 1),
(2, 68, 6, 1),
(2, 83, 1, 1),
(2, 85, 1, 1),
(3, 3, 1, 2),
(3, 9, 3, 1),
(3, 10, 3, 2),
(3, 11, 1, 1),
(3, 13, 2, 1),
(3, 14, 2, 1),
(3, 16, 1, 1),
(3, 24, 3, 2),
(3, 25, 2, 1),
(3, 27, 3, 2),
(3, 29, 2, 1),
(3, 32, 1, 1),
(3, 40, 3, 1),
(3, 42, 6, 1),
(3, 44, 2, 2),
(3, 50, 1, 1),
(3, 83, 1, 1),
(3, 85, 1, 1),
(4, 3, 1, 2),
(4, 9, 3, 1),
(4, 10, 3, 2),
(4, 11, 1, 1),
(4, 13, 2, 1),
(4, 14, 2, 1),
(4, 16, 1, 1),
(4, 25, 2, 1),
(4, 26, 3, 2),
(4, 27, 3, 2),
(4, 29, 2, 1),
(4, 32, 1, 1),
(4, 40, 3, 1),
(4, 43, 3, 1),
(4, 44, 2, 2),
(4, 50, 1, 1),
(4, 60, 1, 1),
(4, 64, 1, 1),
(4, 69, 2, 2),
(4, 83, 1, 1),
(4, 85, 1, 1),
(5, 3, 2, 2),
(5, 9, 3, 1),
(5, 10, 1, 2),
(5, 11, 1, 1),
(5, 13, 2, 1),
(5, 16, 1, 1),
(5, 27, 3, 2),
(5, 28, 2, 1),
(5, 29, 2, 1),
(5, 31, 2, 2),
(5, 32, 1, 1),
(5, 33, 2, 1),
(5, 37, 3, 2),
(5, 38, 2, 1),
(5, 40, 3, 1),
(5, 44, 1, 2),
(5, 45, 2, 1),
(5, 48, 1, 1),
(5, 50, 1, 1),
(5, 83, 1, 1),
(5, 85, 1, 1),
(6, 3, 1, 2),
(6, 7, 2, 2),
(6, 9, 3, 1),
(6, 10, 2, 2),
(6, 11, 1, 1),
(6, 13, 2, 1),
(6, 14, 4, 1),
(6, 16, 1, 1),
(6, 18, 2, 2),
(6, 20, 1, 1),
(6, 25, 2, 1),
(6, 27, 3, 2),
(6, 29, 2, 1),
(6, 32, 1, 1),
(6, 40, 3, 1),
(6, 44, 2, 2),
(6, 50, 1, 1),
(6, 55, 1, 1),
(6, 60, 2, 1),
(6, 61, 1, 1),
(6, 83, 1, 1),
(6, 85, 1, 1),
(7, 1, 2, 2),
(7, 2, 2, 1),
(7, 3, 2, 2),
(7, 9, 3, 1),
(7, 10, 2, 2),
(7, 11, 1, 1),
(7, 13, 2, 1),
(7, 16, 1, 1),
(7, 27, 3, 2),
(7, 28, 2, 1),
(7, 29, 2, 1),
(7, 32, 1, 1),
(7, 34, 2, 2),
(7, 36, 1, 1),
(7, 40, 3, 1),
(7, 44, 2, 2),
(7, 45, 2, 1),
(7, 48, 1, 1),
(7, 50, 1, 1),
(7, 83, 1, 1),
(7, 85, 1, 1),
(8, 8, 4, 1),
(8, 9, 2, 1),
(8, 10, 2, 2),
(8, 11, 1, 1),
(8, 13, 2, 1),
(8, 14, 1, 1),
(8, 16, 1, 1),
(8, 25, 1, 1),
(8, 27, 3, 2),
(8, 29, 1, 1),
(8, 40, 2, 1),
(8, 41, 1, 1),
(8, 42, 3, 1),
(8, 52, 2, 1),
(8, 70, 3, 2),
(9, 3, 1, 2),
(9, 5, 5, 2),
(9, 9, 3, 1),
(9, 10, 3, 2),
(9, 11, 1, 1),
(9, 13, 2, 1),
(9, 14, 2, 1),
(9, 16, 1, 1),
(9, 25, 2, 1),
(9, 27, 3, 2),
(9, 29, 3, 1),
(9, 40, 3, 1),
(9, 44, 2, 2),
(9, 46, 1, 1),
(9, 68, 3, 1),
(9, 80, 2, 1),
(9, 83, 1, 1),
(10, 3, 1, 2),
(10, 8, 2, 1),
(10, 9, 3, 1),
(10, 10, 3, 2),
(10, 11, 1, 1),
(10, 12, 1, 1),
(10, 13, 2, 1),
(10, 14, 2, 1),
(10, 16, 1, 1),
(10, 25, 2, 1),
(10, 27, 3, 2),
(10, 29, 2, 1),
(10, 40, 3, 1),
(10, 41, 1, 1),
(10, 42, 2, 1),
(10, 44, 2, 2),
(10, 46, 1, 1),
(10, 51, 3, 1),
(10, 52, 1, 1),
(11, 3, 1, 2),
(11, 9, 3, 1),
(11, 10, 3, 2),
(11, 11, 1, 1),
(11, 13, 2, 1),
(11, 14, 2, 1),
(11, 16, 1, 1),
(11, 25, 2, 1),
(11, 26, 3, 2),
(11, 27, 3, 2),
(11, 29, 2, 1),
(11, 40, 3, 1),
(11, 43, 2, 1),
(11, 44, 2, 2),
(11, 46, 1, 1),
(11, 60, 1, 1),
(11, 64, 1, 1),
(11, 81, 2, 1),
(11, 83, 1, 1),
(12, 1, 1, 2),
(12, 2, 1, 1),
(12, 3, 2, 2),
(12, 9, 3, 1),
(12, 10, 2, 2),
(12, 11, 1, 1),
(12, 13, 2, 1),
(12, 16, 1, 1),
(12, 27, 3, 2),
(12, 28, 2, 1),
(12, 29, 2, 1),
(12, 31, 2, 2),
(12, 33, 1, 1),
(12, 37, 2, 2),
(12, 38, 1, 1),
(12, 39, 2, 2),
(12, 40, 4, 1),
(12, 44, 2, 2),
(12, 45, 2, 1),
(12, 46, 1, 1),
(12, 71, 2, 1),
(12, 83, 1, 1),
(13, 1, 1, 2),
(13, 2, 1, 1),
(13, 3, 2, 2),
(13, 9, 3, 1),
(13, 10, 2, 2),
(13, 11, 1, 1),
(13, 13, 2, 1),
(13, 16, 1, 1),
(13, 27, 3, 2),
(13, 28, 2, 1),
(13, 29, 2, 1),
(13, 31, 2, 2),
(13, 33, 1, 1),
(13, 37, 2, 2),
(13, 38, 1, 1),
(13, 39, 2, 2),
(13, 40, 4, 1),
(13, 44, 2, 2),
(13, 45, 2, 1),
(13, 46, 1, 1),
(13, 71, 2, 1),
(14, 1, 2, 1),
(14, 2, 1, 1),
(14, 3, 2, 2),
(14, 9, 3, 1),
(14, 10, 2, 2),
(14, 11, 1, 1),
(14, 13, 2, 1),
(14, 16, 1, 1),
(14, 27, 3, 2),
(14, 28, 2, 1),
(14, 29, 2, 1),
(14, 31, 2, 2),
(14, 33, 1, 1),
(14, 37, 2, 2),
(14, 38, 1, 1),
(14, 39, 2, 2),
(14, 40, 4, 1),
(14, 44, 2, 2),
(14, 45, 2, 1),
(14, 46, 1, 1),
(14, 71, 2, 1),
(14, 83, 1, 1),
(15, 3, 1, 2),
(15, 9, 3, 1),
(15, 10, 2, 2),
(15, 11, 1, 1),
(15, 13, 2, 1),
(15, 14, 3, 1),
(15, 16, 1, 1),
(15, 19, 3, 1),
(15, 21, 2, 2),
(15, 25, 2, 1),
(15, 27, 3, 2),
(15, 29, 2, 1),
(15, 40, 3, 1),
(15, 44, 2, 2),
(15, 46, 1, 1),
(15, 55, 1, 1),
(15, 60, 2, 1),
(15, 83, 1, 1),
(16, 1, 2, 2),
(16, 2, 1, 1),
(16, 3, 2, 2),
(16, 9, 4, 1),
(16, 10, 2, 2),
(16, 11, 1, 1),
(16, 13, 2, 1),
(16, 16, 1, 1),
(16, 27, 3, 2),
(16, 28, 3, 1),
(16, 29, 3, 1),
(16, 34, 2, 2),
(16, 36, 1, 1),
(16, 40, 3, 1),
(16, 44, 2, 2),
(16, 45, 3, 1),
(16, 46, 1, 1),
(16, 48, 1, 1),
(16, 75, 2, 2),
(16, 84, 1, 1),
(17, 8, 2, 1),
(17, 9, 2, 1),
(17, 10, 1, 2),
(17, 11, 1, 1),
(17, 13, 2, 1),
(17, 14, 1, 1),
(17, 25, 1, 1),
(17, 27, 3, 2),
(17, 29, 1, 1),
(17, 40, 1, 1),
(17, 41, 1, 1),
(17, 52, 1, 1),
(17, 70, 5, 2),
(17, 74, 5, 2),
(18, 3, 1, 2),
(18, 5, 4, 2),
(18, 9, 3, 1),
(18, 10, 3, 2),
(18, 11, 1, 1),
(18, 12, 1, 1),
(18, 13, 2, 1),
(18, 15, 1, 1),
(18, 27, 3, 2),
(18, 28, 2, 1),
(18, 29, 2, 1),
(18, 40, 5, 1),
(18, 44, 2, 2),
(18, 45, 2, 1),
(18, 46, 1, 1),
(18, 68, 3, 1),
(18, 80, 2, 1),
(19, 3, 1, 2),
(19, 8, 2, 1),
(19, 9, 3, 1),
(19, 10, 3, 2),
(19, 11, 1, 1),
(19, 13, 2, 1),
(19, 15, 1, 1),
(19, 27, 3, 2),
(19, 28, 2, 1),
(19, 29, 2, 1),
(19, 40, 5, 1),
(19, 41, 1, 1),
(19, 44, 2, 2),
(19, 45, 2, 1),
(19, 46, 1, 1),
(19, 52, 1, 1),
(19, 72, 4, 2),
(19, 73, 4, 2),
(20, 3, 1, 2),
(20, 6, 3, 2),
(20, 9, 4, 1),
(20, 10, 2, 2),
(20, 11, 1, 1),
(20, 12, 1, 1),
(20, 13, 2, 1),
(20, 15, 1, 1),
(20, 27, 3, 2),
(20, 28, 3, 1),
(20, 29, 2, 1),
(20, 40, 5, 1),
(20, 44, 2, 2),
(20, 45, 3, 1),
(20, 46, 1, 1),
(20, 53, 3, 1),
(20, 54, 1, 1),
(20, 60, 1, 1),
(20, 63, 1, 1),
(21, 1, 1, 2),
(21, 2, 1, 1),
(21, 3, 2, 2),
(21, 9, 3, 1),
(21, 10, 2, 2),
(21, 11, 1, 1),
(21, 12, 1, 1),
(21, 13, 2, 1),
(21, 14, 2, 1),
(21, 15, 1, 1),
(21, 25, 1, 1),
(21, 27, 3, 2),
(21, 29, 2, 1),
(21, 31, 2, 2),
(21, 33, 1, 1),
(21, 34, 2, 2),
(21, 36, 1, 1),
(21, 39, 2, 2),
(21, 40, 5, 1),
(21, 44, 2, 2),
(21, 46, 1, 1),
(21, 71, 2, 1),
(22, 1, 1, 2),
(22, 2, 1, 1),
(22, 3, 2, 2),
(22, 9, 3, 1),
(22, 10, 2, 2),
(22, 11, 1, 1),
(22, 12, 1, 1),
(22, 13, 2, 1),
(22, 14, 2, 1),
(22, 15, 1, 1),
(22, 25, 2, 1),
(22, 27, 3, 2),
(22, 29, 2, 1),
(22, 31, 2, 2),
(22, 33, 1, 1),
(22, 34, 2, 2),
(22, 36, 1, 1),
(22, 39, 2, 2),
(22, 40, 4, 1),
(22, 44, 2, 2),
(22, 46, 1, 1),
(22, 71, 2, 1),
(23, 1, 1, 2),
(23, 2, 1, 1),
(23, 3, 2, 2),
(23, 9, 3, 1),
(23, 10, 2, 2),
(23, 11, 1, 1),
(23, 12, 1, 1),
(23, 13, 2, 1),
(23, 14, 2, 1),
(23, 15, 1, 1),
(23, 25, 2, 1),
(23, 27, 3, 2),
(23, 29, 2, 1),
(23, 31, 2, 2),
(23, 33, 1, 1),
(23, 34, 2, 2),
(23, 36, 1, 1),
(23, 39, 2, 2),
(23, 40, 4, 1),
(23, 44, 2, 2),
(23, 46, 1, 1),
(23, 51, 3, 1),
(23, 71, 2, 1),
(24, 1, 3, 2),
(24, 2, 1, 1),
(24, 3, 2, 2),
(24, 9, 4, 1),
(24, 10, 2, 2),
(24, 11, 1, 1),
(24, 12, 1, 1),
(24, 13, 2, 1),
(24, 14, 2, 1),
(24, 15, 1, 1),
(24, 25, 2, 1),
(24, 27, 3, 2),
(24, 29, 3, 1),
(24, 34, 2, 2),
(24, 36, 2, 1),
(24, 40, 5, 1),
(24, 44, 2, 2),
(24, 46, 1, 1),
(24, 47, 1, 2),
(24, 49, 1, 1),
(25, 3, 1, 2),
(25, 9, 3, 1),
(25, 10, 2, 2),
(25, 11, 1, 1),
(25, 12, 1, 1),
(25, 13, 2, 1),
(25, 14, 1, 1),
(25, 15, 1, 1),
(25, 19, 3, 1),
(25, 21, 3, 2),
(25, 22, 3, 2),
(25, 27, 3, 2),
(25, 28, 2, 1),
(25, 29, 2, 1),
(25, 40, 4, 1),
(25, 44, 2, 2),
(25, 45, 2, 1),
(25, 46, 1, 1),
(25, 60, 2, 1),
(26, 4, 5, 2),
(26, 9, 3, 1),
(26, 10, 4, 2),
(26, 11, 1, 1),
(26, 13, 2, 1),
(26, 27, 3, 2),
(26, 28, 2, 1),
(26, 29, 1, 1),
(26, 30, 1, 1),
(26, 35, 2, 1),
(26, 40, 4, 1),
(26, 44, 1, 2),
(26, 45, 2, 1),
(26, 68, 2, 1),
(26, 82, 2, 1),
(27, 8, 3, 1),
(27, 9, 3, 1),
(27, 10, 4, 2),
(27, 11, 1, 1),
(27, 13, 1, 1),
(27, 27, 3, 2),
(27, 28, 2, 1),
(27, 29, 1, 1),
(27, 30, 1, 1),
(27, 40, 4, 1),
(27, 41, 1, 1),
(27, 44, 1, 2),
(27, 45, 2, 1),
(27, 52, 2, 1),
(27, 72, 4, 2),
(27, 73, 4, 2),
(28, 9, 3, 1),
(28, 10, 4, 1),
(28, 11, 1, 1),
(28, 12, 1, 1),
(28, 13, 1, 1),
(28, 27, 3, 1),
(28, 28, 2, 1),
(28, 29, 1, 1),
(28, 30, 1, 1),
(28, 40, 4, 1),
(28, 44, 1, 1),
(28, 45, 2, 1),
(28, 53, 2, 1),
(28, 54, 2, 1),
(28, 62, 2, 2),
(28, 63, 2, 1),
(28, 65, 4, 2),
(29, 1, 4, 2),
(29, 2, 4, 1),
(29, 3, 1, 2),
(29, 9, 3, 1),
(29, 10, 3, 2),
(29, 11, 1, 1),
(29, 12, 1, 1),
(29, 13, 1, 1),
(29, 14, 2, 1),
(29, 25, 2, 1),
(29, 27, 3, 2),
(29, 29, 1, 1),
(29, 30, 1, 1),
(29, 34, 2, 2),
(29, 36, 2, 1),
(29, 40, 4, 1),
(29, 44, 1, 2),
(30, 1, 4, 2),
(30, 2, 4, 1),
(30, 3, 1, 2),
(30, 9, 3, 1),
(30, 10, 3, 2),
(30, 11, 1, 1),
(30, 12, 1, 1),
(30, 13, 1, 1),
(30, 14, 2, 1),
(30, 25, 2, 1),
(30, 27, 3, 2),
(30, 29, 1, 1),
(30, 30, 1, 1),
(30, 34, 2, 2),
(30, 36, 2, 1),
(30, 40, 4, 1),
(30, 44, 1, 2),
(31, 1, 4, 2),
(31, 2, 4, 1),
(31, 9, 3, 1),
(31, 10, 3, 2),
(31, 11, 1, 1),
(31, 12, 1, 1),
(31, 13, 1, 1),
(31, 14, 2, 1),
(31, 25, 2, 1),
(31, 27, 3, 2),
(31, 29, 1, 1),
(31, 30, 1, 1),
(31, 34, 2, 2),
(31, 36, 2, 1),
(31, 40, 4, 1),
(31, 44, 1, 2),
(32, 3, 1, 2),
(32, 9, 4, 1),
(32, 10, 3, 2),
(32, 11, 1, 1),
(32, 13, 1, 1),
(32, 14, 2, 1),
(32, 25, 2, 1),
(32, 27, 3, 2),
(32, 29, 1, 1),
(32, 30, 1, 1),
(32, 40, 5, 1),
(32, 44, 1, 2),
(32, 76, 2, 2),
(32, 77, 3, 2),
(32, 78, 2, 1),
(32, 79, 4, 1),
(33, 9, 3, 1),
(33, 10, 3, 2),
(33, 11, 1, 1),
(33, 12, 1, 1),
(33, 13, 1, 1),
(33, 14, 1, 1),
(33, 17, 3, 2),
(33, 23, 3, 2),
(33, 27, 3, 2),
(33, 28, 2, 1),
(33, 29, 1, 1),
(33, 30, 1, 1),
(33, 40, 4, 1),
(33, 44, 1, 2),
(33, 45, 2, 1),
(33, 56, 2, 1),
(33, 57, 1, 1),
(33, 58, 1, 1),
(34, 4, 2, 2),
(34, 9, 3, 1),
(34, 10, 4, 2),
(34, 11, 1, 1),
(34, 12, 1, 1),
(34, 13, 1, 1),
(34, 27, 3, 2),
(34, 29, 1, 1),
(34, 30, 1, 1),
(34, 35, 2, 1),
(34, 37, 2, 2),
(34, 40, 5, 1),
(34, 44, 1, 2),
(34, 82, 2, 1),
(35, 8, 2, 1),
(35, 9, 3, 1),
(35, 10, 4, 1),
(35, 11, 1, 1),
(35, 12, 1, 1),
(35, 13, 1, 1),
(35, 22, 4, 2),
(35, 27, 3, 1),
(35, 29, 1, 1),
(35, 30, 1, 1),
(35, 40, 5, 1),
(35, 44, 1, 1),
(35, 52, 1, 1),
(35, 70, 4, 2),
(36, 9, 3, 1),
(36, 10, 5, 2),
(36, 11, 1, 1),
(36, 13, 1, 1),
(36, 27, 3, 1),
(36, 29, 1, 1),
(36, 30, 1, 1),
(36, 40, 5, 1),
(36, 44, 1, 1),
(36, 54, 2, 1),
(36, 59, 2, 2),
(36, 62, 3, 2),
(36, 63, 2, 1),
(36, 66, 2, 2),
(36, 67, 1, 1),
(37, 1, 6, 2),
(37, 2, 2, 1),
(37, 3, 1, 2),
(37, 9, 3, 1),
(37, 10, 3, 2),
(37, 11, 1, 1),
(37, 27, 3, 2),
(37, 29, 1, 1),
(37, 30, 1, 1),
(37, 34, 2, 2),
(37, 36, 1, 1),
(37, 40, 5, 1),
(37, 44, 1, 2),
(38, 1, 6, 2),
(38, 2, 2, 1),
(38, 3, 1, 2),
(38, 9, 3, 1),
(38, 10, 3, 2),
(38, 11, 1, 1),
(38, 13, 2, 1),
(38, 27, 3, 2),
(38, 29, 1, 1),
(38, 30, 1, 1),
(38, 34, 2, 2),
(38, 36, 1, 1),
(38, 40, 5, 1),
(38, 44, 1, 2),
(39, 1, 6, 2),
(39, 2, 2, 1),
(39, 3, 1, 2),
(39, 9, 3, 1),
(39, 10, 3, 2),
(39, 11, 1, 1),
(39, 13, 2, 1),
(39, 27, 3, 2),
(39, 29, 1, 1),
(39, 30, 1, 1),
(39, 34, 2, 2),
(39, 36, 1, 1),
(39, 40, 5, 1),
(39, 44, 1, 2),
(40, 9, 3, 1),
(40, 10, 2, 1),
(40, 11, 1, 1),
(40, 13, 1, 1),
(40, 14, 1, 1),
(40, 17, 4, 2),
(40, 23, 4, 2),
(40, 27, 3, 1),
(40, 29, 1, 1),
(40, 30, 1, 1),
(40, 40, 6, 1),
(40, 44, 1, 1),
(40, 56, 4, 1),
(40, 57, 2, 1),
(41, 3, 2, 2),
(41, 9, 3, 1),
(41, 10, 3, 2),
(41, 11, 1, 1),
(41, 12, 1, 1),
(41, 13, 1, 1),
(41, 27, 3, 2),
(41, 29, 1, 1),
(41, 30, 1, 1),
(41, 40, 5, 1),
(41, 44, 1, 2),
(41, 76, 4, 2),
(41, 77, 4, 2),
(41, 78, 2, 1);

-- --------------------------------------------------------

--
-- Table structure for table `sala`
--

CREATE TABLE `sala` (
  `id_s` tinyint(4) NOT NULL,
  `numer` varchar(4) NOT NULL,
  `rozmiar` tinyint(4) NOT NULL,
  `typ` varchar(17) DEFAULT NULL,
  `wychowawca` char(2) DEFAULT NULL
) ENGINE=InnoDB DEFAULT CHARSET=utf8mb4 COLLATE=utf8mb4_general_ci;

--
-- Dumping data for table `sala`
--

INSERT INTO `sala` (`id_s`, `numer`, `rozmiar`, `typ`, `wychowawca`) VALUES
(1, 'P1_d', 1, 'elek', 'KU'),
(2, 'P2_o', 1, 'odnaw', 'PŁ'),
(3, 'P3_e', 1, 'odnaw', 'DD'),
(4, '5', 2, 'elek', 'TY'),
(5, '6', 1, 'ang', 'NR'),
(6, '19', 1, 'elek', 'SP'),
(7, '20', 1, 'ciep', 'DA'),
(8, '18', 2, 'ciep', 'ZT'),
(9, '21', 2, 'religijna', 'CA'),
(10, '08', 2, 'religijna', 'MJ'),
(11, '116', 1, 'ang', 'AC'),
(12, '119', 2, 'inna', 'PŁ'),
(13, '133', 2, 'fiz', 'AR'),
(14, '134', 1, 'ang', 'BM'),
(15, '135', 2, 'bio-chem', 'SA'),
(16, '142', 2, 'inna', 'KI'),
(17, '143', 1, 'ang', 'WB'),
(18, '144', 2, 'elek', 'AP'),
(19, '204', 2, 'inf', 'RW'),
(20, '205', 1, 'inf', 'MK'),
(21, '206', 2, 'matem', 'BG'),
(22, '208', 2, 'matem', 'WŁ'),
(23, '209', 2, 'matem', 'IT'),
(24, '211', 2, 'matem', 'KZ'),
(25, '212', 1, 'elek', 'BY'),
(26, '214', 2, 'elek', 'AT'),
(27, '222', 2, 'inf', 'WO'),
(28, '223', 1, 'inf', 'TT'),
(29, '224', 2, 'inf', 'MP'),
(30, '225', 1, 'inf', 'GR'),
(31, '228', 2, 'inf', 'MQ'),
(32, '229', 1, 'inf', 'NG'),
(33, '230', 2, 'inf', 'KO'),
(34, '231', 1, 'inf', 'JK'),
(35, '304', 2, 'matem', 'SJ'),
(36, '305', 2, 'inna', 'CI'),
(37, '306', 2, 'inna', 'YZ'),
(38, '307', 2, 'pol', 'JH'),
(39, '311', 2, 'pol', 'JŁ'),
(40, '313', 2, 'pol', 'AH'),
(41, '314', 2, 'pol', 'JŚ'),
(42, '319', 1, 'niem', 'AJ'),
(43, '320', 2, 'hist', 'RT'),
(44, '321', 1, 'niem', 'EO'),
(45, '322', 1, 'niem', 'JM'),
(46, '323', 2, 'hist', 'KP'),
(47, '326', 2, 'inna', 'NW'),
(48, '327', 2, 'niem', 'AŁ'),
(49, '328', 2, 'inna', 'BO'),
(50, '329', 1, 'ang', 'JL'),
(51, 'czyt', 2, 'ang', 'JO'),
(52, 'WF_1', 2, 'wf', 'KK'),
(53, 'WF_2', 2, 'wf', 'RJ'),
(54, 'WF_3', 2, 'wf', 'PG'),
(55, 'WF_4', 2, 'wf', 'PW'),
(56, 'WF_5', 2, 'wf', 'ŁA'),
(57, 'WF_6', 2, 'wf', 'PG'),
(58, 'WF_7', 2, 'wf', 'RO'),
(59, '400', 2, 'inna', NULL),
(60, '401', 2, 'inna', NULL),
(61, '402', 2, 'inna', NULL),
(62, '403', 2, 'inna', NULL),
(63, '404', 2, 'inna', NULL),
(64, '405', 2, 'inna', NULL),
(65, '406', 2, 'inna', NULL),
(66, '407', 2, 'inna', NULL),
(67, '408', 2, 'inna', NULL),
(68, '409', 2, 'inna', NULL),
(69, '410', 2, 'inna', NULL),
(70, '411', 2, 'inna', NULL),
(71, '412', 2, 'inna', NULL),
(72, '413', 2, 'inna', NULL),
(73, '414', 2, 'inna', NULL),
(74, '415', 2, 'inna', NULL),
(75, '416', 2, 'inna', NULL),
(76, '417', 2, 'inna', NULL),
(77, '418', 2, 'inna', NULL),
(78, '419', 2, 'inna', NULL),
(79, '420', 2, 'inna', NULL),
(80, '421', 2, 'inna', NULL),
(81, '422', 2, 'inna', NULL),
(82, '423', 2, 'inna', NULL),
(83, '424', 2, 'inna', NULL),
(84, '425', 2, 'inna', NULL),
(85, '426', 2, 'inna', NULL),
(86, '427', 2, 'inna', NULL),
(87, '428', 2, 'inna', NULL),
(88, '429', 2, 'inna', NULL),
(89, '430', 2, 'inna', NULL),
(90, '431', 2, 'inna', NULL),
(91, '432', 2, 'inna', NULL),
(92, '433', 2, 'inna', NULL),
(93, '434', 2, 'inna', NULL),
(94, '435', 2, 'inna', NULL),
(95, '436', 2, 'inna', NULL),
(96, '437', 2, 'inna', NULL),
(97, '438', 2, 'inna', NULL),
(98, '439', 2, 'inna', NULL),
(99, '440', 2, 'inna', NULL),
(100, '441', 2, 'inna', NULL),
(101, '442', 2, 'inna', NULL),
(102, '443', 2, 'inna', NULL),
(103, '444', 2, 'inna', NULL),
(104, '445', 2, 'inna', NULL),
(105, '446', 2, 'inna', NULL),
(106, '447', 2, 'inna', NULL),
(107, '448', 2, 'inna', NULL),
(108, '449', 2, 'inna', NULL),
(109, '450', 2, 'inna', NULL),
(110, '451', 2, 'inna', NULL),
(111, '452', 2, 'inna', NULL),
(112, '453', 2, 'inna', NULL),
(113, '454', 2, 'inna', NULL),
(114, '455', 2, 'inna', NULL),
(115, '456', 2, 'inna', NULL),
(116, '457', 2, 'inna', NULL),
(117, '458', 2, 'inna', NULL),
(118, '459', 2, 'inna', NULL),
(119, '460', 2, 'inna', NULL),
(120, '461', 2, 'inna', NULL),
(121, '462', 2, 'inna', NULL),
(122, '463', 2, 'inna', NULL),
(123, '464', 2, 'inna', NULL),
(124, '465', 2, 'inna', NULL),
(125, '466', 2, 'inna', NULL),
(126, '467', 2, 'inna', NULL),
(127, '468', 2, 'inna', NULL);

-- --------------------------------------------------------

--
-- Stand-in structure for view `widok_dni_wolne`
-- (See below for the actual view)
--
CREATE TABLE `widok_dni_wolne` (
`numer_k` char(2)
,`dzien_wolny` varchar(2)
);

-- --------------------------------------------------------

--
-- Stand-in structure for view `widok_nauczyciele_klasa`
-- (See below for the actual view)
--
CREATE TABLE `widok_nauczyciele_klasa` (
`numer_k` char(2)
,`nauczyciel` char(2)
);

-- --------------------------------------------------------

--
-- Stand-in structure for view `widok_nauczyciele_przedmiot`
-- (See below for the actual view)
--
CREATE TABLE `widok_nauczyciele_przedmiot` (
`nauczyciel` char(2)
,`przedmiot` varchar(50)
);

-- --------------------------------------------------------

--
-- Stand-in structure for view `widok_plan_lekcji`
-- (See below for the actual view)
--
CREATE TABLE `widok_plan_lekcji` (
`id` int(11)
,`klasa` char(2)
,`przedmiot` varchar(50)
,`grupa` char(3)
,`nauczyciele` varchar(50)
,`sala` varchar(4)
,`id_g` tinyint(4)
,`dzien` tinyint(4)
);

-- --------------------------------------------------------

--
-- Stand-in structure for view `widok_przedmiot_klasa`
-- (See below for the actual view)
--
CREATE TABLE `widok_przedmiot_klasa` (
`numer_k` char(2)
,`przedmiot` varchar(50)
,`ilosc_godzin` tinyint(4)
,`ilosc_grup` tinyint(4)
);

-- --------------------------------------------------------

--
-- Structure for view `widok_dni_wolne`
--
DROP TABLE IF EXISTS `widok_dni_wolne`;

CREATE ALGORITHM=UNDEFINED DEFINER=`root`@`localhost` SQL SECURITY DEFINER VIEW `widok_dni_wolne`  AS SELECT `k`.`numer_k` AS `numer_k`, CASE `d`.`dni_wolne` WHEN 1 THEN 'pn' WHEN 2 THEN 'wt' WHEN 3 THEN 'sr' WHEN 4 THEN 'cz' WHEN 5 THEN 'pt' END AS `dzien_wolny` FROM (`dni_wolne` `d` join `klasa` `k` on(`d`.`id_k` = `k`.`id_k`)) ;

-- --------------------------------------------------------

--
-- Structure for view `widok_nauczyciele_klasa`
--
DROP TABLE IF EXISTS `widok_nauczyciele_klasa`;

CREATE ALGORITHM=UNDEFINED DEFINER=`root`@`localhost` SQL SECURITY DEFINER VIEW `widok_nauczyciele_klasa`  AS SELECT `k`.`numer_k` AS `numer_k`, `n`.`skrot` AS `nauczyciel` FROM ((`nauczyciele_klasa` `nk` join `klasa` `k` on(`nk`.`id_k` = `k`.`id_k`)) join `nauczyciele` `n` on(`nk`.`id_n` = `n`.`id_n`)) ;

-- --------------------------------------------------------

--
-- Structure for view `widok_nauczyciele_przedmiot`
--
DROP TABLE IF EXISTS `widok_nauczyciele_przedmiot`;

CREATE ALGORITHM=UNDEFINED DEFINER=`root`@`localhost` SQL SECURITY DEFINER VIEW `widok_nauczyciele_przedmiot`  AS SELECT `n`.`skrot` AS `nauczyciel`, `p`.`nazwa` AS `przedmiot` FROM ((`nauczyciele_przedmiot` `np` join `nauczyciele` `n` on(`np`.`id_n` = `n`.`id_n`)) join `przedmiot` `p` on(`np`.`id_p` = `p`.`id_p`)) ;

-- --------------------------------------------------------

--
-- Structure for view `widok_plan_lekcji`
--
DROP TABLE IF EXISTS `widok_plan_lekcji`;

CREATE ALGORITHM=UNDEFINED DEFINER=`root`@`localhost` SQL SECURITY DEFINER VIEW `widok_plan_lekcji`  AS SELECT `pl`.`id` AS `id`, `k`.`numer_k` AS `klasa`, `p`.`nazwa` AS `przedmiot`, `pl`.`grupa` AS `grupa`, `n`.`imie_nazwisko` AS `nauczyciele`, `s`.`numer` AS `sala`, `pl`.`id_g` AS `id_g`, `pl`.`dzien` AS `dzien` FROM ((((`plan_lekcji` `pl` join `klasa` `k` on(`pl`.`id_k` = `k`.`id_k`)) join `nauczyciele` `n` on(`pl`.`id_n` = `n`.`id_n`)) join `przedmiot` `p` on(`pl`.`id_p` = `p`.`id_p`)) join `sala` `s` on(`pl`.`id_s` = `s`.`id_s`)) ;

-- --------------------------------------------------------

--
-- Structure for view `widok_przedmiot_klasa`
--
DROP TABLE IF EXISTS `widok_przedmiot_klasa`;

CREATE ALGORITHM=UNDEFINED DEFINER=`root`@`localhost` SQL SECURITY DEFINER VIEW `widok_przedmiot_klasa`  AS SELECT `k`.`numer_k` AS `numer_k`, `p`.`nazwa` AS `przedmiot`, `pk`.`ilosc_godzin` AS `ilosc_godzin`, `pk`.`ilosc_grup` AS `ilosc_grup` FROM ((`przedmiot_klasa` `pk` join `klasa` `k` on(`pk`.`id_k` = `k`.`id_k`)) join `przedmiot` `p` on(`pk`.`id_p` = `p`.`id_p`)) ;

--
-- Indexes for dumped tables
--

--
-- Indexes for table `dni_wolne`
--
ALTER TABLE `dni_wolne`
  ADD PRIMARY KEY (`id_k`,`dni_wolne`);

--
-- Indexes for table `godzina`
--
ALTER TABLE `godzina`
  ADD PRIMARY KEY (`id_g`);

--
-- Indexes for table `klasa`
--
ALTER TABLE `klasa`
  ADD PRIMARY KEY (`id_k`);

--
-- Indexes for table `nauczyciele`
--
ALTER TABLE `nauczyciele`
  ADD PRIMARY KEY (`id_n`);

--
-- Indexes for table `nauczyciele_klasa`
--
ALTER TABLE `nauczyciele_klasa`
  ADD PRIMARY KEY (`id_k`,`id_n`),
  ADD KEY `id_n` (`id_n`);

--
-- Indexes for table `nauczyciele_przedmiot`
--
ALTER TABLE `nauczyciele_przedmiot`
  ADD PRIMARY KEY (`id_n`,`id_p`),
  ADD KEY `id_p` (`id_p`);

--
-- Indexes for table `plan_lekcji`
--
ALTER TABLE `plan_lekcji`
  ADD PRIMARY KEY (`id`),
  ADD KEY `id_k` (`id_k`),
  ADD KEY `id_p` (`id_p`),
  ADD KEY `id_n` (`id_n`),
  ADD KEY `id_s` (`id_s`),
  ADD KEY `id_g` (`id_g`);

--
-- Indexes for table `przedmiot`
--
ALTER TABLE `przedmiot`
  ADD PRIMARY KEY (`id_p`);

--
-- Indexes for table `przedmiot_klasa`
--
ALTER TABLE `przedmiot_klasa`
  ADD PRIMARY KEY (`id_k`,`id_p`),
  ADD KEY `id_p` (`id_p`);

--
-- Indexes for table `sala`
--
ALTER TABLE `sala`
  ADD PRIMARY KEY (`id_s`);

--
-- Constraints for dumped tables
--

--
-- Constraints for table `dni_wolne`
--
ALTER TABLE `dni_wolne`
  ADD CONSTRAINT `dni_wolne_ibfk_1` FOREIGN KEY (`id_k`) REFERENCES `klasa` (`id_k`);

--
-- Constraints for table `nauczyciele_klasa`
--
ALTER TABLE `nauczyciele_klasa`
  ADD CONSTRAINT `nauczyciele_klasa_ibfk_1` FOREIGN KEY (`id_k`) REFERENCES `klasa` (`id_k`),
  ADD CONSTRAINT `nauczyciele_klasa_ibfk_2` FOREIGN KEY (`id_n`) REFERENCES `nauczyciele` (`id_n`);

--
-- Constraints for table `nauczyciele_przedmiot`
--
ALTER TABLE `nauczyciele_przedmiot`
  ADD CONSTRAINT `nauczyciele_przedmiot_ibfk_1` FOREIGN KEY (`id_n`) REFERENCES `nauczyciele` (`id_n`),
  ADD CONSTRAINT `nauczyciele_przedmiot_ibfk_2` FOREIGN KEY (`id_p`) REFERENCES `przedmiot` (`id_p`);

--
-- Constraints for table `plan_lekcji`
--
ALTER TABLE `plan_lekcji`
  ADD CONSTRAINT `plan_lekcji_ibfk_1` FOREIGN KEY (`id_k`) REFERENCES `klasa` (`id_k`),
  ADD CONSTRAINT `plan_lekcji_ibfk_2` FOREIGN KEY (`id_p`) REFERENCES `przedmiot` (`id_p`),
  ADD CONSTRAINT `plan_lekcji_ibfk_3` FOREIGN KEY (`id_n`) REFERENCES `nauczyciele` (`id_n`),
  ADD CONSTRAINT `plan_lekcji_ibfk_4` FOREIGN KEY (`id_s`) REFERENCES `sala` (`id_s`),
  ADD CONSTRAINT `plan_lekcji_ibfk_5` FOREIGN KEY (`id_g`) REFERENCES `godzina` (`id_g`);

--
-- Constraints for table `przedmiot_klasa`
--
ALTER TABLE `przedmiot_klasa`
  ADD CONSTRAINT `przedmiot_klasa_ibfk_1` FOREIGN KEY (`id_k`) REFERENCES `klasa` (`id_k`),
  ADD CONSTRAINT `przedmiot_klasa_ibfk_2` FOREIGN KEY (`id_p`) REFERENCES `przedmiot` (`id_p`);
COMMIT;

/*!40101 SET CHARACTER_SET_CLIENT=@OLD_CHARACTER_SET_CLIENT */;
/*!40101 SET CHARACTER_SET_RESULTS=@OLD_CHARACTER_SET_RESULTS */;
/*!40101 SET COLLATION_CONNECTION=@OLD_COLLATION_CONNECTION */;
