-- phpMyAdmin SQL Dump
-- version 5.2.1
-- https://www.phpmyadmin.net/
--
-- Host: 127.0.0.1
-- Generation Time: Nov 28, 2024 at 09:11 AM
-- Server version: 10.4.32-MariaDB
-- PHP Version: 8.2.12

SET SQL_MODE = "NO_AUTO_VALUE_ON_ZERO";
START TRANSACTION;
SET time_zone = "+00:00";


/*!40101 SET @OLD_CHARACTER_SET_CLIENT=@@CHARACTER_SET_CLIENT */;
/*!40101 SET @OLD_CHARACTER_SET_RESULTS=@@CHARACTER_SET_RESULTS */;
/*!40101 SET @OLD_COLLATION_CONNECTION=@@COLLATION_CONNECTION */;
/*!40101 SET NAMES utf8mb4 */;

--
-- Database: `plan_lekcji`
--

-- --------------------------------------------------------

--
-- Table structure for table `dni_wolne`
--

CREATE TABLE `dni_wolne` (
  `id_k` tinyint(4) NOT NULL,
  `dni_wolne` tinyint(4) NOT NULL
) ENGINE=InnoDB DEFAULT CHARSET=utf8mb4 COLLATE=utf8mb4_general_ci;

--
-- Dumping data for table `dni_wolne`
--

INSERT INTO `dni_wolne` (`id_k`, `dni_wolne`) VALUES
(1, 2),
(8, 1),
(9, 5),
(10, 2),
(11, 5),
(15, 4),
(17, 3);

-- --------------------------------------------------------

--
-- Table structure for table `godzina`
--

CREATE TABLE `godzina` (
  `id_g` tinyint(4) NOT NULL,
  `start` varchar(5) NOT NULL,
  `koniec` varchar(5) NOT NULL
) ENGINE=InnoDB DEFAULT CHARSET=utf8mb4 COLLATE=utf8mb4_general_ci;

--
-- Dumping data for table `godzina`
--

INSERT INTO `godzina` (`id_g`, `start`, `koniec`) VALUES
(1, '7:45', '8:30'),
(2, '8:40', '9:25'),
(3, '9:35', '10:20'),
(4, '10:35', '11:20'),
(5, '11:30', '12:15'),
(6, '12:25', '13:10'),
(7, '13:20', '14:05'),
(8, '14:10', '14:55'),
(9, '15:00', '15:45'),
(10, '15:50', '16:35'),
(11, '16:40', '17:25');

-- --------------------------------------------------------

--
-- Table structure for table `klasa`
--

CREATE TABLE `klasa` (
  `id_k` tinyint(4) NOT NULL,
  `numer_k` char(2) NOT NULL,
  `wychowawca` char(2) DEFAULT NULL
) ENGINE=InnoDB DEFAULT CHARSET=utf8mb4 COLLATE=utf8mb4_general_ci;

--
-- Dumping data for table `klasa`
--

INSERT INTO `klasa` (`id_k`, `numer_k`, `wychowawca`) VALUES
(1, '1B', 'RO'),
(2, '1C', 'KP'),
(3, '1D', 'AJ'),
(4, '1E', 'PG'),
(5, '1F', 'KZ'),
(6, '1O', 'SJ'),
(7, '1P', 'KO'),
(8, '2B', 'SG'),
(9, '2C', 'NR'),
(10, '2D', 'RJ'),
(11, '2E', 'DA'),
(12, '2F', 'AG'),
(13, '2G', 'RT'),
(14, '2K', 'KI'),
(15, '2O', 'WU'),
(16, '2P', 'AŁ'),
(17, '3B', 'KK'),
(18, '3C', 'JŁ'),
(19, '3D', 'JL'),
(20, '3E', 'CA'),
(21, '3F', 'JM'),
(22, '3G', 'NW'),
(23, '3K', 'JO'),
(24, '3P', 'WŁ'),
(25, '3O', 'AR'),
(26, '4C', 'WT'),
(27, '4D', 'AP'),
(28, '4E', 'AC'),
(29, '4F', 'SD'),
(30, '4G', 'WB'),
(31, '4K', 'MG'),
(32, '4P', 'AH'),
(33, '4O', 'JŚ'),
(34, '5C', 'KT'),
(35, '5D', 'CI'),
(36, '5E', 'BG'),
(37, '5F', 'EO'),
(38, '5G', 'BW'),
(39, '5K', 'JH'),
(40, '5O', 'PŁ'),
(41, '5P', 'PW');

-- --------------------------------------------------------

--
-- Table structure for table `nauczyciele`
--

CREATE TABLE `nauczyciele` (
  `id_n` tinyint(4) NOT NULL,
  `skrot` char(2) NOT NULL,
  `imie_nazwisko` varchar(50) NOT NULL
) ENGINE=InnoDB DEFAULT CHARSET=utf8mb4 COLLATE=utf8mb4_general_ci;

--
-- Dumping data for table `nauczyciele`
--

INSERT INTO `nauczyciele` (`id_n`, `skrot`, `imie_nazwisko`) VALUES
(1, 'KA', 'K.Adamczyk'),
(2, 'AT', 'W.Aftyka'),
(3, 'AL', 'A.Aloshyna'),
(4, 'BP', 'P.Beiger'),
(5, 'BY', 'R.Borowczyk'),
(6, 'BO', 'P.Borowska'),
(7, 'BB', 'B.Brogowska'),
(8, 'WB', 'W.Burczyk'),
(9, 'CA', 'K.Caban'),
(10, 'AC', 'A.Chorzewska'),
(11, 'CI', 'K.Cichy'),
(12, 'IC', 'I.Cieślik'),
(13, 'DC', 'J.Dadasiewicz'),
(14, 'DA', 'A.Deluga'),
(15, 'EŁ', 'S.Detmer'),
(16, 'AŁ', 'A.Domagała'),
(17, 'ID', 'I.Dudziak'),
(18, 'DD', 'M.Dudziak'),
(19, 'Fa', 'M.Falęcka'),
(20, 'PG', 'P.Głodek'),
(21, 'GO', 'A.Golik'),
(22, 'MG', 'M.Gorska-Zasada'),
(23, 'AG', 'A.Góra'),
(24, 'GR', 'D.Gryzio'),
(25, 'QW', 'M.Gryzio'),
(26, 'BG', 'B.Grzywacz'),
(27, 'GU', 'O.Guk'),
(28, 'JH', 'J.Hejduk'),
(29, 'AH', 'A.Hyrzyńska'),
(30, 'KI', 'K.Ignaczewska'),
(31, 'AJ', 'A.Janicka'),
(32, 'RJ', 'R.Janik'),
(33, 'JM', 'M.Januszewska'),
(34, 'JR', 'S.Jarecki'),
(35, 'MJ', 'M.Jasiński'),
(36, 'JŚ', 'A.Jaśkowiak'),
(37, 'TJ', 'T.Jendryczka'),
(38, 'KK', 'K.Kalenik'),
(39, 'KT', 'D.Kalinowska-Iwaniec'),
(40, 'RK', 'R.Kardela'),
(41, 'JK', 'J.Karwowska'),
(42, 'KN', 'M.Karzarnowicz'),
(43, 'KO', 'A.Kołodko'),
(44, 'AW', 'A.Konowalski'),
(45, 'MK', 'M.Kryniewski'),
(46, 'KU', 'M.Kujawski'),
(47, 'JL', 'J.Lipiecka'),
(48, 'JŁ', 'J.Łapińska'),
(49, 'ŁA', 'J.Łapiński'),
(50, 'WŁ', 'W.Łaszyn'),
(51, 'PŁ', 'P.Łukjanow'),
(52, 'MQ', 'A.Majewski'),
(53, 'BM', 'B.Matusiak-Szweda'),
(54, 'PW', 'P.Michalec'),
(55, 'MO', 'A.Moeller'),
(56, 'MU', 'A.Musyt-Lewandowska'),
(57, 'NG', 'M.Noga'),
(58, 'NW', 'A.Nowak-Tymińska'),
(59, 'WO', 'W.Ochnik'),
(60, 'EO', 'E.Ochotna'),
(61, 'JO', 'J.Ogrodowczyk'),
(62, 'MP', 'M.Parowińska'),
(63, 'SP', 'S.Piontek'),
(64, 'PE', 'E.Pisarewicz'),
(65, 'KP', 'K.Pisarska-Stubba'),
(66, 'DP', 'D.Piskorska'),
(67, 'AP', 'A.Płatek'),
(68, 'NP', 'N.Płocki'),
(69, 'AR', 'A.Rabczak'),
(70, 'RW', 'A.Rawa'),
(71, 'RZ', 'A.Reszka'),
(72, 'RO', 'K.Rogalski'),
(73, 'NR', 'N.Rommel'),
(74, 'RT', 'P.Rudel'),
(75, 'RU', 'A.Rusajczyk'),
(76, 'SQ', 'M.Sałek'),
(77, 'SD', 'D.Siwicka'),
(78, 'TS', 'T.Sokołowski'),
(79, 'DY', 'D.Sosnowska'),
(80, 'SH', 'W.Stachurski'),
(81, 'SG', 'P.Staruszkiewicz'),
(82, 'SK', 'J.Szenk'),
(83, 'SJ', 'J.Szlaga'),
(84, 'SA', 'I.Szostak'),
(85, 'IT', 'I.Targońska'),
(86, 'TM', 'M.Targoński'),
(87, 'ZT', 'Z.Tomacki'),
(88, 'WT', 'W.Traczewski'),
(89, 'TT', 'T.Truszkowski'),
(90, 'TY', 'K.Tyndzik'),
(91, 'WU', 'W.Uzar'),
(92, 'WQ', 'D.Wachowiak'),
(93, 'BW', 'B.Wąs'),
(94, 'WP', 'A.Wojda'),
(95, 'WJ', 'W.Wroniecki'),
(96, 'WR', 'K.Wrzosek'),
(97, 'UZ', 'U.Zaborowska'),
(98, 'YZ', 'Y.Zadedyurin'),
(99, 'KZ', 'K.Zajfert'),
(100, 'AA', 'A.Anand'),
(101, 'BB', 'B.Baker'),
(102, 'CC', 'C.Carter'),
(103, 'DD', 'D.Dixon'),
(104, 'EE', 'E.Evans'),
(105, 'FF', 'F.Farrell'),
(106, 'GG', 'G.Gordon'),
(107, 'HH', 'H.Hughes'),
(108, 'II', 'I.Iverson'),
(109, 'JJ', 'J.Jones'),
(110, 'KK', 'K.Kim'),
(111, 'LL', 'L.Lambert'),
(112, 'MM', 'M.Martinez'),
(113, 'NN', 'N.Nash'),
(114, 'OO', 'O.Olsen'),
(115, 'PP', 'P.Phillips'),
(116, 'QQ', 'Q.Quick'),
(117, 'RR', 'R.Rogers'),
(118, 'SS', 'S.Smith'),
(119, 'TT', 'T.Taylor'),
(120, 'UU', 'U.Urban'),
(121, 'VV', 'V.Valdez'),
(122, 'WW', 'W.Wong'),
(123, 'XX', 'X.Xavier'),
(124, 'YY', 'Y.Yates'),
(125, 'ZZ', 'Z.Zimmerman'),
(126, 'AB', 'A.Boone'),
(127, 'CD', 'C.Diaz');

-- --------------------------------------------------------

--
-- Table structure for table `nauczyciele_klasa`
--

CREATE TABLE `nauczyciele_klasa` (
  `id_k` tinyint(4) NOT NULL,
  `id_n` tinyint(4) NOT NULL
) ENGINE=InnoDB DEFAULT CHARSET=utf8mb4 COLLATE=utf8mb4_general_ci;

--
-- Dumping data for table `nauczyciele_klasa`
--

INSERT INTO `nauczyciele_klasa` (`id_k`, `id_n`) VALUES
(1, 8),
(1, 9),
(1, 12),
(1, 14),
(1, 15),
(1, 22),
(1, 23),
(1, 27),
(1, 29),
(1, 37),
(1, 39),
(1, 46),
(1, 50),
(1, 61),
(1, 66),
(1, 69),
(1, 72),
(1, 75),
(1, 84),
(2, 12),
(2, 16),
(2, 19),
(2, 23),
(2, 32),
(2, 33),
(2, 35),
(2, 36),
(2, 39),
(2, 40),
(2, 44),
(2, 53),
(2, 62),
(2, 65),
(2, 66),
(2, 72),
(2, 75),
(2, 84),
(2, 98),
(3, 11),
(3, 12),
(3, 23),
(3, 28),
(3, 31),
(3, 32),
(3, 35),
(3, 37),
(3, 39),
(3, 47),
(3, 49),
(3, 53),
(3, 58),
(3, 62),
(3, 67),
(3, 75),
(3, 82),
(4, 11),
(4, 12),
(4, 14),
(4, 16),
(4, 19),
(4, 20),
(4, 27),
(4, 29),
(4, 35),
(4, 39),
(4, 40),
(4, 50),
(4, 53),
(4, 60),
(4, 62),
(4, 63),
(4, 74),
(4, 75),
(4, 86),
(4, 87),
(5, 7),
(5, 10),
(5, 12),
(5, 15),
(5, 16),
(5, 23),
(5, 24),
(5, 39),
(5, 49),
(5, 58),
(5, 60),
(5, 62),
(5, 65),
(5, 66),
(5, 70),
(5, 75),
(5, 91),
(5, 97),
(5, 99),
(6, 3),
(6, 11),
(6, 12),
(6, 15),
(6, 16),
(6, 17),
(6, 18),
(6, 22),
(6, 23),
(6, 31),
(6, 36),
(6, 39),
(6, 54),
(6, 62),
(6, 66),
(6, 67),
(6, 69),
(6, 75),
(6, 83),
(6, 87),
(6, 91),
(7, 9),
(7, 12),
(7, 16),
(7, 20),
(7, 23),
(7, 28),
(7, 39),
(7, 41),
(7, 43),
(7, 44),
(7, 45),
(7, 58),
(7, 60),
(7, 61),
(7, 62),
(7, 66),
(7, 70),
(7, 74),
(7, 75),
(7, 77),
(7, 97),
(8, 9),
(8, 12),
(8, 17),
(8, 22),
(8, 27),
(8, 46),
(8, 48),
(8, 63),
(8, 67),
(8, 69),
(8, 73),
(8, 81),
(8, 83),
(8, 84),
(8, 90),
(9, 5),
(9, 12),
(9, 15),
(9, 32),
(9, 33),
(9, 39),
(9, 48),
(9, 49),
(9, 58),
(9, 62),
(9, 65),
(9, 69),
(9, 73),
(9, 82),
(9, 84),
(9, 88),
(9, 98),
(10, 6),
(10, 11),
(10, 12),
(10, 17),
(10, 27),
(10, 31),
(10, 32),
(10, 35),
(10, 44),
(10, 48),
(10, 53),
(10, 60),
(10, 61),
(10, 62),
(10, 65),
(10, 67),
(10, 74),
(10, 75),
(11, 11),
(11, 12),
(11, 14),
(11, 27),
(11, 29),
(11, 31),
(11, 35),
(11, 37),
(11, 39),
(11, 49),
(11, 60),
(11, 62),
(11, 63),
(11, 65),
(11, 69),
(11, 72),
(11, 74),
(11, 82),
(11, 86),
(11, 87),
(12, 7),
(12, 8),
(12, 10),
(12, 12),
(12, 20),
(12, 23),
(12, 33),
(12, 34),
(12, 35),
(12, 39),
(12, 45),
(12, 52),
(12, 58),
(12, 59),
(12, 62),
(12, 64),
(12, 65),
(12, 77),
(12, 83),
(12, 88),
(12, 97),
(13, 8),
(13, 12),
(13, 20),
(13, 21),
(13, 29),
(13, 31),
(13, 34),
(13, 35),
(13, 45),
(13, 47),
(13, 52),
(13, 54),
(13, 59),
(13, 62),
(13, 64),
(13, 65),
(13, 70),
(13, 74),
(13, 88),
(13, 99),
(14, 8),
(14, 9),
(14, 12),
(14, 21),
(14, 22),
(14, 30),
(14, 33),
(14, 34),
(14, 36),
(14, 39),
(14, 40),
(14, 45),
(14, 47),
(14, 52),
(14, 54),
(14, 59),
(14, 62),
(14, 65),
(14, 70),
(14, 72),
(14, 82),
(14, 88),
(15, 12),
(15, 18),
(15, 28),
(15, 35),
(15, 39),
(15, 51),
(15, 60),
(15, 61),
(15, 62),
(15, 65),
(15, 67),
(15, 73),
(15, 74),
(15, 75),
(15, 83),
(15, 84),
(15, 87),
(15, 88),
(15, 91),
(16, 8),
(16, 12),
(16, 14),
(16, 16),
(16, 21),
(16, 22),
(16, 30),
(16, 34),
(16, 35),
(16, 41),
(16, 45),
(16, 48),
(16, 57),
(16, 65),
(16, 70),
(16, 72),
(16, 77),
(16, 83),
(16, 92),
(17, 8),
(17, 11),
(17, 14),
(17, 36),
(17, 38),
(17, 46),
(17, 63),
(17, 67),
(17, 69),
(17, 74),
(17, 78),
(17, 79),
(17, 90),
(18, 2),
(18, 12),
(18, 13),
(18, 16),
(18, 17),
(18, 21),
(18, 30),
(18, 32),
(18, 33),
(18, 48),
(18, 49),
(18, 58),
(18, 62),
(18, 66),
(18, 73),
(18, 74),
(18, 85),
(18, 98),
(19, 6),
(19, 16),
(19, 21),
(19, 30),
(19, 32),
(19, 33),
(19, 46),
(19, 47),
(19, 50),
(19, 58),
(19, 62),
(19, 63),
(19, 67),
(19, 74),
(19, 77),
(19, 93),
(19, 95),
(20, 3),
(20, 9),
(20, 14),
(20, 16),
(20, 20),
(20, 21),
(20, 29),
(20, 30),
(20, 47),
(20, 58),
(20, 60),
(20, 66),
(20, 67),
(20, 72),
(20, 74),
(20, 83),
(20, 86),
(20, 87),
(20, 90),
(21, 9),
(21, 11),
(21, 14),
(21, 17),
(21, 26),
(21, 30),
(21, 33),
(21, 34),
(21, 40),
(21, 45),
(21, 48),
(21, 58),
(21, 59),
(21, 69),
(21, 72),
(21, 73),
(21, 74),
(21, 76),
(21, 77),
(21, 89),
(22, 9),
(22, 10),
(22, 11),
(22, 12),
(22, 17),
(22, 20),
(22, 28),
(22, 34),
(22, 40),
(22, 45),
(22, 53),
(22, 58),
(22, 59),
(22, 60),
(22, 65),
(22, 69),
(22, 76),
(22, 79),
(22, 88),
(22, 89),
(22, 91),
(23, 7),
(23, 11),
(23, 12),
(23, 14),
(23, 16),
(23, 23),
(23, 24),
(23, 31),
(23, 32),
(23, 34),
(23, 45),
(23, 49),
(23, 59),
(23, 61),
(23, 65),
(23, 69),
(23, 74),
(23, 76),
(23, 83),
(23, 89),
(24, 1),
(24, 8),
(24, 11),
(24, 14),
(24, 16),
(24, 24),
(24, 30),
(24, 33),
(24, 34),
(24, 36),
(24, 41),
(24, 47),
(24, 50),
(24, 54),
(24, 58),
(24, 69),
(24, 72),
(24, 74),
(24, 92),
(25, 10),
(25, 17),
(25, 18),
(25, 21),
(25, 28),
(25, 30),
(25, 33),
(25, 37),
(25, 44),
(25, 49),
(25, 51),
(25, 58),
(25, 61),
(25, 62),
(25, 69),
(25, 74),
(25, 81),
(25, 84),
(25, 88),
(26, 2),
(26, 9),
(26, 10),
(26, 13),
(26, 20),
(26, 30),
(26, 32),
(26, 48),
(26, 58),
(26, 73),
(26, 88),
(26, 97),
(26, 98),
(26, 99),
(27, 6),
(27, 14),
(27, 21),
(27, 30),
(27, 32),
(27, 33),
(27, 46),
(27, 47),
(27, 50),
(27, 54),
(27, 58),
(27, 63),
(27, 67),
(27, 88),
(27, 90),
(27, 93),
(28, 10),
(28, 21),
(28, 29),
(28, 30),
(28, 33),
(28, 38),
(28, 50),
(28, 58),
(28, 61),
(28, 67),
(28, 87),
(28, 88),
(28, 90),
(29, 8),
(29, 11),
(29, 17),
(29, 19),
(29, 24),
(29, 28),
(29, 31),
(29, 40),
(29, 53),
(29, 60),
(29, 74),
(29, 77),
(29, 80),
(29, 88),
(29, 99),
(30, 4),
(30, 8),
(30, 24),
(30, 31),
(30, 33),
(30, 36),
(30, 43),
(30, 54),
(30, 58),
(30, 66),
(30, 69),
(30, 81),
(30, 84),
(30, 88),
(30, 99),
(31, 4),
(31, 8),
(31, 10),
(31, 11),
(31, 16),
(31, 22),
(31, 24),
(31, 31),
(31, 44),
(31, 48),
(31, 49),
(31, 66),
(31, 69),
(31, 81),
(32, 1),
(32, 8),
(32, 10),
(32, 16),
(32, 20),
(32, 29),
(32, 44),
(32, 54),
(32, 57),
(32, 60),
(32, 71),
(32, 74),
(32, 75),
(32, 84),
(32, 88),
(33, 10),
(33, 11),
(33, 16),
(33, 18),
(33, 20),
(33, 21),
(33, 22),
(33, 31),
(33, 36),
(33, 51),
(33, 54),
(33, 61),
(33, 64),
(33, 66),
(33, 83),
(33, 88),
(34, 8),
(34, 10),
(34, 22),
(34, 24),
(34, 29),
(34, 31),
(34, 32),
(34, 33),
(34, 39),
(34, 56),
(34, 73),
(34, 74),
(34, 77),
(34, 89),
(34, 98),
(35, 6),
(35, 11),
(35, 14),
(35, 18),
(35, 46),
(35, 47),
(35, 48),
(35, 49),
(35, 51),
(35, 58),
(35, 67),
(35, 74),
(35, 85),
(35, 88),
(36, 22),
(36, 26),
(36, 31),
(36, 36),
(36, 61),
(36, 67),
(36, 74),
(36, 81),
(36, 87),
(36, 90),
(37, 8),
(37, 14),
(37, 20),
(37, 22),
(37, 34),
(37, 41),
(37, 60),
(37, 74),
(37, 77),
(37, 83),
(37, 93),
(38, 8),
(38, 22),
(38, 33),
(38, 41),
(38, 43),
(38, 49),
(38, 50),
(38, 58),
(38, 60),
(38, 61),
(38, 91),
(38, 93),
(39, 10),
(39, 14),
(39, 28),
(39, 41),
(39, 43),
(39, 57),
(39, 60),
(39, 72),
(39, 74),
(39, 81),
(39, 88),
(39, 99),
(40, 11),
(40, 18),
(40, 48),
(40, 51),
(40, 58),
(40, 60),
(40, 65),
(40, 73),
(40, 77),
(40, 99),
(41, 4),
(41, 16),
(41, 29),
(41, 31),
(41, 47),
(41, 54),
(41, 57),
(41, 61),
(41, 65),
(41, 66),
(41, 71),
(41, 85);

-- --------------------------------------------------------

--
-- Table structure for table `nauczyciele_przedmiot`
--

CREATE TABLE `nauczyciele_przedmiot` (
  `id_n` tinyint(4) NOT NULL,
  `id_p` tinyint(4) NOT NULL
) ENGINE=InnoDB DEFAULT CHARSET=utf8mb4 COLLATE=utf8mb4_general_ci;

--
-- Dumping data for table `nauczyciele_przedmiot`
--

INSERT INTO `nauczyciele_przedmiot` (`id_n`, `id_p`) VALUES
(1, 1),
(1, 2),
(1, 3),
(2, 4),
(2, 5),
(3, 6),
(3, 7),
(4, 1),
(4, 2),
(4, 3),
(5, 5),
(6, 8),
(7, 9),
(8, 10),
(8, 11),
(8, 12),
(9, 11),
(9, 13),
(10, 10),
(10, 11),
(11, 11),
(11, 14),
(12, 15),
(12, 16),
(13, 4),
(13, 5),
(14, 10),
(14, 11),
(14, 12),
(15, 13),
(16, 11),
(16, 44),
(17, 10),
(17, 12),
(17, 51),
(18, 17),
(18, 18),
(18, 19),
(18, 20),
(18, 21),
(18, 22),
(18, 23),
(19, 24),
(19, 25),
(19, 26),
(20, 11),
(20, 27),
(21, 28),
(22, 11),
(22, 29),
(22, 30),
(23, 3),
(23, 11),
(23, 31),
(23, 32),
(23, 33),
(24, 31),
(24, 34),
(24, 35),
(24, 36),
(24, 37),
(24, 38),
(24, 39),
(26, 11),
(26, 40),
(27, 41),
(27, 42),
(27, 43),
(28, 9),
(28, 11),
(29, 9),
(29, 11),
(30, 11),
(30, 15),
(30, 45),
(31, 11),
(31, 44),
(32, 11),
(32, 27),
(33, 11),
(33, 44),
(34, 1),
(34, 2),
(34, 31),
(34, 33),
(34, 47),
(34, 48),
(34, 49),
(35, 13),
(36, 9),
(36, 11),
(37, 24),
(37, 26),
(37, 60),
(38, 11),
(38, 27),
(39, 11),
(39, 83),
(40, 3),
(41, 3),
(41, 34),
(41, 36),
(43, 1),
(43, 2),
(43, 3),
(43, 11),
(43, 48),
(44, 24),
(44, 40),
(45, 1),
(46, 24),
(46, 70),
(46, 72),
(46, 74),
(47, 10),
(47, 11),
(47, 12),
(48, 9),
(48, 11),
(49, 27),
(50, 11),
(50, 40),
(51, 11),
(51, 17),
(51, 19),
(51, 21),
(51, 22),
(51, 23),
(51, 56),
(51, 57),
(51, 58),
(52, 37),
(52, 38),
(53, 10),
(54, 11),
(54, 27),
(56, 40),
(57, 1),
(57, 2),
(57, 76),
(57, 78),
(58, 29),
(58, 30),
(58, 45),
(58, 46),
(59, 31),
(59, 39),
(59, 71),
(60, 11),
(60, 44),
(61, 10),
(61, 11),
(61, 12),
(62, 2),
(62, 3),
(62, 48),
(62, 50),
(63, 26),
(63, 70),
(63, 73),
(64, 45),
(65, 11),
(65, 29),
(65, 30),
(65, 46),
(66, 10),
(66, 12),
(67, 11),
(67, 41),
(67, 42),
(67, 52),
(67, 53),
(67, 54),
(67, 55),
(69, 11),
(69, 25),
(70, 3),
(71, 77),
(71, 79),
(72, 11),
(72, 27),
(73, 10),
(73, 11),
(74, 11),
(74, 29),
(74, 46),
(75, 25),
(75, 85),
(76, 34),
(76, 36),
(77, 11),
(77, 27),
(78, 70),
(78, 74),
(79, 40),
(80, 1),
(80, 2),
(81, 11),
(81, 27),
(82, 40),
(83, 11),
(83, 40),
(84, 14),
(85, 40),
(86, 60),
(86, 69),
(86, 81),
(87, 32),
(87, 60),
(87, 61),
(87, 62),
(87, 63),
(87, 64),
(88, 11),
(88, 30),
(88, 44),
(89, 31),
(89, 33),
(89, 37),
(89, 39),
(89, 71),
(90, 8),
(90, 54),
(90, 59),
(90, 65),
(90, 66),
(90, 67),
(90, 73),
(91, 11),
(91, 27),
(92, 75),
(92, 84),
(93, 9),
(93, 11),
(95, 73),
(97, 28),
(98, 4),
(98, 35),
(98, 68),
(98, 80),
(98, 82),
(99, 11),
(99, 40),
(100, 1),
(100, 2),
(100, 3),
(100, 4),
(100, 5),
(100, 6),
(100, 7),
(100, 8),
(100, 9),
(100, 10),
(100, 11),
(100, 12),
(100, 13),
(100, 14),
(100, 15),
(100, 16),
(100, 17),
(100, 18),
(100, 19),
(100, 20),
(100, 21),
(100, 22),
(100, 23),
(100, 24),
(100, 25),
(100, 26),
(100, 27),
(100, 28),
(100, 29),
(100, 30),
(100, 31),
(100, 32),
(100, 33),
(100, 34),
(100, 35),
(100, 36),
(100, 37),
(100, 38),
(100, 39),
(100, 40),
(100, 41),
(100, 42),
(100, 43),
(100, 44),
(100, 45),
(100, 46),
(100, 47),
(100, 48),
(100, 49),
(100, 50),
(100, 51),
(100, 52),
(100, 53),
(100, 54),
(100, 55),
(100, 56),
(100, 57),
(100, 58),
(100, 59),
(100, 60),
(100, 61),
(100, 62),
(100, 63),
(100, 64),
(100, 65),
(100, 66),
(100, 67),
(100, 68),
(100, 69),
(100, 70),
(100, 71),
(100, 72),
(100, 73),
(100, 74),
(100, 75),
(100, 76),
(100, 77),
(100, 78),
(100, 79),
(100, 80),
(100, 81),
(100, 82),
(100, 83),
(100, 84),
(100, 85),
(101, 1),
(101, 2),
(101, 3),
(101, 4),
(101, 5),
(101, 6),
(101, 7),
(101, 8),
(101, 9),
(101, 10),
(101, 11),
(101, 12),
(101, 13),
(101, 14),
(101, 15),
(101, 16),
(101, 17),
(101, 18),
(101, 19),
(101, 20),
(101, 21),
(101, 22),
(101, 23),
(101, 24),
(101, 25),
(101, 26),
(101, 27),
(101, 28),
(101, 29),
(101, 30),
(101, 31),
(101, 32),
(101, 33),
(101, 34),
(101, 35),
(101, 36),
(101, 37),
(101, 38),
(101, 39),
(101, 40),
(101, 41),
(101, 42),
(101, 43),
(101, 44),
(101, 45),
(101, 46),
(101, 47),
(101, 48),
(101, 49),
(101, 50),
(101, 51),
(101, 52),
(101, 53),
(101, 54),
(101, 55),
(101, 56),
(101, 57),
(101, 58),
(101, 59),
(101, 60),
(101, 61),
(101, 62),
(101, 63),
(101, 64),
(101, 65),
(101, 66),
(101, 67),
(101, 68),
(101, 69),
(101, 70),
(101, 71),
(101, 72),
(101, 73),
(101, 74),
(101, 75),
(101, 76),
(101, 77),
(101, 78),
(101, 79),
(101, 80),
(101, 81),
(101, 82),
(101, 83),
(101, 84),
(101, 85),
(102, 1),
(102, 2),
(102, 3),
(102, 4),
(102, 5),
(102, 6),
(102, 7),
(102, 8),
(102, 9),
(102, 10),
(102, 11),
(102, 12),
(102, 13),
(102, 14),
(102, 15),
(102, 16),
(102, 17),
(102, 18),
(102, 19),
(102, 20),
(102, 21),
(102, 22),
(102, 23),
(102, 24),
(102, 25),
(102, 26),
(102, 27),
(102, 28),
(102, 29),
(102, 30),
(102, 31),
(102, 32),
(102, 33),
(102, 34),
(102, 35),
(102, 36),
(102, 37),
(102, 38),
(102, 39),
(102, 40),
(102, 41),
(102, 42),
(102, 43),
(102, 44),
(102, 45),
(102, 46),
(102, 47),
(102, 48),
(102, 49),
(102, 50),
(102, 51),
(102, 52),
(102, 53),
(102, 54),
(102, 55),
(102, 56),
(102, 57),
(102, 58),
(102, 59),
(102, 60),
(102, 61),
(102, 62),
(102, 63),
(102, 64),
(102, 65),
(102, 66),
(102, 67),
(102, 68),
(102, 69),
(102, 70),
(102, 71),
(102, 72),
(102, 73),
(102, 74),
(102, 75),
(102, 76),
(102, 77),
(102, 78),
(102, 79),
(102, 80),
(102, 81),
(102, 82),
(102, 83),
(102, 84),
(102, 85),
(103, 1),
(103, 2),
(103, 3),
(103, 4),
(103, 5),
(103, 6),
(103, 7),
(103, 8),
(103, 9),
(103, 10),
(103, 11),
(103, 12),
(103, 13),
(103, 14),
(103, 15),
(103, 16),
(103, 17),
(103, 18),
(103, 19),
(103, 20),
(103, 21),
(103, 22),
(103, 23),
(103, 24),
(103, 25),
(103, 26),
(103, 27),
(103, 28),
(103, 29),
(103, 30),
(103, 31),
(103, 32),
(103, 33),
(103, 34),
(103, 35),
(103, 36),
(103, 37),
(103, 38),
(103, 39),
(103, 40),
(103, 41),
(103, 42),
(103, 43),
(103, 44),
(103, 45),
(103, 46),
(103, 47),
(103, 48),
(103, 49),
(103, 50),
(103, 51),
(103, 52),
(103, 53),
(103, 54),
(103, 55),
(103, 56),
(103, 57),
(103, 58),
(103, 59),
(103, 60),
(103, 61),
(103, 62),
(103, 63),
(103, 64),
(103, 65),
(103, 66),
(103, 67),
(103, 68),
(103, 69),
(103, 70),
(103, 71),
(103, 72),
(103, 73),
(103, 74),
(103, 75),
(103, 76),
(103, 77),
(103, 78),
(103, 79),
(103, 80),
(103, 81),
(103, 82),
(103, 83),
(103, 84),
(103, 85),
(104, 1),
(104, 2),
(104, 3),
(104, 4),
(104, 5),
(104, 6),
(104, 7),
(104, 8),
(104, 9),
(104, 10),
(104, 11),
(104, 12),
(104, 13),
(104, 14),
(104, 15),
(104, 16),
(104, 17),
(104, 18),
(104, 19),
(104, 20),
(104, 21),
(104, 22),
(104, 23),
(104, 24),
(104, 25),
(104, 26),
(104, 27),
(104, 28),
(104, 29),
(104, 30),
(104, 31),
(104, 32),
(104, 33),
(104, 34),
(104, 35),
(104, 36),
(104, 37),
(104, 38),
(104, 39),
(104, 40),
(104, 41),
(104, 42),
(104, 43),
(104, 44),
(104, 45),
(104, 46),
(104, 47),
(104, 48),
(104, 49),
(104, 50),
(104, 51),
(104, 52),
(104, 53),
(104, 54),
(104, 55),
(104, 56),
(104, 57),
(104, 58),
(104, 59),
(104, 60),
(104, 61),
(104, 62),
(104, 63),
(104, 64),
(104, 65),
(104, 66),
(104, 67),
(104, 68),
(104, 69),
(104, 70),
(104, 71),
(104, 72),
(104, 73),
(104, 74),
(104, 75),
(104, 76),
(104, 77),
(104, 78),
(104, 79),
(104, 80),
(104, 81),
(104, 82),
(104, 83),
(104, 84),
(104, 85),
(105, 1),
(105, 2),
(105, 3),
(105, 4),
(105, 5),
(105, 6),
(105, 7),
(105, 8),
(105, 9),
(105, 10),
(105, 11),
(105, 12),
(105, 13),
(105, 14),
(105, 15),
(105, 16),
(105, 17),
(105, 18),
(105, 19),
(105, 20),
(105, 21),
(105, 22),
(105, 23),
(105, 24),
(105, 25),
(105, 26),
(105, 27),
(105, 28),
(105, 29),
(105, 30),
(105, 31),
(105, 32),
(105, 33),
(105, 34),
(105, 35),
(105, 36),
(105, 37),
(105, 38),
(105, 39),
(105, 40),
(105, 41),
(105, 42),
(105, 43),
(105, 44),
(105, 45),
(105, 46),
(105, 47),
(105, 48),
(105, 49),
(105, 50),
(105, 51),
(105, 52),
(105, 53),
(105, 54),
(105, 55),
(105, 56),
(105, 57),
(105, 58),
(105, 59),
(105, 60),
(105, 61),
(105, 62),
(105, 63),
(105, 64),
(105, 65),
(105, 66),
(105, 67),
(105, 68),
(105, 69),
(105, 70),
(105, 71),
(105, 72),
(105, 73),
(105, 74),
(105, 75),
(105, 76),
(105, 77),
(105, 78),
(105, 79),
(105, 80),
(105, 81),
(105, 82),
(105, 83),
(105, 84),
(105, 85),
(106, 1),
(106, 2),
(106, 3),
(106, 4),
(106, 5),
(106, 6),
(106, 7),
(106, 8),
(106, 9),
(106, 10),
(106, 11),
(106, 12),
(106, 13),
(106, 14),
(106, 15),
(106, 16),
(106, 17),
(106, 18),
(106, 19),
(106, 20),
(106, 21),
(106, 22),
(106, 23),
(106, 24),
(106, 25),
(106, 26),
(106, 27),
(106, 28),
(106, 29),
(106, 30),
(106, 31),
(106, 32),
(106, 33),
(106, 34),
(106, 35),
(106, 36),
(106, 37),
(106, 38),
(106, 39),
(106, 40),
(106, 41),
(106, 42),
(106, 43),
(106, 44),
(106, 45),
(106, 46),
(106, 47),
(106, 48),
(106, 49),
(106, 50),
(106, 51),
(106, 52),
(106, 53),
(106, 54),
(106, 55),
(106, 56),
(106, 57),
(106, 58),
(106, 59),
(106, 60),
(106, 61),
(106, 62),
(106, 63),
(106, 64),
(106, 65),
(106, 66),
(106, 67),
(106, 68),
(106, 69),
(106, 70),
(106, 71),
(106, 72),
(106, 73),
(106, 74),
(106, 75),
(106, 76),
(106, 77),
(106, 78),
(106, 79),
(106, 80),
(106, 81),
(106, 82),
(106, 83),
(106, 84),
(106, 85),
(107, 1),
(107, 2),
(107, 3),
(107, 4),
(107, 5),
(107, 6),
(107, 7),
(107, 8),
(107, 9),
(107, 10),
(107, 11),
(107, 12),
(107, 13),
(107, 14),
(107, 15),
(107, 16),
(107, 17),
(107, 18),
(107, 19),
(107, 20),
(107, 21),
(107, 22),
(107, 23),
(107, 24),
(107, 25),
(107, 26),
(107, 27),
(107, 28),
(107, 29),
(107, 30),
(107, 31),
(107, 32),
(107, 33),
(107, 34),
(107, 35),
(107, 36),
(107, 37),
(107, 38),
(107, 39),
(107, 40),
(107, 41),
(107, 42),
(107, 43),
(107, 44),
(107, 45),
(107, 46),
(107, 47),
(107, 48),
(107, 49),
(107, 50),
(107, 51),
(107, 52),
(107, 53),
(107, 54),
(107, 55),
(107, 56),
(107, 57),
(107, 58),
(107, 59),
(107, 60),
(107, 61),
(107, 62),
(107, 63),
(107, 64),
(107, 65),
(107, 66),
(107, 67),
(107, 68),
(107, 69),
(107, 70),
(107, 71),
(107, 72),
(107, 73),
(107, 74),
(107, 75),
(107, 76),
(107, 77),
(107, 78),
(107, 79),
(107, 80),
(107, 81),
(107, 82),
(107, 83),
(107, 84),
(107, 85),
(108, 1),
(108, 2),
(108, 3),
(108, 4),
(108, 5),
(108, 6),
(108, 7),
(108, 8),
(108, 9),
(108, 10),
(108, 11),
(108, 12),
(108, 13),
(108, 14),
(108, 15),
(108, 16),
(108, 17),
(108, 18),
(108, 19),
(108, 20),
(108, 21),
(108, 22),
(108, 23),
(108, 24),
(108, 25),
(108, 26),
(108, 27),
(108, 28),
(108, 29),
(108, 30),
(108, 31),
(108, 32),
(108, 33),
(108, 34),
(108, 35),
(108, 36),
(108, 37),
(108, 38),
(108, 39),
(108, 40),
(108, 41),
(108, 42),
(108, 43),
(108, 44),
(108, 45),
(108, 46),
(108, 47),
(108, 48),
(108, 49),
(108, 50),
(108, 51),
(108, 52),
(108, 53),
(108, 54),
(108, 55),
(108, 56),
(108, 57),
(108, 58),
(108, 59),
(108, 60),
(108, 61),
(108, 62),
(108, 63),
(108, 64),
(108, 65),
(108, 66),
(108, 67),
(108, 68),
(108, 69),
(108, 70),
(108, 71),
(108, 72),
(108, 73),
(108, 74),
(108, 75),
(108, 76),
(108, 77),
(108, 78),
(108, 79),
(108, 80),
(108, 81),
(108, 82),
(108, 83),
(108, 84),
(108, 85),
(109, 1),
(109, 2),
(109, 3),
(109, 4),
(109, 5),
(109, 6),
(109, 7),
(109, 8),
(109, 9),
(109, 10),
(109, 11),
(109, 12),
(109, 13),
(109, 14),
(109, 15),
(109, 16),
(109, 17),
(109, 18),
(109, 19),
(109, 20),
(109, 21),
(109, 22),
(109, 23),
(109, 24),
(109, 25),
(109, 26),
(109, 27),
(109, 28),
(109, 29),
(109, 30),
(109, 31),
(109, 32),
(109, 33),
(109, 34),
(109, 35),
(109, 36),
(109, 37),
(109, 38),
(109, 39),
(109, 40),
(109, 41),
(109, 42),
(109, 43),
(109, 44),
(109, 45),
(109, 46),
(109, 47),
(109, 48),
(109, 49),
(109, 50),
(109, 51),
(109, 52),
(109, 53),
(109, 54),
(109, 55),
(109, 56),
(109, 57),
(109, 58),
(109, 59),
(109, 60),
(109, 61),
(109, 62),
(109, 63),
(109, 64),
(109, 65),
(109, 66),
(109, 67),
(109, 68),
(109, 69),
(109, 70),
(109, 71),
(109, 72),
(109, 73),
(109, 74),
(109, 75),
(109, 76),
(109, 77),
(109, 78),
(109, 79),
(109, 80),
(109, 81),
(109, 82),
(109, 83),
(109, 84),
(109, 85),
(110, 1),
(110, 2),
(110, 3),
(110, 4),
(110, 5),
(110, 6),
(110, 7),
(110, 8),
(110, 9),
(110, 10),
(110, 11),
(110, 12),
(110, 13),
(110, 14),
(110, 15),
(110, 16),
(110, 17),
(110, 18),
(110, 19),
(110, 20),
(110, 21),
(110, 22),
(110, 23),
(110, 24),
(110, 25),
(110, 26),
(110, 27),
(110, 28),
(110, 29),
(110, 30),
(110, 31),
(110, 32),
(110, 33),
(110, 34),
(110, 35),
(110, 36),
(110, 37),
(110, 38),
(110, 39),
(110, 40),
(110, 41),
(110, 42),
(110, 43),
(110, 44),
(110, 45),
(110, 46),
(110, 47),
(110, 48),
(110, 49),
(110, 50),
(110, 51),
(110, 52),
(110, 53),
(110, 54),
(110, 55),
(110, 56),
(110, 57),
(110, 58),
(110, 59),
(110, 60),
(110, 61),
(110, 62),
(110, 63),
(110, 64),
(110, 65),
(110, 66),
(110, 67),
(110, 68),
(110, 69),
(110, 70),
(110, 71),
(110, 72),
(110, 73),
(110, 74),
(110, 75),
(110, 76),
(110, 77),
(110, 78),
(110, 79),
(110, 80),
(110, 81),
(110, 82),
(110, 83),
(110, 84),
(110, 85),
(111, 1),
(111, 2),
(111, 3),
(111, 4),
(111, 5),
(111, 6),
(111, 7),
(111, 8),
(111, 9),
(111, 10),
(111, 11),
(111, 12),
(111, 13),
(111, 14),
(111, 15),
(111, 16),
(111, 17),
(111, 18),
(111, 19),
(111, 20),
(111, 21),
(111, 22),
(111, 23),
(111, 24),
(111, 25),
(111, 26),
(111, 27),
(111, 28),
(111, 29),
(111, 30),
(111, 31),
(111, 32),
(111, 33),
(111, 34),
(111, 35),
(111, 36),
(111, 37),
(111, 38),
(111, 39),
(111, 40),
(111, 41),
(111, 42),
(111, 43),
(111, 44),
(111, 45),
(111, 46),
(111, 47),
(111, 48),
(111, 49),
(111, 50),
(111, 51),
(111, 52),
(111, 53),
(111, 54),
(111, 55),
(111, 56),
(111, 57),
(111, 58),
(111, 59),
(111, 60),
(111, 61),
(111, 62),
(111, 63),
(111, 64),
(111, 65),
(111, 66),
(111, 67),
(111, 68),
(111, 69),
(111, 70),
(111, 71),
(111, 72),
(111, 73),
(111, 74),
(111, 75),
(111, 76),
(111, 77),
(111, 78),
(111, 79),
(111, 80),
(111, 81),
(111, 82),
(111, 83),
(111, 84),
(111, 85),
(112, 1),
(112, 2),
(112, 3),
(112, 4),
(112, 5),
(112, 6),
(112, 7),
(112, 8),
(112, 9),
(112, 10),
(112, 11),
(112, 12),
(112, 13),
(112, 14),
(112, 15),
(112, 16),
(112, 17),
(112, 18),
(112, 19),
(112, 20),
(112, 21),
(112, 22),
(112, 23),
(112, 24),
(112, 25),
(112, 26),
(112, 27),
(112, 28),
(112, 29),
(112, 30),
(112, 31),
(112, 32),
(112, 33),
(112, 34),
(112, 35),
(112, 36),
(112, 37),
(112, 38),
(112, 39),
(112, 40),
(112, 41),
(112, 42),
(112, 43),
(112, 44),
(112, 45),
(112, 46),
(112, 47),
(112, 48),
(112, 49),
(112, 50),
(112, 51),
(112, 52),
(112, 53),
(112, 54),
(112, 55),
(112, 56),
(112, 57),
(112, 58),
(112, 59),
(112, 60),
(112, 61),
(112, 62),
(112, 63),
(112, 64),
(112, 65),
(112, 66),
(112, 67),
(112, 68),
(112, 69),
(112, 70),
(112, 71),
(112, 72),
(112, 73),
(112, 74),
(112, 75),
(112, 76),
(112, 77),
(112, 78),
(112, 79),
(112, 80),
(112, 81),
(112, 82),
(112, 83),
(112, 84),
(112, 85),
(113, 1),
(113, 2),
(113, 3),
(113, 4),
(113, 5),
(113, 6),
(113, 7),
(113, 8),
(113, 9),
(113, 10),
(113, 11),
(113, 12),
(113, 13),
(113, 14),
(113, 15),
(113, 16),
(113, 17),
(113, 18),
(113, 19),
(113, 20),
(113, 21),
(113, 22),
(113, 23),
(113, 24),
(113, 25),
(113, 26),
(113, 27),
(113, 28),
(113, 29),
(113, 30),
(113, 31),
(113, 32),
(113, 33),
(113, 34),
(113, 35),
(113, 36),
(113, 37),
(113, 38),
(113, 39),
(113, 40),
(113, 41),
(113, 42),
(113, 43),
(113, 44),
(113, 45),
(113, 46),
(113, 47),
(113, 48),
(113, 49),
(113, 50),
(113, 51),
(113, 52),
(113, 53),
(113, 54),
(113, 55),
(113, 56),
(113, 57),
(113, 58),
(113, 59),
(113, 60),
(113, 61),
(113, 62),
(113, 63),
(113, 64),
(113, 65),
(113, 66),
(113, 67),
(113, 68),
(113, 69),
(113, 70),
(113, 71),
(113, 72),
(113, 73),
(113, 74),
(113, 75),
(113, 76),
(113, 77),
(113, 78),
(113, 79),
(113, 80),
(113, 81),
(113, 82),
(113, 83),
(113, 84),
(113, 85),
(114, 1),
(114, 2),
(114, 3),
(114, 4),
(114, 5),
(114, 6),
(114, 7),
(114, 8),
(114, 9),
(114, 10),
(114, 11),
(114, 12),
(114, 13),
(114, 14),
(114, 15),
(114, 16),
(114, 17),
(114, 18),
(114, 19),
(114, 20),
(114, 21),
(114, 22),
(114, 23),
(114, 24),
(114, 25),
(114, 26),
(114, 27),
(114, 28),
(114, 29),
(114, 30),
(114, 31),
(114, 32),
(114, 33),
(114, 34),
(114, 35),
(114, 36),
(114, 37),
(114, 38),
(114, 39),
(114, 40),
(114, 41),
(114, 42),
(114, 43),
(114, 44),
(114, 45),
(114, 46),
(114, 47),
(114, 48),
(114, 49),
(114, 50),
(114, 51),
(114, 52),
(114, 53),
(114, 54),
(114, 55),
(114, 56),
(114, 57),
(114, 58),
(114, 59),
(114, 60),
(114, 61),
(114, 62),
(114, 63),
(114, 64),
(114, 65),
(114, 66),
(114, 67),
(114, 68),
(114, 69),
(114, 70),
(114, 71),
(114, 72),
(114, 73),
(114, 74),
(114, 75),
(114, 76),
(114, 77),
(114, 78),
(114, 79),
(114, 80),
(114, 81),
(114, 82),
(114, 83),
(114, 84),
(114, 85),
(115, 1),
(115, 2),
(115, 3),
(115, 4),
(115, 5),
(115, 6),
(115, 7),
(115, 8),
(115, 9),
(115, 10),
(115, 11),
(115, 12),
(115, 13),
(115, 14),
(115, 15),
(115, 16),
(115, 17),
(115, 18),
(115, 19),
(115, 20),
(115, 21),
(115, 22),
(115, 23),
(115, 24),
(115, 25),
(115, 26),
(115, 27),
(115, 28),
(115, 29),
(115, 30),
(115, 31),
(115, 32),
(115, 33),
(115, 34),
(115, 35),
(115, 36),
(115, 37),
(115, 38),
(115, 39),
(115, 40),
(115, 41),
(115, 42),
(115, 43),
(115, 44),
(115, 45),
(115, 46),
(115, 47),
(115, 48),
(115, 49),
(115, 50),
(115, 51),
(115, 52),
(115, 53),
(115, 54),
(115, 55),
(115, 56),
(115, 57),
(115, 58),
(115, 59),
(115, 60),
(115, 61),
(115, 62),
(115, 63),
(115, 64),
(115, 65),
(115, 66),
(115, 67),
(115, 68),
(115, 69),
(115, 70),
(115, 71),
(115, 72),
(115, 73),
(115, 74),
(115, 75),
(115, 76),
(115, 77),
(115, 78),
(115, 79),
(115, 80),
(115, 81),
(115, 82),
(115, 83),
(115, 84),
(115, 85),
(116, 1),
(116, 2),
(116, 3),
(116, 4),
(116, 5),
(116, 6),
(116, 7),
(116, 8),
(116, 9),
(116, 10),
(116, 11),
(116, 12),
(116, 13),
(116, 14),
(116, 15),
(116, 16),
(116, 17),
(116, 18),
(116, 19),
(116, 20),
(116, 21),
(116, 22),
(116, 23),
(116, 24),
(116, 25),
(116, 26),
(116, 27),
(116, 28),
(116, 29),
(116, 30),
(116, 31),
(116, 32),
(116, 33),
(116, 34),
(116, 35),
(116, 36),
(116, 37),
(116, 38),
(116, 39),
(116, 40),
(116, 41),
(116, 42),
(116, 43),
(116, 44),
(116, 45),
(116, 46),
(116, 47),
(116, 48),
(116, 49),
(116, 50),
(116, 51),
(116, 52),
(116, 53),
(116, 54),
(116, 55),
(116, 56),
(116, 57),
(116, 58),
(116, 59),
(116, 60),
(116, 61),
(116, 62),
(116, 63),
(116, 64),
(116, 65),
(116, 66),
(116, 67),
(116, 68),
(116, 69),
(116, 70),
(116, 71),
(116, 72),
(116, 73),
(116, 74),
(116, 75),
(116, 76),
(116, 77),
(116, 78),
(116, 79),
(116, 80),
(116, 81),
(116, 82),
(116, 83),
(116, 84),
(116, 85),
(117, 1),
(117, 2),
(117, 3),
(117, 4),
(117, 5),
(117, 6),
(117, 7),
(117, 8),
(117, 9),
(117, 10),
(117, 11),
(117, 12),
(117, 13),
(117, 14),
(117, 15),
(117, 16),
(117, 17),
(117, 18),
(117, 19),
(117, 20),
(117, 21),
(117, 22),
(117, 23),
(117, 24),
(117, 25),
(117, 26),
(117, 27),
(117, 28),
(117, 29),
(117, 30),
(117, 31),
(117, 32),
(117, 33),
(117, 34),
(117, 35),
(117, 36),
(117, 37),
(117, 38),
(117, 39),
(117, 40),
(117, 41),
(117, 42),
(117, 43),
(117, 44),
(117, 45),
(117, 46),
(117, 47),
(117, 48),
(117, 49),
(117, 50),
(117, 51),
(117, 52),
(117, 53),
(117, 54),
(117, 55),
(117, 56),
(117, 57),
(117, 58),
(117, 59),
(117, 60),
(117, 61),
(117, 62),
(117, 63),
(117, 64),
(117, 65),
(117, 66),
(117, 67),
(117, 68),
(117, 69),
(117, 70),
(117, 71),
(117, 72),
(117, 73),
(117, 74),
(117, 75),
(117, 76),
(117, 77),
(117, 78),
(117, 79),
(117, 80),
(117, 81),
(117, 82),
(117, 83),
(117, 84),
(117, 85),
(118, 1),
(118, 2),
(118, 3),
(118, 4),
(118, 5),
(118, 6),
(118, 7),
(118, 8),
(118, 9),
(118, 10),
(118, 11),
(118, 12),
(118, 13),
(118, 14),
(118, 15),
(118, 16),
(118, 17),
(118, 18),
(118, 19),
(118, 20),
(118, 21),
(118, 22),
(118, 23),
(118, 24),
(118, 25),
(118, 26),
(118, 27),
(118, 28),
(118, 29),
(118, 30),
(118, 31),
(118, 32),
(118, 33),
(118, 34),
(118, 35),
(118, 36),
(118, 37),
(118, 38),
(118, 39),
(118, 40),
(118, 41),
(118, 42),
(118, 43),
(118, 44),
(118, 45),
(118, 46),
(118, 47),
(118, 48),
(118, 49),
(118, 50),
(118, 51),
(118, 52),
(118, 53),
(118, 54),
(118, 55),
(118, 56),
(118, 57),
(118, 58),
(118, 59),
(118, 60),
(118, 61),
(118, 62),
(118, 63),
(118, 64),
(118, 65),
(118, 66),
(118, 67),
(118, 68),
(118, 69),
(118, 70),
(118, 71),
(118, 72),
(118, 73),
(118, 74),
(118, 75),
(118, 76),
(118, 77),
(118, 78),
(118, 79),
(118, 80),
(118, 81),
(118, 82),
(118, 83),
(118, 84),
(118, 85),
(119, 1),
(119, 2),
(119, 3),
(119, 4),
(119, 5),
(119, 6),
(119, 7),
(119, 8),
(119, 9),
(119, 10),
(119, 11),
(119, 12),
(119, 13),
(119, 14),
(119, 15),
(119, 16),
(119, 17),
(119, 18),
(119, 19),
(119, 20),
(119, 21),
(119, 22),
(119, 23),
(119, 24),
(119, 25),
(119, 26),
(119, 27),
(119, 28),
(119, 29),
(119, 30),
(119, 31),
(119, 32),
(119, 33),
(119, 34),
(119, 35),
(119, 36),
(119, 37),
(119, 38),
(119, 39),
(119, 40),
(119, 41),
(119, 42),
(119, 43),
(119, 44),
(119, 45),
(119, 46),
(119, 47),
(119, 48),
(119, 49),
(119, 50),
(119, 51),
(119, 52),
(119, 53),
(119, 54),
(119, 55),
(119, 56),
(119, 57),
(119, 58),
(119, 59),
(119, 60),
(119, 61),
(119, 62),
(119, 63),
(119, 64),
(119, 65),
(119, 66),
(119, 67),
(119, 68),
(119, 69),
(119, 70),
(119, 71),
(119, 72),
(119, 73),
(119, 74),
(119, 75),
(119, 76),
(119, 77),
(119, 78),
(119, 79),
(119, 80),
(119, 81),
(119, 82),
(119, 83),
(119, 84),
(119, 85),
(120, 1),
(120, 2),
(120, 3),
(120, 4),
(120, 5),
(120, 6),
(120, 7),
(120, 8),
(120, 9),
(120, 10),
(120, 11),
(120, 12),
(120, 13),
(120, 14),
(120, 15),
(120, 16),
(120, 17),
(120, 18),
(120, 19),
(120, 20),
(120, 21),
(120, 22),
(120, 23),
(120, 24),
(120, 25),
(120, 26),
(120, 27),
(120, 28),
(120, 29),
(120, 30),
(120, 31),
(120, 32),
(120, 33),
(120, 34),
(120, 35),
(120, 36),
(120, 37),
(120, 38),
(120, 39),
(120, 40),
(120, 41),
(120, 42),
(120, 43),
(120, 44),
(120, 45),
(120, 46),
(120, 47),
(120, 48),
(120, 49),
(120, 50),
(120, 51),
(120, 52),
(120, 53),
(120, 54),
(120, 55),
(120, 56),
(120, 57),
(120, 58),
(120, 59),
(120, 60),
(120, 61),
(120, 62),
(120, 63),
(120, 64),
(120, 65),
(120, 66),
(120, 67),
(120, 68),
(120, 69),
(120, 70),
(120, 71),
(120, 72),
(120, 73),
(120, 74),
(120, 75),
(120, 76),
(120, 77),
(120, 78),
(120, 79),
(120, 80),
(120, 81),
(120, 82),
(120, 83),
(120, 84),
(120, 85),
(121, 1),
(121, 2),
(121, 3),
(121, 4),
(121, 5),
(121, 6),
(121, 7),
(121, 8),
(121, 9),
(121, 10),
(121, 11),
(121, 12),
(121, 13),
(121, 14),
(121, 15),
(121, 16),
(121, 17),
(121, 18),
(121, 19),
(121, 20),
(121, 21),
(121, 22),
(121, 23),
(121, 24),
(121, 25),
(121, 26),
(121, 27),
(121, 28),
(121, 29),
(121, 30),
(121, 31),
(121, 32),
(121, 33),
(121, 34),
(121, 35),
(121, 36),
(121, 37),
(121, 38),
(121, 39),
(121, 40),
(121, 41),
(121, 42),
(121, 43),
(121, 44),
(121, 45),
(121, 46),
(121, 47),
(121, 48),
(121, 49),
(121, 50),
(121, 51),
(121, 52),
(121, 53),
(121, 54),
(121, 55),
(121, 56),
(121, 57),
(121, 58),
(121, 59),
(121, 60),
(121, 61),
(121, 62),
(121, 63),
(121, 64),
(121, 65),
(121, 66),
(121, 67),
(121, 68),
(121, 69),
(121, 70),
(121, 71),
(121, 72),
(121, 73),
(121, 74),
(121, 75),
(121, 76),
(121, 77),
(121, 78),
(121, 79),
(121, 80),
(121, 81),
(121, 82),
(121, 83),
(121, 84),
(121, 85),
(122, 1),
(122, 2),
(122, 3),
(122, 4),
(122, 5),
(122, 6),
(122, 7),
(122, 8),
(122, 9),
(122, 10),
(122, 11),
(122, 12),
(122, 13),
(122, 14),
(122, 15),
(122, 16),
(122, 17),
(122, 18),
(122, 19),
(122, 20),
(122, 21),
(122, 22),
(122, 23),
(122, 24),
(122, 25),
(122, 26),
(122, 27),
(122, 28),
(122, 29),
(122, 30),
(122, 31),
(122, 32),
(122, 33),
(122, 34),
(122, 35),
(122, 36),
(122, 37),
(122, 38),
(122, 39),
(122, 40),
(122, 41),
(122, 42),
(122, 43),
(122, 44),
(122, 45),
(122, 46),
(122, 47),
(122, 48),
(122, 49),
(122, 50),
(122, 51),
(122, 52),
(122, 53),
(122, 54),
(122, 55),
(122, 56),
(122, 57),
(122, 58),
(122, 59),
(122, 60),
(122, 61),
(122, 62),
(122, 63),
(122, 64),
(122, 65),
(122, 66),
(122, 67),
(122, 68),
(122, 69),
(122, 70),
(122, 71),
(122, 72),
(122, 73),
(122, 74),
(122, 75),
(122, 76),
(122, 77),
(122, 78),
(122, 79),
(122, 80),
(122, 81),
(122, 82),
(122, 83),
(122, 84),
(122, 85),
(123, 1),
(123, 2),
(123, 3),
(123, 4),
(123, 5),
(123, 6),
(123, 7),
(123, 8),
(123, 9),
(123, 10),
(123, 11),
(123, 12),
(123, 13),
(123, 14),
(123, 15),
(123, 16),
(123, 17),
(123, 18),
(123, 19),
(123, 20),
(123, 21),
(123, 22),
(123, 23),
(123, 24),
(123, 25),
(123, 26),
(123, 27),
(123, 28),
(123, 29),
(123, 30),
(123, 31),
(123, 32),
(123, 33),
(123, 34),
(123, 35),
(123, 36),
(123, 37),
(123, 38),
(123, 39),
(123, 40),
(123, 41),
(123, 42),
(123, 43),
(123, 44),
(123, 45),
(123, 46),
(123, 47),
(123, 48),
(123, 49),
(123, 50),
(123, 51),
(123, 52),
(123, 53),
(123, 54),
(123, 55),
(123, 56),
(123, 57),
(123, 58),
(123, 59),
(123, 60),
(123, 61),
(123, 62),
(123, 63),
(123, 64),
(123, 65),
(123, 66),
(123, 67),
(123, 68),
(123, 69),
(123, 70),
(123, 71),
(123, 72),
(123, 73),
(123, 74),
(123, 75),
(123, 76),
(123, 77),
(123, 78),
(123, 79),
(123, 80),
(123, 81),
(123, 82),
(123, 83),
(123, 84),
(123, 85),
(124, 1),
(124, 2),
(124, 3),
(124, 4),
(124, 5),
(124, 6),
(124, 7),
(124, 8),
(124, 9),
(124, 10),
(124, 11),
(124, 12),
(124, 13),
(124, 14),
(124, 15),
(124, 16),
(124, 17),
(124, 18),
(124, 19),
(124, 20),
(124, 21),
(124, 22),
(124, 23),
(124, 24),
(124, 25),
(124, 26),
(124, 27),
(124, 28),
(124, 29),
(124, 30),
(124, 31),
(124, 32),
(124, 33),
(124, 34),
(124, 35),
(124, 36),
(124, 37),
(124, 38),
(124, 39),
(124, 40),
(124, 41),
(124, 42),
(124, 43),
(124, 44),
(124, 45),
(124, 46),
(124, 47),
(124, 48),
(124, 49),
(124, 50),
(124, 51),
(124, 52),
(124, 53),
(124, 54),
(124, 55),
(124, 56),
(124, 57),
(124, 58),
(124, 59),
(124, 60),
(124, 61),
(124, 62),
(124, 63),
(124, 64),
(124, 65),
(124, 66),
(124, 67),
(124, 68),
(124, 69),
(124, 70),
(124, 71),
(124, 72),
(124, 73),
(124, 74),
(124, 75),
(124, 76),
(124, 77),
(124, 78),
(124, 79),
(124, 80),
(124, 81),
(124, 82),
(124, 83),
(124, 84),
(124, 85),
(125, 1),
(125, 2),
(125, 3),
(125, 4),
(125, 5),
(125, 6),
(125, 7),
(125, 8),
(125, 9),
(125, 10),
(125, 11),
(125, 12),
(125, 13),
(125, 14),
(125, 15),
(125, 16),
(125, 17),
(125, 18),
(125, 19),
(125, 20),
(125, 21),
(125, 22),
(125, 23),
(125, 24),
(125, 25),
(125, 26),
(125, 27),
(125, 28),
(125, 29),
(125, 30),
(125, 31),
(125, 32),
(125, 33),
(125, 34),
(125, 35),
(125, 36),
(125, 37),
(125, 38),
(125, 39),
(125, 40),
(125, 41),
(125, 42),
(125, 43),
(125, 44),
(125, 45),
(125, 46),
(125, 47),
(125, 48),
(125, 49),
(125, 50),
(125, 51),
(125, 52),
(125, 53),
(125, 54),
(125, 55),
(125, 56),
(125, 57),
(125, 58),
(125, 59),
(125, 60),
(125, 61),
(125, 62),
(125, 63),
(125, 64),
(125, 65),
(125, 66),
(125, 67),
(125, 68),
(125, 69),
(125, 70),
(125, 71),
(125, 72),
(125, 73),
(125, 74),
(125, 75),
(125, 76),
(125, 77),
(125, 78),
(125, 79),
(125, 80),
(125, 81),
(125, 82),
(125, 83),
(125, 84),
(125, 85),
(126, 1),
(126, 2),
(126, 3),
(126, 4),
(126, 5),
(126, 6),
(126, 7),
(126, 8),
(126, 9),
(126, 10),
(126, 11),
(126, 12),
(126, 13),
(126, 14),
(126, 15),
(126, 16),
(126, 17),
(126, 18),
(126, 19),
(126, 20),
(126, 21),
(126, 22),
(126, 23),
(126, 24),
(126, 25),
(126, 26),
(126, 27),
(126, 28),
(126, 29),
(126, 30),
(126, 31),
(126, 32),
(126, 33),
(126, 34),
(126, 35),
(126, 36),
(126, 37),
(126, 38),
(126, 39),
(126, 40),
(126, 41),
(126, 42),
(126, 43),
(126, 44),
(126, 45),
(126, 46),
(126, 47),
(126, 48),
(126, 49),
(126, 50),
(126, 51),
(126, 52),
(126, 53),
(126, 54),
(126, 55),
(126, 56),
(126, 57),
(126, 58),
(126, 59),
(126, 60),
(126, 61),
(126, 62),
(126, 63),
(126, 64),
(126, 65),
(126, 66),
(126, 67),
(126, 68),
(126, 69),
(126, 70),
(126, 71),
(126, 72),
(126, 73),
(126, 74),
(126, 75),
(126, 76),
(126, 77),
(126, 78),
(126, 79),
(126, 80),
(126, 81),
(126, 82),
(126, 83),
(126, 84),
(126, 85),
(127, 1),
(127, 2),
(127, 3),
(127, 4),
(127, 5),
(127, 6),
(127, 7),
(127, 8),
(127, 9),
(127, 10),
(127, 11),
(127, 12),
(127, 13),
(127, 14),
(127, 15),
(127, 16),
(127, 17),
(127, 18),
(127, 19),
(127, 20),
(127, 21),
(127, 22),
(127, 23),
(127, 24),
(127, 25),
(127, 26),
(127, 27),
(127, 28),
(127, 29),
(127, 30),
(127, 31),
(127, 32),
(127, 33),
(127, 34),
(127, 35),
(127, 36),
(127, 37),
(127, 38),
(127, 39),
(127, 40),
(127, 41),
(127, 42),
(127, 43),
(127, 44),
(127, 45),
(127, 46),
(127, 47),
(127, 48),
(127, 49),
(127, 50),
(127, 51),
(127, 52),
(127, 53),
(127, 54),
(127, 55),
(127, 56),
(127, 57),
(127, 58),
(127, 59),
(127, 60),
(127, 61),
(127, 62),
(127, 63),
(127, 64),
(127, 65),
(127, 66),
(127, 67),
(127, 68),
(127, 69),
(127, 70),
(127, 71),
(127, 72),
(127, 73),
(127, 74),
(127, 75),
(127, 76),
(127, 77),
(127, 78),
(127, 79),
(127, 80),
(127, 81),
(127, 82),
(127, 83),
(127, 84),
(127, 85);

-- --------------------------------------------------------

--
-- Table structure for table `plan_lekcji`
--

CREATE TABLE `plan_lekcji` (
  `id` int(11) NOT NULL,
  `id_k` tinyint(4) DEFAULT NULL,
  `id_p` tinyint(4) DEFAULT NULL,
  `grupa` char(3) NOT NULL DEFAULT '1/1',
  `id_n` tinyint(4) DEFAULT NULL,
  `id_s` tinyint(4) DEFAULT NULL,
  `id_g` tinyint(4) DEFAULT NULL,
  `dzien` tinyint(4) DEFAULT NULL
) ENGINE=InnoDB DEFAULT CHARSET=utf8mb4 COLLATE=utf8mb4_general_ci;

--
-- Dumping data for table `plan_lekcji`
--

INSERT INTO `plan_lekcji` (`id`, `id_k`, `id_p`, `grupa`, `id_n`, `id_s`, `id_g`, `dzien`) VALUES
(1, 2, 3, '1/2', 23, 29, 1, 1),
(2, 2, 27, '2/2', 32, 52, 1, 1),
(3, 3, 44, '1/2', 31, 48, 1, 1),
(4, 3, 3, '2/2', 62, 27, 1, 1),
(5, 4, 3, '1/2', 40, 19, 1, 1),
(6, 4, 26, '2/2', 63, 26, 1, 1),
(7, 5, 31, '1/2', 24, 31, 1, 1),
(8, 5, 31, '2/2', 34, 33, 1, 1),
(9, 6, 18, '1/2', 18, 78, 1, 1),
(10, 6, 7, '2/2', 3, 8, 1, 1),
(11, 7, 10, '1/2', 61, 51, 1, 1),
(12, 7, 1, '2/2', 45, 69, 1, 1),
(13, 10, 10, '1/2', 17, 120, 1, 1),
(14, 10, 27, '2/2', 104, 54, 1, 1),
(15, 12, 3, '1/2', 70, 60, 1, 1),
(16, 12, 31, '2/2', 59, 87, 1, 1),
(17, 13, 1, '1/2', 1, 118, 1, 1),
(18, 13, 31, '2/2', 115, 68, 1, 1),
(19, 14, 3, '1/2', 101, 84, 1, 1),
(20, 14, 37, '2/2', 52, 21, 1, 1),
(21, 18, 27, '1/2', 49, 55, 1, 1),
(22, 18, 5, '2/2', 13, 18, 1, 1),
(23, 19, 3, '1/2', 100, 39, 1, 1),
(24, 19, 73, '2/2', 95, 4, 1, 1),
(25, 21, 44, '1/2', 33, 95, 1, 1),
(26, 21, 31, '2/2', 89, 70, 1, 1),
(27, 22, 34, '1/2', 76, 85, 1, 1),
(28, 22, 31, '2/2', 127, 63, 1, 1),
(29, 24, 1, '1/2', 114, 115, 1, 1),
(30, 24, 47, '2/2', 105, 83, 1, 1),
(31, 26, 10, '1/2', 10, 100, 1, 1),
(32, 26, 4, '2/2', 2, 66, 1, 1),
(33, 29, 1, '1/2', 80, 99, 1, 1),
(34, 29, 1, '2/2', 121, 41, 1, 1),
(35, 30, 10, '1/2', 66, 37, 1, 1),
(36, 30, 1, '2/2', 4, 35, 1, 1),
(37, 31, 34, '1/2', 117, 122, 1, 1),
(38, 31, 10, '2/2', 8, 96, 1, 1),
(39, 32, 77, '1/2', 71, 97, 1, 1),
(40, 32, 44, '2/2', 88, 93, 1, 1),
(41, 39, 44, '1/2', 60, 58, 1, 1),
(42, 39, 27, '2/2', 72, 57, 1, 1),
(43, 41, 3, '1/2', 41, 121, 1, 1),
(44, 41, 44, '2/2', 16, 23, 1, 1),
(45, 1, 27, '1/2', 72, 54, 2, 1),
(46, 1, 10, '2/2', 66, 51, 2, 1),
(47, 2, 24, '1/2', 44, 26, 2, 1),
(48, 2, 24, '2/2', 19, 18, 2, 1),
(49, 3, 44, '1/2', 31, 48, 2, 1),
(50, 3, 27, '2/2', 32, 56, 2, 1),
(51, 4, 69, '1/2', 86, 8, 2, 1),
(52, 4, 44, '2/2', 16, 103, 2, 1),
(53, 5, 44, '1/2', 60, 80, 2, 1),
(54, 5, 3, '2/2', 62, 29, 2, 1),
(55, 6, 18, '1/2', 18, 89, 2, 1),
(56, 6, 3, '2/2', 23, 33, 2, 1),
(57, 7, 10, '1/2', 61, 102, 2, 1),
(58, 7, 1, '2/2', 45, 19, 2, 1),
(59, 9, 44, '1/2', 33, 92, 2, 1),
(60, 9, 44, '2/2', 88, 16, 2, 1),
(61, 10, 10, '1/2', 17, 9, 2, 1),
(62, 10, 3, '2/2', 103, 27, 2, 1),
(63, 12, 37, '1/2', 52, 31, 2, 1),
(64, 12, 31, '2/2', 34, 114, 2, 1),
(65, 13, 10, '1/2', 47, 125, 2, 1),
(66, 13, 44, '2/2', 125, 4, 2, 1),
(67, 14, 37, '1/2', 89, 108, 2, 1),
(68, 14, 44, '2/2', 100, 90, 2, 1),
(69, 16, 75, '1/2', 92, 124, 2, 1),
(70, 16, 27, '2/2', 77, 52, 2, 1),
(71, 17, 27, '1/2', 38, 55, 2, 1),
(72, 17, 27, '2/2', 91, 57, 2, 1),
(73, 18, 5, '1/2', 2, 77, 2, 1),
(74, 18, 10, '2/2', 73, 119, 2, 1),
(75, 19, 72, '1/2', 46, 111, 2, 1),
(76, 19, 10, '2/2', 124, 127, 2, 1),
(77, 21, 1, '1/2', 118, 122, 2, 1),
(78, 21, 39, '2/2', 59, 118, 2, 1),
(79, 22, 31, '1/2', 116, 35, 2, 1),
(80, 22, 10, '2/2', 53, 74, 2, 1),
(81, 24, 10, '1/2', 8, 120, 2, 1),
(82, 24, 3, '2/2', 41, 95, 2, 1),
(83, 25, 22, '1/2', 51, 60, 2, 1),
(84, 25, 3, '2/2', 108, 88, 2, 1),
(85, 26, 10, '1/2', 10, 47, 2, 1),
(86, 26, 10, '2/2', 127, 40, 2, 1),
(87, 29, 1, '1/2', 80, 100, 2, 1),
(88, 29, 27, '2/2', 81, 58, 2, 1),
(89, 30, 10, '1/2', 114, 72, 2, 1),
(90, 30, 1, '2/2', 43, 71, 2, 1),
(91, 31, 1, '1/2', 4, 106, 2, 1),
(92, 31, 44, '2/2', 106, 96, 2, 1),
(93, 32, 3, '1/2', 1, 59, 2, 1),
(94, 32, 10, '2/2', 101, 69, 2, 1),
(95, 36, 59, '1/2', 90, 113, 2, 1),
(96, 36, 66, '2/2', 120, 104, 2, 1),
(97, 38, 34, '1/2', 107, 121, 2, 1),
(98, 38, 10, '2/2', 115, 110, 2, 1),
(99, 39, 3, '1/2', 110, 107, 2, 1),
(100, 39, 1, '2/2', 57, 49, 2, 1),
(101, 40, 17, '1/2', 126, 116, 2, 1),
(102, 40, 17, '2/2', 105, 67, 2, 1),
(103, 41, 27, '1/2', 54, 53, 2, 1),
(104, 41, 27, '2/2', 20, 117, 2, 1),
(105, 1, 3, '1/2', 23, 33, 3, 1),
(106, 1, 10, '2/2', 61, 51, 3, 1),
(107, 2, 27, '1/2', 32, 52, 3, 1),
(108, 2, 3, '2/2', 40, 19, 3, 1),
(109, 3, 24, '1/2', 37, 26, 3, 1),
(110, 3, 44, '2/2', 31, 48, 3, 1),
(111, 4, 27, '1/2', 20, 54, 3, 1),
(112, 4, 44, '2/2', 16, 76, 3, 1),
(113, 5, 3, '1/2', 62, 27, 3, 1),
(114, 5, 37, '2/2', 24, 31, 3, 1),
(115, 6, 44, '1/2', 103, 57, 3, 1),
(116, 6, 7, '2/2', 3, 8, 3, 1),
(117, 7, 34, '1/2', 41, 29, 3, 1),
(118, 7, 10, '2/2', 66, 106, 3, 1),
(119, 9, 3, '1/2', 120, 122, 3, 1),
(120, 9, 5, '2/2', 5, 18, 3, 1),
(121, 10, 44, '1/2', 60, 91, 3, 1),
(122, 10, 27, '2/2', 122, 56, 3, 1),
(123, 11, 10, '1/2', 14, 36, 3, 1),
(124, 11, 27, '2/2', 72, 53, 3, 1),
(125, 12, 39, '1/2', 59, 97, 3, 1),
(126, 12, 39, '2/2', 117, 21, 3, 1),
(127, 13, 10, '1/2', 8, 9, 3, 1),
(128, 13, 1, '2/2', 34, 82, 3, 1),
(129, 14, 31, '1/2', 105, 16, 3, 1),
(130, 14, 44, '2/2', 88, 58, 3, 1),
(131, 15, 27, '1/2', 91, 55, 3, 1),
(132, 15, 3, '2/2', 113, 64, 3, 1),
(133, 16, 75, '1/2', 92, 108, 3, 1),
(134, 16, 1, '2/2', 57, 83, 3, 1),
(135, 17, 74, '1/2', 78, 4, 3, 1),
(136, 17, 10, '2/2', 114, 38, 3, 1),
(137, 18, 10, '1/2', 73, 117, 3, 1),
(138, 18, 27, '2/2', 49, 89, 3, 1),
(139, 19, 72, '1/2', 46, 98, 3, 1),
(140, 19, 10, '2/2', 47, 114, 3, 1),
(141, 20, 10, '1/2', 107, 67, 3, 1),
(142, 20, 27, '2/2', 108, 63, 3, 1),
(143, 21, 27, '1/2', 77, 104, 3, 1),
(144, 21, 10, '2/2', 17, 105, 3, 1),
(145, 22, 10, '1/2', 53, 93, 3, 1),
(146, 22, 1, '2/2', 45, 123, 3, 1),
(147, 23, 39, '1/2', 89, 59, 3, 1),
(148, 23, 10, '2/2', 100, 85, 3, 1),
(149, 24, 47, '1/2', 127, 65, 3, 1),
(150, 24, 1, '2/2', 1, 96, 3, 1),
(151, 25, 22, '1/2', 18, 95, 3, 1),
(152, 25, 44, '2/2', 33, 78, 3, 1),
(153, 26, 4, '1/2', 98, 47, 3, 1),
(154, 26, 44, '2/2', 124, 113, 3, 1),
(155, 27, 72, '1/2', 111, 62, 3, 1),
(156, 27, 10, '2/2', 126, 124, 3, 1),
(157, 28, 62, '1/2', 87, 115, 3, 1),
(158, 28, 65, '2/2', 90, 87, 3, 1),
(159, 29, 10, '1/2', 125, 84, 3, 1),
(160, 29, 44, '2/2', 106, 72, 3, 1),
(161, 30, 3, '1/2', 43, 110, 3, 1),
(162, 30, 44, '2/2', 110, 127, 3, 1),
(163, 31, 1, '1/2', 4, 112, 3, 1),
(164, 31, 1, '2/2', 101, 99, 3, 1),
(165, 32, 44, '1/2', 102, 121, 3, 1),
(166, 32, 10, '2/2', 10, 68, 3, 1),
(167, 33, 17, '1/2', 51, 92, 3, 1),
(168, 33, 44, '2/2', 104, 13, 3, 1),
(169, 34, 4, '1/2', 115, 37, 3, 1),
(170, 34, 44, '2/2', 116, 81, 3, 1),
(171, 35, 70, '1/2', 112, 70, 3, 1),
(172, 35, 70, '2/2', 118, 119, 3, 1),
(173, 36, 10, '1/2', 123, 100, 3, 1),
(174, 36, 66, '2/2', 121, 126, 3, 1),
(175, 37, 27, '1/2', 38, 80, 3, 1),
(176, 37, 3, '2/2', 70, 75, 3, 1),
(177, 38, 10, '1/2', 109, 116, 3, 1),
(178, 38, 10, '2/2', 119, 22, 3, 1),
(179, 39, 34, '1/2', 76, 49, 3, 1),
(180, 1, 24, '1/2', 46, 18, 4, 1),
(181, 1, 24, '2/2', 37, 4, 4, 1),
(182, 2, 10, '1/2', 66, 51, 4, 1),
(183, 2, 27, '2/2', 72, 56, 4, 1),
(184, 3, 24, '1/2', 19, 26, 4, 1),
(185, 3, 10, '2/2', 53, 29, 4, 1),
(186, 4, 10, '1/2', 14, 77, 4, 1),
(187, 4, 10, '2/2', 115, 94, 4, 1),
(188, 5, 31, '1/2', 24, 33, 4, 1),
(189, 5, 10, '2/2', 10, 15, 4, 1),
(190, 6, 3, '1/2', 23, 27, 4, 1),
(191, 6, 10, '2/2', 17, 62, 4, 1),
(192, 7, 3, '1/2', 41, 31, 4, 1),
(193, 7, 34, '2/2', 117, 19, 4, 1),
(194, 9, 10, '1/2', 73, 88, 4, 1),
(195, 9, 3, '2/2', 62, 76, 4, 1),
(196, 10, 27, '1/2', 32, 53, 4, 1),
(197, 10, 10, '2/2', 61, 55, 4, 1),
(198, 11, 26, '1/2', 63, 83, 4, 1),
(199, 11, 3, '2/2', 70, 10, 4, 1),
(200, 12, 31, '1/2', 59, 122, 4, 1),
(201, 12, 44, '2/2', 88, 48, 4, 1),
(202, 13, 27, '1/2', 54, 54, 4, 1),
(203, 13, 37, '2/2', 52, 124, 4, 1),
(204, 14, 39, '1/2', 89, 92, 4, 1),
(205, 14, 3, '2/2', 40, 24, 4, 1),
(206, 15, 44, '1/2', 60, 82, 4, 1),
(207, 15, 27, '2/2', 91, 58, 4, 1),
(208, 16, 34, '1/2', 121, 105, 4, 1),
(209, 16, 34, '2/2', 107, 9, 4, 1),
(210, 17, 10, '1/2', 8, 57, 4, 1),
(211, 17, 74, '2/2', 78, 127, 4, 1),
(212, 18, 27, '1/2', 49, 52, 4, 1),
(213, 18, 5, '2/2', 13, 114, 4, 1),
(214, 19, 73, '1/2', 95, 123, 4, 1),
(215, 19, 73, '2/2', 113, 81, 4, 1),
(216, 20, 3, '1/2', 108, 35, 4, 1),
(217, 20, 27, '2/2', 20, 85, 4, 1),
(218, 21, 3, '1/2', 110, 121, 4, 1),
(219, 21, 3, '2/2', 1, 84, 4, 1),
(220, 22, 34, '1/2', 76, 41, 4, 1),
(221, 22, 10, '2/2', 123, 106, 4, 1),
(222, 23, 44, '1/2', 16, 63, 4, 1),
(223, 23, 44, '2/2', 31, 125, 4, 1),
(224, 24, 34, '1/2', 109, 22, 4, 1),
(225, 24, 3, '2/2', 111, 109, 4, 1),
(226, 25, 10, '1/2', 106, 119, 4, 1),
(227, 25, 21, '2/2', 51, 89, 4, 1),
(228, 26, 44, '1/2', 122, 100, 4, 1),
(229, 26, 4, '2/2', 98, 66, 4, 1),
(230, 27, 73, '1/2', 90, 74, 4, 1),
(231, 27, 10, '2/2', 47, 118, 4, 1),
(232, 28, 65, '1/2', 104, 64, 4, 1),
(233, 28, 62, '2/2', 87, 8, 4, 1),
(234, 29, 3, '1/2', 120, 95, 4, 1),
(235, 29, 34, '2/2', 100, 40, 4, 1),
(236, 30, 10, '1/2', 118, 23, 4, 1),
(237, 30, 34, '2/2', 103, 59, 4, 1),
(238, 31, 27, '1/2', 81, 86, 4, 1),
(239, 31, 27, '2/2', 127, 43, 4, 1),
(240, 32, 77, '1/2', 71, 103, 4, 1),
(241, 32, 76, '2/2', 57, 97, 4, 1),
(242, 33, 44, '1/2', 116, 37, 4, 1),
(243, 33, 17, '2/2', 18, 93, 4, 1),
(244, 34, 10, '1/2', 101, 111, 4, 1),
(245, 34, 37, '2/2', 124, 98, 4, 1),
(246, 35, 22, '1/2', 126, 61, 4, 1),
(247, 35, 70, '2/2', 125, 38, 4, 1),
(248, 36, 66, '1/2', 102, 65, 4, 1),
(249, 36, 62, '2/2', 105, 68, 4, 1),
(250, 37, 3, '1/2', 43, 113, 4, 1),
(251, 37, 1, '2/2', 34, 70, 4, 1),
(252, 38, 27, '1/2', 112, 71, 4, 1),
(253, 38, 27, '2/2', 77, 90, 4, 1),
(254, 39, 34, '1/2', 119, 120, 4, 1),
(255, 39, 3, '2/2', 114, 87, 4, 1),
(256, 1, 27, '1/2', 72, 54, 5, 1),
(257, 1, 27, '2/2', 115, 55, 5, 1),
(258, 2, 24, '1/2', 19, 4, 5, 1),
(259, 2, 24, '2/2', 44, 18, 5, 1),
(260, 3, 27, '1/2', 49, 58, 5, 1),
(261, 3, 10, '2/2', 53, 51, 5, 1),
(262, 4, 10, '1/2', 14, 49, 5, 1),
(263, 4, 69, '2/2', 86, 8, 5, 1),
(264, 5, 37, '1/2', 24, 31, 5, 1),
(265, 5, 37, '2/2', 111, 29, 5, 1),
(266, 6, 7, '1/2', 3, 71, 5, 1),
(267, 6, 18, '2/2', 18, 110, 5, 1),
(268, 7, 34, '1/2', 41, 19, 5, 1),
(269, 7, 34, '2/2', 120, 27, 5, 1),
(270, 9, 27, '1/2', 32, 52, 5, 1),
(271, 9, 10, '2/2', 73, 111, 5, 1),
(272, 10, 27, '1/2', 121, 56, 5, 1),
(273, 10, 10, '2/2', 61, 82, 5, 1),
(274, 11, 44, '1/2', 60, 48, 5, 1),
(275, 11, 26, '2/2', 37, 26, 5, 1),
(276, 12, 1, '1/2', 34, 33, 5, 1),
(277, 12, 3, '2/2', 62, 106, 5, 1),
(278, 13, 31, '1/2', 59, 78, 5, 1),
(279, 13, 31, '2/2', 89, 124, 5, 1),
(280, 14, 27, '1/2', 54, 57, 5, 1),
(281, 14, 31, '2/2', 126, 83, 5, 1),
(282, 15, 44, '1/2', 88, 67, 5, 1),
(283, 15, 21, '2/2', 51, 97, 5, 1),
(284, 16, 1, '1/2', 57, 104, 5, 1),
(285, 16, 1, '2/2', 45, 84, 5, 1),
(286, 17, 74, '1/2', 46, 101, 5, 1),
(287, 17, 74, '2/2', 78, 41, 5, 1),
(288, 18, 44, '1/2', 33, 23, 5, 1),
(289, 18, 44, '2/2', 16, 118, 5, 1),
(290, 19, 10, '1/2', 47, 47, 5, 1),
(291, 19, 3, '2/2', 101, 122, 5, 1),
(292, 20, 44, '1/2', 122, 117, 5, 1),
(293, 20, 27, '2/2', 20, 53, 5, 1),
(294, 21, 34, '1/2', 76, 43, 5, 1),
(295, 21, 31, '2/2', 124, 123, 5, 1),
(296, 22, 10, '1/2', 10, 94, 5, 1),
(297, 22, 44, '2/2', 118, 99, 5, 1),
(298, 23, 31, '1/2', 23, 12, 5, 1),
(299, 23, 31, '2/2', 113, 10, 5, 1),
(300, 24, 44, '1/2', 103, 102, 5, 1),
(301, 24, 1, '2/2', 1, 69, 5, 1),
(302, 25, 27, '1/2', 81, 114, 5, 1),
(303, 25, 21, '2/2', 102, 95, 5, 1),
(304, 26, 4, '1/2', 98, 98, 5, 1),
(305, 26, 4, '2/2', 13, 21, 5, 1),
(306, 27, 10, '1/2', 109, 119, 5, 1),
(307, 27, 27, '2/2', 114, 103, 5, 1),
(308, 28, 62, '1/2', 87, 73, 5, 1),
(309, 28, 62, '2/2', 117, 87, 5, 1),
(310, 29, 10, '1/2', 17, 80, 5, 1),
(311, 29, 27, '2/2', 77, 125, 5, 1),
(312, 30, 1, '1/2', 43, 90, 5, 1),
(313, 30, 34, '2/2', 119, 88, 5, 1),
(314, 31, 34, '1/2', 108, 113, 5, 1),
(315, 31, 34, '2/2', 105, 24, 5, 1),
(316, 32, 27, '1/2', 127, 63, 5, 1),
(317, 32, 77, '2/2', 71, 81, 5, 1),
(318, 33, 27, '1/2', 100, 76, 5, 1),
(319, 33, 17, '2/2', 123, 75, 5, 1),
(320, 34, 10, '1/2', 8, 46, 5, 1),
(321, 34, 37, '2/2', 52, 77, 5, 1),
(322, 35, 70, '1/2', 106, 35, 5, 1),
(323, 35, 22, '2/2', 112, 72, 5, 1),
(324, 36, 62, '1/2', 104, 38, 5, 1),
(325, 36, 10, '2/2', 66, 39, 5, 1),
(326, 37, 1, '1/2', 110, 86, 5, 1),
(327, 37, 10, '2/2', 116, 15, 5, 1),
(328, 38, 3, '1/2', 70, 89, 5, 1),
(329, 38, 44, '2/2', 31, 74, 5, 1),
(330, 39, 1, '1/2', 4, 68, 5, 1),
(331, 39, 44, '2/2', 125, 16, 5, 1),
(332, 40, 17, '1/2', 107, 127, 5, 1),
(333, 41, 27, '1/2', 91, 59, 5, 1),
(334, 41, 3, '2/2', 40, 22, 5, 1),
(335, 1, 27, '1/2', 72, 53, 6, 1),
(336, 1, 3, '2/2', 23, 19, 6, 1),
(337, 2, 10, '1/2', 53, 51, 6, 1),
(338, 2, 27, '2/2', 32, 57, 6, 1),
(339, 3, 24, '1/2', 37, 4, 6, 1),
(340, 3, 10, '2/2', 47, 71, 6, 1),
(341, 4, 44, '1/2', 60, 48, 6, 1),
(342, 4, 27, '2/2', 20, 58, 6, 1),
(343, 5, 27, '1/2', 49, 55, 6, 1),
(344, 5, 44, '2/2', 16, 62, 6, 1),
(345, 6, 10, '1/2', 17, 10, 6, 1),
(346, 6, 44, '2/2', 31, 106, 6, 1),
(347, 7, 1, '1/2', 43, 31, 6, 1),
(348, 7, 10, '2/2', 66, 59, 6, 1),
(349, 9, 44, '1/2', 88, 61, 6, 1),
(350, 9, 10, '2/2', 73, 74, 6, 1),
(351, 10, 44, '1/2', 118, 112, 6, 1),
(352, 10, 10, '2/2', 61, 83, 6, 1),
(353, 11, 3, '1/2', 62, 27, 6, 1),
(354, 11, 10, '2/2', 14, 92, 6, 1),
(355, 12, 27, '1/2', 77, 56, 6, 1),
(356, 12, 3, '2/2', 114, 29, 6, 1),
(357, 13, 39, '1/2', 59, 33, 6, 1),
(358, 13, 44, '2/2', 124, 98, 6, 1),
(359, 14, 10, '1/2', 8, 115, 6, 1),
(360, 14, 39, '2/2', 106, 60, 6, 1),
(361, 15, 21, '1/2', 18, 89, 6, 1),
(362, 15, 21, '2/2', 51, 116, 6, 1),
(363, 16, 10, '1/2', 108, 97, 6, 1),
(364, 16, 10, '2/2', 115, 121, 6, 1),
(365, 17, 74, '1/2', 78, 18, 6, 1),
(366, 17, 27, '2/2', 38, 52, 6, 1),
(367, 18, 10, '1/2', 104, 73, 6, 1),
(368, 18, 44, '2/2', 33, 105, 6, 1),
(369, 19, 44, '1/2', 103, 81, 6, 1),
(370, 19, 10, '2/2', 105, 114, 6, 1),
(371, 20, 27, '1/2', 113, 54, 6, 1),
(372, 20, 6, '2/2', 3, 8, 6, 1),
(373, 21, 3, '1/2', 40, 78, 6, 1),
(374, 21, 1, '2/2', 45, 82, 6, 1),
(375, 22, 44, '1/2', 107, 84, 6, 1),
(376, 22, 3, '2/2', 127, 93, 6, 1),
(377, 23, 10, '1/2', 121, 41, 6, 1),
(378, 23, 27, '2/2', 54, 95, 6, 1),
(379, 24, 3, '1/2', 41, 38, 6, 1),
(380, 24, 1, '2/2', 1, 12, 6, 1),
(381, 25, 27, '1/2', 81, 39, 6, 1),
(382, 25, 10, '2/2', 10, 87, 6, 1),
(383, 26, 10, '1/2', 126, 64, 6, 1),
(384, 26, 27, '2/2', 117, 85, 6, 1),
(385, 27, 10, '1/2', 120, 108, 6, 1),
(386, 27, 72, '2/2', 46, 26, 6, 1),
(387, 28, 65, '1/2', 90, 123, 6, 1),
(388, 28, 65, '2/2', 110, 68, 6, 1),
(389, 29, 34, '1/2', 24, 91, 6, 1),
(390, 29, 1, '2/2', 80, 88, 6, 1),
(391, 30, 1, '1/2', 4, 13, 6, 1),
(392, 30, 10, '2/2', 116, 36, 6, 1),
(393, 31, 44, '1/2', 119, 15, 6, 1),
(394, 31, 34, '2/2', 109, 79, 6, 1),
(395, 32, 10, '1/2', 111, 101, 6, 1),
(396, 32, 77, '2/2', 71, 90, 6, 1),
(397, 33, 17, '1/2', 123, 127, 6, 1),
(398, 33, 23, '2/2', 112, 63, 6, 1),
(399, 34, 44, '1/2', 122, 40, 6, 1),
(400, 34, 27, '2/2', 100, 124, 6, 1),
(401, 35, 22, '1/2', 125, 110, 6, 1),
(402, 35, 22, '2/2', 101, 103, 6, 1),
(403, 36, 66, '1/2', 102, 69, 6, 1),
(404, 36, 62, '2/2', 87, 99, 6, 1),
(405, 38, 27, '1/2', 91, 104, 6, 1),
(406, 1, 24, '1/2', 37, 4, 7, 1),
(407, 1, 24, '2/2', 46, 18, 7, 1),
(408, 2, 44, '1/2', 33, 48, 7, 1),
(409, 2, 10, '2/2', 53, 51, 7, 1),
(410, 3, 10, '1/2', 47, 92, 7, 1),
(411, 3, 27, '2/2', 32, 58, 7, 1),
(412, 4, 27, '1/2', 20, 56, 7, 1),
(413, 4, 10, '2/2', 14, 119, 7, 1),
(414, 5, 10, '1/2', 66, 77, 7, 1),
(415, 5, 3, '2/2', 70, 29, 7, 1),
(416, 6, 44, '1/2', 16, 37, 7, 1),
(417, 6, 18, '2/2', 18, 93, 7, 1),
(418, 7, 27, '1/2', 77, 53, 7, 1),
(419, 7, 44, '2/2', 60, 36, 7, 1),
(420, 9, 10, '1/2', 73, 27, 7, 1),
(421, 9, 27, '2/2', 49, 57, 7, 1),
(422, 10, 10, '1/2', 17, 70, 7, 1),
(423, 10, 27, '2/2', 107, 54, 7, 1),
(424, 11, 44, '1/2', 31, 116, 7, 1),
(425, 11, 44, '2/2', 103, 21, 7, 1),
(426, 12, 37, '1/2', 52, 33, 7, 1),
(427, 12, 44, '2/2', 88, 111, 7, 1),
(428, 13, 39, '1/2', 59, 19, 7, 1),
(429, 13, 3, '2/2', 62, 31, 7, 1),
(430, 14, 10, '1/2', 8, 89, 7, 1),
(431, 14, 39, '2/2', 108, 74, 7, 1),
(432, 15, 3, '1/2', 106, 102, 7, 1),
(433, 15, 27, '2/2', 91, 55, 7, 1),
(434, 16, 44, '1/2', 100, 109, 7, 1),
(435, 16, 10, '2/2', 124, 101, 7, 1),
(436, 17, 27, '1/2', 38, 52, 7, 1),
(437, 17, 74, '2/2', 78, 26, 7, 1),
(438, 18, 27, '1/2', 122, 108, 7, 1),
(439, 18, 3, '2/2', 115, 60, 7, 1),
(440, 19, 73, '1/2', 95, 46, 7, 1),
(441, 19, 72, '2/2', 102, 35, 7, 1),
(442, 20, 6, '1/2', 3, 8, 7, 1),
(443, 20, 3, '2/2', 111, 43, 7, 1),
(444, 21, 34, '1/2', 76, 62, 7, 1),
(445, 21, 27, '2/2', 72, 72, 7, 1),
(446, 22, 31, '1/2', 34, 24, 7, 1),
(447, 22, 27, '2/2', 113, 61, 7, 1),
(448, 23, 1, '1/2', 45, 9, 7, 1),
(449, 23, 39, '2/2', 89, 97, 7, 1),
(450, 24, 1, '1/2', 1, 73, 7, 1),
(451, 24, 27, '2/2', 54, 82, 7, 1),
(452, 25, 27, '1/2', 81, 59, 7, 1),
(453, 25, 44, '2/2', 105, 47, 7, 1),
(454, 26, 10, '1/2', 10, 125, 7, 1),
(455, 26, 27, '2/2', 112, 22, 7, 1),
(456, 27, 27, '1/2', 104, 16, 7, 1),
(457, 27, 27, '2/2', 118, 120, 7, 1),
(458, 28, 65, '1/2', 90, 10, 7, 1),
(459, 28, 65, '2/2', 126, 100, 7, 1),
(460, 29, 1, '1/2', 80, 107, 7, 1),
(461, 29, 1, '2/2', 125, 113, 7, 1),
(462, 30, 1, '1/2', 43, 96, 7, 1),
(463, 30, 10, '2/2', 109, 124, 7, 1),
(464, 31, 10, '1/2', 116, 23, 7, 1),
(465, 31, 1, '2/2', 4, 63, 7, 1),
(466, 32, 76, '1/2', 57, 123, 7, 1),
(467, 32, 10, '2/2', 61, 115, 7, 1),
(468, 33, 10, '1/2', 119, 39, 7, 1),
(469, 33, 27, '2/2', 114, 12, 7, 1),
(470, 34, 37, '1/2', 24, 91, 7, 1),
(471, 34, 27, '2/2', 123, 76, 7, 1),
(472, 35, 22, '1/2', 51, 41, 7, 1),
(473, 35, 22, '2/2', 117, 79, 7, 1),
(474, 36, 59, '1/2', 127, 104, 7, 1),
(475, 36, 10, '2/2', 101, 103, 7, 1),
(476, 37, 34, '1/2', 41, 118, 7, 1),
(477, 37, 34, '2/2', 110, 84, 7, 1),
(478, 38, 34, '1/2', 121, 122, 7, 1),
(479, 38, 34, '2/2', 120, 81, 7, 1),
(480, 1, 24, '1/2', 37, 26, 8, 1),
(481, 1, 27, '2/2', 72, 54, 8, 1),
(482, 2, 10, '1/2', 66, 51, 8, 1),
(483, 2, 10, '2/2', 53, 13, 8, 1),
(484, 4, 26, '1/2', 63, 4, 8, 1),
(485, 4, 69, '2/2', 86, 8, 8, 1),
(486, 5, 27, '1/2', 49, 53, 8, 1),
(487, 5, 37, '2/2', 24, 19, 8, 1),
(488, 6, 7, '1/2', 3, 103, 8, 1),
(489, 6, 27, '2/2', 91, 56, 8, 1),
(490, 7, 3, '1/2', 23, 33, 8, 1),
(491, 7, 27, '2/2', 20, 52, 8, 1),
(492, 9, 27, '1/2', 32, 58, 8, 1),
(493, 9, 44, '2/2', 33, 48, 8, 1),
(494, 10, 3, '1/2', 62, 27, 8, 1),
(495, 10, 44, '2/2', 31, 122, 8, 1),
(496, 13, 3, '1/2', 70, 29, 8, 1),
(497, 13, 10, '2/2', 8, 80, 8, 1),
(498, 15, 27, '1/2', 120, 57, 8, 1),
(499, 15, 10, '2/2', 73, 83, 8, 1),
(500, 16, 34, '1/2', 41, 31, 8, 1),
(501, 16, 27, '2/2', 77, 55, 8, 1),
(502, 17, 27, '1/2', 38, 71, 8, 1),
(503, 17, 27, '2/2', 102, 67, 8, 1),
(504, 18, 3, '1/2', 122, 10, 8, 1),
(505, 18, 5, '2/2', 13, 18, 8, 1),
(506, 19, 27, '1/2', 115, 12, 8, 1),
(507, 19, 44, '2/2', 16, 95, 8, 1),
(508, 20, 10, '1/2', 47, 62, 8, 1),
(509, 20, 44, '2/2', 60, 85, 8, 1),
(510, 21, 39, '1/2', 89, 47, 8, 1),
(511, 21, 10, '2/2', 17, 118, 8, 1),
(512, 22, 39, '1/2', 59, 96, 8, 1),
(513, 22, 39, '2/2', 110, 35, 8, 1),
(514, 23, 27, '1/2', 127, 124, 8, 1),
(515, 23, 10, '2/2', 14, 76, 8, 1),
(516, 29, 27, '1/2', 119, 109, 8, 1),
(517, 29, 34, '2/2', 117, 117, 8, 1),
(518, 31, 1, '1/2', 4, 65, 8, 1),
(519, 31, 27, '2/2', 81, 102, 8, 1),
(520, 34, 37, '1/2', 111, 126, 8, 1),
(521, 34, 4, '2/2', 98, 98, 8, 1),
(522, 35, 70, '1/2', 46, 100, 8, 1),
(523, 35, 22, '2/2', 51, 38, 8, 1),
(524, 36, 10, '1/2', 61, 77, 8, 1),
(525, 36, 62, '2/2', 87, 63, 8, 1),
(526, 37, 1, '1/2', 34, 24, 8, 1),
(527, 37, 10, '2/2', 126, 110, 8, 1),
(528, 39, 27, '1/2', 104, 43, 8, 1),
(529, 39, 34, '2/2', 109, 81, 8, 1),
(530, 40, 23, '1/2', 18, 46, 8, 1),
(531, 40, 23, '2/2', 101, 82, 8, 1),
(532, 41, 10, '1/2', 113, 123, 8, 1),
(533, 41, 76, '2/2', 57, 68, 8, 1),
(534, 1, 10, '1/2', 14, 51, 9, 1),
(535, 1, 27, '2/2', 72, 58, 9, 1),
(536, 2, 27, '1/2', 32, 57, 9, 1),
(537, 2, 24, '2/2', 19, 4, 9, 1),
(538, 4, 27, '1/2', 20, 54, 9, 1),
(539, 4, 10, '2/2', 53, 101, 9, 1),
(540, 5, 3, '1/2', 23, 33, 9, 1),
(541, 5, 27, '2/2', 91, 53, 9, 1),
(542, 6, 27, '1/2', 54, 52, 9, 1),
(543, 6, 44, '2/2', 31, 48, 9, 1),
(544, 10, 27, '1/2', 116, 56, 9, 1),
(545, 10, 44, '2/2', 60, 92, 9, 1),
(546, 13, 31, '1/2', 59, 27, 9, 1),
(547, 13, 39, '2/2', 108, 31, 9, 1),
(548, 15, 10, '1/2', 73, 35, 9, 1),
(549, 15, 27, '2/2', 106, 55, 9, 1),
(550, 16, 10, '1/2', 8, 80, 9, 1),
(551, 16, 27, '2/2', 77, 123, 9, 1),
(552, 19, 73, '1/2', 63, 18, 9, 1),
(553, 19, 72, '2/2', 46, 26, 9, 1),
(554, 20, 6, '1/2', 3, 8, 9, 1),
(555, 20, 44, '2/2', 16, 121, 9, 1),
(556, 21, 10, '1/2', 17, 47, 9, 1),
(557, 21, 44, '2/2', 33, 77, 9, 1),
(558, 29, 1, '1/2', 80, 19, 9, 1),
(559, 29, 3, '2/2', 40, 29, 9, 1),
(560, 34, 27, '1/2', 38, 16, 9, 1),
(561, 34, 4, '2/2', 98, 125, 9, 1),
(562, 39, 10, '1/2', 10, 13, 9, 1),
(563, 39, 34, '2/2', 41, 68, 9, 1),
(564, 3, 27, '1/2', 49, 56, 1, 2),
(565, 3, 24, '2/2', 37, 26, 1, 2),
(566, 4, 44, '1/2', 60, 48, 1, 2),
(567, 4, 3, '2/2', 62, 27, 1, 2),
(568, 5, 27, '1/2', 91, 52, 1, 2),
(569, 5, 27, '2/2', 125, 58, 1, 2),
(570, 15, 21, '1/2', 18, 87, 1, 2),
(571, 15, 10, '2/2', 61, 51, 1, 2),
(572, 17, 74, '1/2', 46, 18, 1, 2),
(573, 17, 74, '2/2', 78, 4, 1, 2),
(574, 20, 6, '1/2', 3, 8, 1, 2),
(575, 20, 10, '2/2', 14, 95, 1, 2),
(576, 26, 27, '1/2', 20, 55, 1, 2),
(577, 26, 27, '2/2', 32, 57, 1, 2),
(578, 29, 10, '1/2', 53, 123, 1, 2),
(579, 29, 10, '2/2', 8, 91, 1, 2),
(580, 30, 44, '1/2', 88, 10, 1, 2),
(581, 30, 10, '2/2', 66, 84, 1, 2),
(582, 33, 23, '1/2', 51, 15, 1, 2),
(583, 33, 17, '2/2', 104, 83, 1, 2),
(584, 35, 70, '1/2', 126, 108, 1, 2),
(585, 35, 70, '2/2', 107, 59, 1, 2),
(586, 37, 1, '1/2', 34, 31, 1, 2),
(587, 37, 1, '2/2', 113, 33, 1, 2),
(588, 38, 1, '1/2', 43, 29, 1, 2),
(589, 38, 1, '2/2', 124, 19, 1, 2),
(590, 39, 1, '1/2', 57, 92, 1, 2),
(591, 39, 10, '2/2', 10, 49, 1, 2),
(592, 3, 27, '1/2', 49, 58, 2, 2),
(593, 3, 24, '2/2', 37, 26, 2, 2),
(594, 4, 69, '1/2', 86, 8, 2, 2),
(595, 4, 27, '2/2', 20, 56, 2, 2),
(596, 5, 37, '1/2', 24, 19, 2, 2),
(597, 5, 31, '2/2', 23, 33, 2, 2),
(598, 6, 10, '1/2', 66, 51, 2, 2),
(599, 6, 27, '2/2', 54, 57, 2, 2),
(600, 7, 44, '1/2', 60, 48, 2, 2),
(601, 7, 44, '2/2', 16, 76, 2, 2),
(602, 8, 10, '1/2', 17, 10, 2, 2),
(603, 8, 10, '2/2', 73, 108, 2, 2),
(604, 11, 10, '1/2', 14, 92, 2, 2),
(605, 11, 26, '2/2', 63, 4, 2, 2),
(606, 12, 44, '1/2', 88, 91, 2, 2),
(607, 12, 10, '2/2', 8, 104, 2, 2),
(608, 14, 31, '1/2', 34, 31, 2, 2),
(609, 14, 37, '2/2', 52, 29, 2, 2),
(610, 15, 27, '1/2', 91, 52, 2, 2),
(611, 15, 44, '2/2', 124, 87, 2, 2),
(612, 17, 74, '1/2', 46, 18, 2, 2),
(613, 17, 70, '2/2', 78, 95, 2, 2),
(614, 18, 10, '1/2', 10, 35, 2, 2),
(615, 18, 5, '2/2', 13, 59, 2, 2),
(616, 19, 73, '1/2', 95, 61, 2, 2),
(617, 19, 73, '2/2', 122, 13, 2, 2),
(618, 20, 44, '1/2', 105, 127, 2, 2),
(619, 20, 6, '2/2', 3, 23, 2, 2),
(620, 23, 44, '1/2', 31, 85, 2, 2),
(621, 23, 27, '2/2', 32, 55, 2, 2),
(622, 24, 10, '1/2', 47, 53, 2, 2),
(623, 24, 34, '2/2', 41, 27, 2, 2),
(624, 26, 4, '1/2', 2, 70, 2, 2),
(625, 26, 10, '2/2', 61, 117, 2, 2),
(626, 27, 73, '1/2', 90, 114, 2, 2),
(627, 27, 10, '2/2', 119, 22, 2, 2),
(628, 29, 27, '1/2', 77, 54, 2, 2),
(629, 29, 10, '2/2', 53, 68, 2, 2),
(630, 30, 27, '1/2', 81, 119, 2, 2),
(631, 30, 1, '2/2', 43, 21, 2, 2),
(632, 33, 10, '1/2', 100, 37, 2, 2),
(633, 33, 10, '2/2', 118, 80, 2, 2),
(634, 35, 22, '1/2', 51, 40, 2, 2),
(635, 35, 70, '2/2', 104, 94, 2, 2),
(636, 36, 62, '1/2', 87, 125, 2, 2),
(637, 36, 10, '2/2', 109, 78, 2, 2),
(638, 37, 10, '1/2', 114, 122, 2, 2),
(639, 37, 1, '2/2', 120, 84, 2, 2),
(640, 38, 1, '1/2', 80, 126, 2, 2),
(641, 38, 1, '2/2', 115, 86, 2, 2),
(642, 39, 1, '1/2', 57, 47, 2, 2),
(643, 39, 1, '2/2', 121, 41, 2, 2),
(644, 40, 23, '1/2', 18, 96, 2, 2),
(645, 40, 17, '2/2', 108, 112, 2, 2),
(646, 2, 27, '1/2', 72, 53, 3, 2),
(647, 2, 10, '2/2', 66, 51, 3, 2),
(648, 3, 10, '1/2', 47, 27, 3, 2),
(649, 3, 44, '2/2', 31, 48, 3, 2),
(650, 4, 10, '1/2', 14, 101, 3, 2),
(651, 4, 26, '2/2', 19, 26, 3, 2),
(652, 5, 37, '1/2', 24, 33, 3, 2),
(653, 5, 27, '2/2', 49, 55, 3, 2),
(654, 6, 27, '1/2', 54, 58, 3, 2),
(655, 6, 10, '2/2', 17, 8, 3, 2),
(656, 7, 44, '1/2', 16, 63, 3, 2),
(657, 7, 3, '2/2', 41, 19, 3, 2),
(658, 8, 70, '1/2', 63, 18, 3, 2),
(659, 8, 70, '2/2', 46, 4, 3, 2),
(660, 9, 10, '1/2', 73, 80, 3, 2),
(661, 9, 5, '2/2', 5, 123, 3, 2),
(662, 11, 10, '1/2', 109, 72, 3, 2),
(663, 11, 44, '2/2', 60, 92, 3, 2),
(664, 12, 27, '1/2', 77, 52, 3, 2),
(665, 12, 37, '2/2', 52, 31, 3, 2),
(666, 13, 44, '1/2', 88, 125, 3, 2),
(667, 13, 10, '2/2', 8, 103, 3, 2),
(668, 14, 39, '1/2', 59, 29, 3, 2),
(669, 14, 3, '2/2', 70, 122, 3, 2),
(670, 15, 10, '1/2', 61, 9, 3, 2),
(671, 15, 44, '2/2', 105, 99, 3, 2),
(672, 16, 44, '1/2', 119, 124, 3, 2),
(673, 16, 75, '2/2', 92, 60, 3, 2),
(674, 17, 70, '1/2', 78, 71, 3, 2),
(675, 17, 70, '2/2', 121, 117, 3, 2),
(676, 18, 44, '1/2', 33, 76, 3, 2),
(677, 18, 10, '2/2', 117, 82, 3, 2),
(678, 19, 10, '1/2', 106, 98, 3, 2),
(679, 19, 44, '2/2', 114, 68, 3, 2),
(680, 20, 27, '1/2', 20, 54, 3, 2),
(681, 20, 6, '2/2', 3, 40, 3, 2),
(682, 21, 31, '1/2', 34, 36, 3, 2),
(683, 21, 39, '2/2', 89, 21, 3, 2),
(684, 22, 27, '1/2', 91, 56, 3, 2),
(685, 22, 31, '2/2', 108, 113, 3, 2),
(686, 23, 27, '1/2', 32, 57, 3, 2),
(687, 23, 1, '2/2', 45, 47, 3, 2),
(688, 24, 3, '1/2', 1, 75, 3, 2),
(689, 24, 27, '2/2', 122, 79, 3, 2),
(690, 25, 3, '1/2', 62, 88, 3, 2),
(691, 25, 22, '2/2', 51, 118, 3, 2),
(692, 26, 4, '1/2', 98, 93, 3, 2),
(693, 26, 10, '2/2', 10, 37, 3, 2),
(694, 27, 73, '1/2', 90, 24, 3, 2),
(695, 27, 72, '2/2', 111, 94, 3, 2),
(696, 28, 65, '1/2', 103, 111, 3, 2),
(697, 28, 65, '2/2', 100, 16, 3, 2),
(698, 29, 44, '1/2', 125, 87, 3, 2),
(699, 29, 1, '2/2', 80, 115, 3, 2),
(700, 30, 1, '1/2', 4, 39, 3, 2),
(701, 30, 27, '2/2', 81, 100, 3, 2),
(702, 31, 1, '1/2', 124, 96, 3, 2),
(703, 31, 10, '2/2', 126, 127, 3, 2),
(704, 32, 27, '1/2', 115, 81, 3, 2),
(705, 32, 76, '2/2', 57, 73, 3, 2),
(706, 33, 17, '1/2', 18, 70, 3, 2),
(707, 33, 23, '2/2', 110, 102, 3, 2),
(708, 34, 27, '1/2', 113, 104, 3, 2),
(709, 34, 27, '2/2', 102, 43, 3, 2),
(710, 36, 10, '1/2', 120, 109, 3, 2),
(711, 36, 10, '2/2', 127, 84, 3, 2),
(712, 37, 1, '1/2', 112, 69, 3, 2),
(713, 37, 34, '2/2', 116, 91, 3, 2),
(714, 38, 1, '1/2', 43, 78, 3, 2),
(715, 38, 27, '2/2', 101, 35, 3, 2),
(716, 39, 10, '1/2', 104, 12, 3, 2),
(717, 39, 1, '2/2', 118, 38, 3, 2),
(718, 41, 10, '1/2', 107, 41, 3, 2),
(719, 41, 10, '2/2', 53, 126, 3, 2),
(720, 2, 24, '1/2', 19, 26, 4, 2),
(721, 2, 44, '2/2', 33, 48, 4, 2),
(722, 3, 3, '1/2', 23, 33, 4, 2),
(723, 3, 27, '2/2', 49, 55, 4, 2),
(724, 4, 26, '1/2', 63, 4, 4, 2),
(725, 4, 26, '2/2', 112, 18, 4, 2),
(726, 6, 27, '1/2', 54, 56, 4, 2),
(727, 6, 27, '2/2', 91, 58, 4, 2),
(728, 7, 1, '1/2', 45, 19, 4, 2),
(729, 7, 3, '2/2', 62, 29, 4, 2),
(730, 8, 70, '1/2', 46, 61, 4, 2),
(731, 8, 10, '2/2', 73, 51, 4, 2),
(732, 9, 5, '1/2', 5, 109, 4, 2),
(733, 9, 5, '2/2', 114, 99, 4, 2),
(734, 11, 26, '1/2', 37, 111, 4, 2),
(735, 11, 26, '2/2', 119, 49, 4, 2),
(736, 12, 3, '1/2', 113, 27, 4, 2),
(737, 12, 27, '2/2', 20, 57, 4, 2),
(738, 13, 27, '1/2', 77, 54, 4, 2),
(739, 13, 37, '2/2', 52, 31, 4, 2),
(740, 14, 3, '1/2', 70, 106, 4, 2),
(741, 14, 27, '2/2', 72, 52, 4, 2),
(742, 16, 1, '1/2', 57, 22, 4, 2),
(743, 16, 3, '2/2', 41, 86, 4, 2),
(744, 17, 70, '1/2', 78, 123, 4, 2),
(745, 17, 70, '2/2', 100, 105, 4, 2),
(746, 18, 5, '1/2', 13, 41, 4, 2),
(747, 18, 27, '2/2', 32, 53, 4, 2),
(748, 19, 27, '1/2', 111, 127, 4, 2),
(749, 19, 73, '2/2', 95, 94, 4, 2),
(750, 20, 27, '1/2', 127, 89, 4, 2),
(751, 20, 10, '2/2', 47, 80, 4, 2),
(752, 21, 27, '1/2', 126, 46, 4, 2),
(753, 21, 27, '2/2', 110, 87, 4, 2),
(754, 22, 27, '1/2', 103, 121, 4, 2),
(755, 22, 44, '2/2', 60, 10, 4, 2),
(756, 23, 27, '1/2', 120, 92, 4, 2),
(757, 23, 31, '2/2', 34, 126, 4, 2),
(758, 24, 27, '1/2', 124, 16, 4, 2),
(759, 24, 34, '2/2', 24, 115, 4, 2),
(760, 25, 10, '1/2', 10, 102, 4, 2),
(761, 25, 22, '2/2', 51, 70, 4, 2),
(762, 26, 4, '1/2', 98, 9, 4, 2),
(763, 26, 4, '2/2', 2, 93, 4, 2),
(764, 27, 10, '1/2', 14, 103, 4, 2),
(765, 27, 72, '2/2', 101, 75, 4, 2),
(766, 29, 34, '1/2', 105, 122, 4, 2),
(767, 29, 27, '2/2', 81, 63, 4, 2),
(768, 30, 34, '1/2', 107, 100, 4, 2),
(769, 30, 3, '2/2', 43, 117, 4, 2),
(770, 31, 27, '1/2', 116, 38, 4, 2),
(771, 31, 10, '2/2', 8, 21, 4, 2),
(772, 32, 27, '1/2', 118, 62, 4, 2),
(773, 32, 27, '2/2', 125, 35, 4, 2),
(774, 33, 23, '1/2', 18, 59, 4, 2),
(775, 33, 10, '2/2', 66, 84, 4, 2),
(776, 34, 10, '1/2', 121, 73, 4, 2),
(777, 34, 10, '2/2', 104, 79, 4, 2),
(778, 36, 10, '1/2', 61, 120, 4, 2),
(779, 36, 10, '2/2', 115, 24, 4, 2),
(780, 37, 34, '1/2', 117, 104, 4, 2),
(781, 37, 27, '2/2', 38, 97, 4, 2),
(782, 38, 1, '1/2', 102, 78, 4, 2),
(783, 38, 27, '2/2', 106, 110, 4, 2),
(784, 39, 10, '1/2', 109, 118, 4, 2),
(785, 39, 27, '2/2', 123, 37, 4, 2),
(786, 41, 44, '1/2', 31, 64, 4, 2),
(787, 41, 77, '2/2', 71, 112, 4, 2),
(788, 2, 44, '1/2', 16, 48, 5, 2),
(789, 2, 44, '2/2', 33, 65, 5, 2),
(790, 3, 10, '1/2', 53, 51, 5, 2),
(791, 3, 24, '2/2', 37, 18, 5, 2),
(792, 4, 26, '1/2', 63, 26, 5, 2),
(793, 4, 27, '2/2', 20, 57, 5, 2),
(794, 7, 27, '1/2', 77, 55, 5, 2),
(795, 7, 27, '2/2', 116, 53, 5, 2),
(796, 8, 70, '1/2', 46, 4, 5, 2),
(797, 8, 27, '2/2', 81, 52, 5, 2),
(798, 9, 27, '1/2', 32, 56, 5, 2),
(799, 9, 10, '2/2', 73, 49, 5, 2),
(800, 11, 27, '1/2', 72, 54, 5, 2),
(801, 11, 10, '2/2', 14, 96, 5, 2),
(802, 12, 31, '1/2', 34, 27, 5, 2),
(803, 12, 27, '2/2', 54, 58, 5, 2),
(804, 13, 27, '1/2', 108, 62, 5, 2),
(805, 13, 39, '2/2', 59, 33, 5, 2),
(806, 14, 37, '1/2', 52, 19, 5, 2),
(807, 14, 10, '2/2', 47, 101, 5, 2),
(808, 16, 3, '1/2', 70, 31, 5, 2),
(809, 16, 75, '2/2', 92, 29, 5, 2),
(810, 17, 70, '1/2', 78, 120, 5, 2),
(811, 17, 74, '2/2', 111, 91, 5, 2),
(812, 18, 5, '1/2', 13, 105, 5, 2),
(813, 18, 27, '2/2', 49, 39, 5, 2),
(814, 19, 27, '1/2', 118, 47, 5, 2),
(815, 19, 72, '2/2', 126, 86, 5, 2),
(816, 21, 10, '1/2', 17, 69, 5, 2),
(817, 21, 3, '2/2', 40, 63, 5, 2),
(818, 22, 3, '1/2', 103, 23, 5, 2),
(819, 22, 34, '2/2', 76, 92, 5, 2),
(820, 23, 34, '1/2', 24, 126, 5, 2),
(821, 23, 27, '2/2', 105, 78, 5, 2),
(822, 24, 34, '1/2', 41, 115, 5, 2),
(823, 24, 44, '2/2', 123, 116, 5, 2),
(824, 25, 22, '1/2', 51, 43, 5, 2),
(825, 25, 10, '2/2', 10, 72, 5, 2),
(826, 26, 27, '1/2', 91, 35, 5, 2),
(827, 26, 10, '2/2', 109, 108, 5, 2),
(828, 27, 44, '1/2', 88, 83, 5, 2),
(829, 27, 72, '2/2', 115, 85, 5, 2),
(830, 29, 27, '1/2', 38, 24, 5, 2),
(831, 29, 10, '2/2', 8, 80, 5, 2),
(832, 30, 34, '1/2', 120, 82, 5, 2),
(833, 30, 1, '2/2', 4, 8, 5, 2),
(834, 31, 10, '1/2', 66, 95, 5, 2),
(835, 31, 1, '2/2', 125, 111, 5, 2),
(836, 32, 77, '1/2', 71, 41, 5, 2),
(837, 32, 77, '2/2', 102, 68, 5, 2),
(838, 33, 23, '1/2', 18, 90, 5, 2),
(839, 33, 27, '2/2', 110, 123, 5, 2),
(840, 34, 4, '1/2', 98, 22, 5, 2),
(841, 34, 10, '2/2', 101, 113, 5, 2),
(842, 36, 10, '1/2', 61, 79, 5, 2),
(843, 36, 59, '2/2', 90, 81, 5, 2),
(844, 37, 27, '1/2', 100, 84, 5, 2),
(845, 37, 1, '2/2', 124, 59, 5, 2),
(846, 38, 1, '1/2', 43, 88, 5, 2),
(847, 38, 1, '2/2', 117, 112, 5, 2),
(848, 39, 1, '1/2', 57, 38, 5, 2),
(849, 39, 27, '2/2', 107, 125, 5, 2),
(850, 41, 3, '1/2', 1, 103, 5, 2),
(851, 41, 27, '2/2', 127, 94, 5, 2),
(852, 7, 27, '1/2', 77, 52, 6, 2),
(853, 7, 27, '2/2', 20, 57, 6, 2),
(854, 8, 27, '1/2', 81, 55, 6, 2),
(855, 8, 27, '2/2', 38, 54, 6, 2),
(856, 9, 5, '1/2', 5, 26, 6, 2),
(857, 9, 5, '2/2', 127, 4, 6, 2),
(858, 11, 27, '1/2', 49, 53, 6, 2),
(859, 11, 27, '2/2', 72, 58, 6, 2),
(860, 12, 27, '1/2', 108, 56, 6, 2),
(861, 12, 39, '2/2', 59, 31, 6, 2),
(862, 13, 44, '1/2', 31, 48, 6, 2),
(863, 13, 3, '2/2', 70, 29, 6, 2),
(864, 14, 27, '1/2', 54, 70, 6, 2),
(865, 14, 31, '2/2', 34, 19, 6, 2),
(866, 16, 27, '1/2', 124, 39, 6, 2),
(867, 16, 3, '2/2', 41, 33, 6, 2),
(868, 17, 70, '1/2', 63, 18, 6, 2),
(869, 17, 70, '2/2', 46, 104, 6, 2),
(870, 18, 5, '1/2', 2, 9, 6, 2),
(871, 18, 10, '2/2', 17, 51, 6, 2),
(872, 19, 72, '1/2', 103, 16, 6, 2),
(873, 19, 72, '2/2', 106, 117, 6, 2),
(874, 21, 44, '1/2', 33, 64, 6, 2),
(875, 21, 34, '2/2', 76, 27, 6, 2),
(876, 22, 1, '1/2', 45, 78, 6, 2),
(877, 22, 3, '2/2', 40, 94, 6, 2),
(878, 23, 10, '1/2', 14, 36, 6, 2),
(879, 23, 44, '2/2', 16, 22, 6, 2),
(880, 24, 44, '1/2', 126, 105, 6, 2),
(881, 24, 44, '2/2', 113, 80, 6, 2),
(882, 25, 21, '1/2', 51, 112, 6, 2),
(883, 25, 21, '2/2', 18, 107, 6, 2),
(884, 26, 27, '1/2', 32, 83, 6, 2),
(885, 26, 4, '2/2', 13, 72, 6, 2),
(886, 27, 27, '1/2', 120, 122, 6, 2),
(887, 27, 44, '2/2', 88, 106, 6, 2),
(888, 30, 27, '1/2', 123, 40, 6, 2),
(889, 30, 27, '2/2', 121, 87, 6, 2),
(890, 31, 27, '1/2', 119, 119, 6, 2),
(891, 31, 1, '2/2', 4, 86, 6, 2),
(892, 32, 10, '1/2', 8, 69, 6, 2),
(893, 32, 3, '2/2', 1, 103, 6, 2),
(894, 33, 27, '1/2', 101, 81, 6, 2),
(895, 33, 23, '2/2', 115, 115, 6, 2),
(896, 34, 27, '1/2', 116, 8, 6, 2),
(897, 34, 10, '2/2', 73, 13, 6, 2),
(898, 36, 62, '1/2', 87, 43, 6, 2),
(899, 36, 59, '2/2', 90, 62, 6, 2),
(900, 37, 1, '1/2', 57, 89, 6, 2),
(901, 37, 44, '2/2', 60, 10, 6, 2),
(902, 38, 10, '1/2', 61, 95, 6, 2),
(903, 38, 34, '2/2', 100, 99, 6, 2),
(904, 39, 1, '1/2', 43, 92, 6, 2),
(905, 39, 1, '2/2', 114, 85, 6, 2),
(906, 41, 76, '1/2', 122, 35, 6, 2),
(907, 41, 77, '2/2', 71, 59, 6, 2),
(908, 8, 27, '1/2', 81, 57, 7, 2),
(909, 8, 27, '2/2', 117, 56, 7, 2),
(910, 9, 5, '1/2', 5, 18, 7, 2),
(911, 9, 5, '2/2', 103, 26, 7, 2),
(912, 11, 26, '1/2', 37, 4, 7, 2),
(913, 11, 27, '2/2', 49, 54, 7, 2),
(914, 12, 10, '1/2', 8, 51, 7, 2),
(915, 12, 27, '2/2', 77, 53, 7, 2),
(916, 13, 3, '1/2', 62, 29, 7, 2),
(917, 13, 27, '2/2', 20, 58, 7, 2),
(918, 14, 27, '1/2', 72, 55, 7, 2),
(919, 14, 27, '2/2', 54, 52, 7, 2),
(920, 16, 3, '1/2', 70, 19, 7, 2),
(921, 16, 34, '2/2', 41, 27, 7, 2),
(922, 17, 70, '1/2', 46, 9, 7, 2),
(923, 17, 70, '2/2', 63, 106, 7, 2),
(924, 19, 44, '1/2', 33, 48, 7, 2),
(925, 19, 27, '2/2', 32, 33, 7, 2),
(926, 21, 27, '1/2', 100, 105, 7, 2),
(927, 21, 44, '2/2', 113, 102, 7, 2),
(928, 22, 44, '1/2', 88, 46, 7, 2),
(929, 22, 39, '2/2', 89, 31, 7, 2),
(930, 23, 34, '1/2', 24, 85, 7, 2),
(931, 23, 39, '2/2', 59, 113, 7, 2),
(932, 24, 27, '1/2', 121, 24, 7, 2),
(933, 24, 10, '2/2', 14, 39, 7, 2),
(934, 25, 21, '1/2', 51, 35, 7, 2),
(935, 25, 27, '2/2', 111, 64, 7, 2),
(936, 27, 10, '1/2', 47, 104, 7, 2),
(937, 27, 10, '2/2', 109, 74, 7, 2),
(938, 30, 27, '1/2', 127, 78, 7, 2),
(939, 30, 27, '2/2', 112, 126, 7, 2),
(940, 31, 10, '1/2', 10, 87, 7, 2),
(941, 31, 27, '2/2', 114, 13, 7, 2),
(942, 32, 10, '1/2', 105, 36, 7, 2),
(943, 32, 27, '2/2', 126, 71, 7, 2),
(944, 33, 27, '1/2', 107, 67, 7, 2),
(945, 33, 10, '2/2', 66, 40, 7, 2),
(946, 34, 10, '1/2', 73, 89, 7, 2),
(947, 34, 10, '2/2', 115, 108, 7, 2),
(948, 37, 1, '1/2', 34, 110, 7, 2),
(949, 37, 1, '2/2', 124, 117, 7, 2),
(950, 38, 27, '1/2', 91, 112, 7, 2),
(951, 38, 1, '2/2', 43, 62, 7, 2),
(952, 39, 1, '1/2', 57, 114, 7, 2),
(953, 39, 1, '2/2', 80, 59, 7, 2),
(954, 41, 76, '1/2', 106, 100, 7, 2),
(955, 41, 10, '2/2', 61, 101, 7, 2),
(956, 8, 27, '1/2', 81, 55, 8, 2),
(957, 8, 70, '2/2', 46, 18, 8, 2),
(958, 9, 5, '1/2', 5, 4, 8, 2),
(959, 9, 27, '2/2', 32, 53, 8, 2),
(960, 11, 27, '1/2', 72, 56, 8, 2),
(961, 11, 10, '2/2', 14, 51, 8, 2),
(962, 13, 37, '1/2', 52, 27, 8, 2),
(963, 13, 27, '2/2', 54, 58, 8, 2),
(964, 14, 44, '1/2', 88, 48, 8, 2),
(965, 14, 27, '2/2', 111, 57, 8, 2),
(966, 16, 27, '1/2', 77, 54, 8, 2),
(967, 16, 44, '2/2', 16, 94, 8, 2),
(968, 19, 72, '1/2', 125, 26, 8, 2),
(969, 19, 27, '2/2', 109, 52, 8, 2),
(970, 21, 31, '1/2', 59, 33, 8, 2),
(971, 21, 34, '2/2', 76, 31, 8, 2),
(972, 23, 31, '1/2', 34, 19, 8, 2),
(973, 23, 34, '2/2', 24, 29, 8, 2),
(974, 25, 21, '1/2', 18, 62, 8, 2),
(975, 25, 27, '2/2', 49, 102, 8, 2),
(976, 27, 73, '1/2', 63, 83, 8, 2),
(977, 27, 73, '2/2', 90, 47, 8, 2),
(978, 32, 76, '1/2', 57, 85, 8, 2),
(979, 32, 27, '2/2', 20, 124, 8, 2),
(980, 41, 76, '1/2', 110, 70, 8, 2),
(981, 41, 76, '2/2', 113, 77, 8, 2),
(982, 8, 10, '1/2', 17, 51, 9, 2),
(983, 8, 70, '2/2', 46, 4, 9, 2),
(984, 13, 37, '1/2', 52, 33, 9, 2),
(985, 13, 27, '2/2', 20, 53, 9, 2),
(986, 14, 44, '1/2', 33, 48, 9, 2),
(987, 14, 10, '2/2', 47, 125, 9, 2),
(988, 25, 44, '1/2', 88, 104, 9, 2),
(989, 25, 27, '2/2', 49, 52, 9, 2),
(990, 27, 27, '1/2', 32, 54, 9, 2),
(991, 27, 27, '2/2', 54, 57, 9, 2),
(992, 1, 10, '1/2', 8, 51, 1, 3),
(993, 1, 24, '2/2', 37, 18, 1, 3),
(994, 12, 44, '1/2', 33, 48, 1, 3),
(995, 12, 37, '2/2', 52, 29, 1, 3),
(996, 19, 10, '1/2', 47, 64, 1, 3),
(997, 19, 27, '2/2', 32, 54, 1, 3),
(998, 22, 39, '1/2', 89, 31, 1, 3),
(999, 22, 27, '2/2', 91, 55, 1, 3),
(1000, 38, 10, '1/2', 61, 93, 1, 3),
(1001, 38, 3, '2/2', 43, 33, 1, 3),
(1002, 12, 10, '1/2', 10, 51, 2, 3),
(1003, 12, 1, '2/2', 45, 33, 2, 3),
(1004, 16, 27, '1/2', 77, 52, 2, 3),
(1005, 16, 44, '2/2', 16, 48, 2, 3),
(1006, 22, 27, '1/2', 20, 53, 2, 3),
(1007, 22, 34, '2/2', 76, 31, 2, 3),
(1008, 23, 39, '1/2', 24, 27, 2, 3),
(1009, 23, 34, '2/2', 41, 19, 2, 3),
(1010, 24, 1, '1/2', 34, 29, 2, 3),
(1011, 24, 10, '2/2', 14, 49, 2, 3),
(1012, 27, 72, '1/2', 46, 18, 2, 3),
(1013, 27, 73, '2/2', 63, 4, 2, 3),
(1014, 33, 10, '1/2', 61, 68, 2, 3),
(1015, 33, 27, '2/2', 54, 57, 2, 3),
(1016, 38, 1, '1/2', 43, 73, 2, 3),
(1017, 38, 1, '2/2', 108, 111, 2, 3),
(1018, 41, 77, '1/2', 71, 118, 2, 3),
(1019, 41, 76, '2/2', 57, 103, 2, 3),
(1020, 9, 5, '1/2', 5, 18, 3, 3),
(1021, 9, 27, '2/2', 32, 56, 3, 3),
(1022, 12, 39, '1/2', 59, 19, 3, 3),
(1023, 12, 10, '2/2', 8, 51, 3, 3),
(1024, 21, 39, '1/2', 89, 33, 3, 3),
(1025, 21, 27, '2/2', 72, 54, 3, 3),
(1026, 22, 3, '1/2', 40, 31, 3, 3),
(1027, 22, 27, '2/2', 91, 58, 3, 3),
(1028, 23, 3, '1/2', 23, 29, 3, 3),
(1029, 23, 3, '2/2', 117, 27, 3, 3),
(1030, 24, 27, '1/2', 54, 53, 3, 3),
(1031, 24, 27, '2/2', 38, 57, 3, 3),
(1032, 25, 44, '1/2', 88, 48, 3, 3),
(1033, 25, 22, '2/2', 18, 4, 3, 3),
(1034, 27, 72, '1/2', 46, 26, 3, 3),
(1035, 27, 73, '2/2', 63, 99, 3, 3),
(1036, 37, 27, '1/2', 20, 55, 3, 3),
(1037, 37, 1, '2/2', 34, 36, 3, 3),
(1038, 38, 44, '1/2', 33, 23, 3, 3),
(1039, 38, 1, '2/2', 43, 60, 3, 3),
(1040, 41, 77, '1/2', 71, 66, 3, 3),
(1041, 41, 77, '2/2', 105, 91, 3, 3),
(1042, 23, 3, '1/2', 23, 33, 4, 3),
(1043, 23, 3, '2/2', 43, 27, 4, 3),
(1044, 27, 72, '1/2', 46, 4, 4, 3),
(1045, 27, 73, '2/2', 90, 26, 4, 3),
(1046, 37, 44, '1/2', 60, 48, 4, 3),
(1047, 37, 27, '2/2', 20, 57, 4, 3),
(1048, 41, 77, '1/2', 71, 31, 4, 3),
(1049, 41, 3, '2/2', 4, 29, 4, 3),
(1050, 37, 10, '1/2', 14, 51, 5, 3),
(1051, 37, 27, '2/2', 77, 54, 5, 3),
(1052, 41, 11, '1/1', 65, 115, 4, 1),
(1053, 37, 29, '1/1', 74, 43, 6, 1),
(1054, 39, 13, '1/1', 15, 72, 6, 1),
(1055, 41, 9, '1/1', 29, 125, 6, 1),
(1056, 39, 40, '1/1', 99, 71, 7, 1),
(1057, 41, 30, '1/1', 65, 110, 7, 1),
(1058, 35, 12, '1/1', 123, 50, 3, 2),
(1059, 40, 40, '1/1', 99, 22, 3, 2),
(1060, 5, 29, '1/1', 58, 43, 4, 2),
(1061, 15, 40, '1/1', 83, 23, 4, 2),
(1062, 28, 44, '1/1', 88, 42, 4, 2),
(1063, 35, 44, '1/1', 122, 45, 4, 2),
(1064, 40, 40, '1/1', 99, 107, 4, 2),
(1065, 5, 11, '1/1', 23, 87, 5, 2),
(1066, 6, 29, '1/1', 22, 46, 5, 2),
(1067, 15, 55, '1/1', 67, 25, 5, 2),
(1068, 20, 9, '1/1', 29, 40, 5, 2),
(1069, 28, 53, '1/1', 113, 6, 5, 2),
(1070, 35, 9, '1/1', 48, 102, 5, 2),
(1071, 40, 30, '1/1', 58, 16, 5, 2),
(1072, 2, 9, '1/1', 36, 38, 6, 2),
(1073, 3, 40, '1/1', 82, 23, 6, 2),
(1074, 4, 13, '1/1', 35, 66, 6, 2),
(1075, 5, 33, '1/1', 23, 28, 6, 2),
(1076, 6, 61, '1/1', 109, 124, 6, 2),
(1077, 15, 9, '1/1', 28, 41, 6, 2),
(1078, 20, 54, '1/1', 67, 25, 6, 2),
(1079, 28, 11, '1/1', 10, 61, 6, 2),
(1080, 29, 29, '1/1', 74, 46, 6, 2),
(1081, 35, 30, '1/1', 58, 74, 6, 2),
(1082, 40, 27, '1/1', 105, 82, 6, 2),
(1083, 2, 32, '1/1', 23, 121, 7, 2),
(1084, 3, 50, '1/1', 120, 111, 7, 2),
(1085, 4, 16, '1/1', 12, 66, 7, 2),
(1086, 5, 85, '1/1', 75, 68, 7, 2),
(1087, 6, 11, '1/1', 22, 95, 7, 2),
(1088, 7, 32, '1/1', 116, 47, 7, 2),
(1089, 15, 83, '1/1', 39, 76, 7, 2),
(1090, 18, 29, '1/1', 74, 43, 7, 2),
(1091, 20, 60, '1/1', 87, 120, 7, 2),
(1092, 26, 45, '1/1', 30, 99, 7, 2),
(1093, 28, 9, '1/1', 29, 38, 7, 2),
(1094, 29, 30, '1/1', 101, 119, 7, 2),
(1095, 35, 13, '1/1', 125, 10, 7, 2),
(1096, 36, 44, '1/1', 31, 45, 7, 2),
(1097, 40, 57, '1/1', 122, 98, 7, 2),
(1098, 3, 16, '1/1', 12, 119, 8, 2),
(1099, 4, 32, '1/1', 87, 122, 8, 2),
(1100, 5, 45, '1/1', 58, 114, 8, 2),
(1101, 6, 20, '1/1', 119, 98, 8, 2),
(1102, 7, 50, '1/1', 62, 110, 8, 2),
(1103, 17, 40, '1/1', 79, 23, 8, 2),
(1104, 18, 45, '1/1', 30, 108, 8, 2),
(1105, 29, 13, '1/1', 9, 9, 8, 2),
(1106, 30, 12, '1/1', 66, 14, 8, 2),
(1107, 34, 29, '1/1', 74, 43, 8, 2),
(1108, 36, 30, '1/1', 22, 72, 8, 2),
(1109, 39, 11, '1/1', 43, 100, 8, 2),
(1110, 40, 27, '1/1', 121, 64, 8, 2),
(1111, 3, 29, '1/1', 58, 46, 9, 2),
(1112, 4, 43, '1/1', 27, 26, 9, 2),
(1113, 11, 25, '1/1', 69, 13, 9, 2),
(1114, 29, 14, '1/1', 11, 15, 9, 2),
(1115, 34, 9, '1/1', 29, 39, 9, 2),
(1116, 36, 27, '1/1', 81, 58, 9, 2),
(1117, 40, 29, '1/1', 65, 43, 9, 2),
(1118, 2, 14, '1/1', 84, 15, 1, 3),
(1119, 3, 29, '1/1', 58, 43, 1, 3),
(1120, 6, 29, '1/1', 22, 46, 1, 3),
(1121, 7, 48, '1/1', 62, 118, 1, 3),
(1122, 10, 29, '1/1', 65, 103, 1, 3),
(1123, 20, 29, '1/1', 74, 120, 1, 3),
(1124, 30, 36, '1/1', 24, 98, 1, 3),
(1125, 35, 52, '1/1', 67, 26, 1, 3),
(1126, 40, 9, '1/1', 48, 41, 1, 3),
(1127, 1, 13, '1/1', 9, 9, 2, 3),
(1128, 2, 13, '1/1', 35, 10, 2, 3),
(1129, 3, 32, '1/1', 23, 91, 2, 3),
(1130, 5, 28, '1/1', 97, 15, 2, 3),
(1131, 6, 60, '1/1', 87, 72, 2, 3),
(1132, 7, 11, '1/1', 39, 101, 2, 3),
(1133, 10, 51, '1/1', 17, 11, 2, 3),
(1134, 14, 13, '1/1', 15, 95, 2, 3),
(1135, 15, 13, '1/1', 116, 46, 2, 3),
(1136, 19, 41, '1/1', 67, 25, 2, 3),
(1137, 20, 12, '1/1', 47, 14, 2, 3),
(1138, 26, 11, '1/1', 73, 112, 2, 3),
(1139, 29, 12, '1/1', 8, 17, 2, 3),
(1140, 30, 14, '1/1', 84, 8, 2, 3),
(1141, 31, 11, '1/1', 81, 93, 2, 3),
(1142, 32, 25, '1/1', 75, 13, 2, 3),
(1143, 34, 12, '1/1', 127, 50, 2, 3),
(1144, 35, 8, '1/1', 6, 66, 2, 3),
(1145, 36, 54, '1/1', 90, 26, 2, 3),
(1146, 39, 13, '1/1', 102, 40, 2, 3),
(1147, 40, 11, '1/1', 51, 74, 2, 3),
(1148, 1, 9, '1/1', 29, 38, 3, 3),
(1149, 2, 9, '1/1', 36, 41, 3, 3),
(1150, 3, 14, '1/1', 11, 15, 3, 3),
(1151, 4, 9, '1/1', 103, 39, 3, 3),
(1152, 5, 9, '1/1', 7, 40, 3, 3),
(1153, 6, 32, '1/1', 87, 106, 3, 3),
(1154, 7, 83, '1/1', 39, 92, 3, 3),
(1155, 8, 25, '1/1', 69, 13, 3, 3),
(1156, 10, 42, '1/1', 67, 83, 3, 3),
(1157, 11, 11, '1/1', 74, 69, 3, 3),
(1158, 13, 28, '1/1', 21, 117, 3, 3),
(1159, 14, 38, '1/1', 52, 113, 3, 3),
(1160, 15, 40, '1/1', 83, 24, 3, 3),
(1161, 16, 84, '1/1', 92, 47, 3, 3),
(1162, 18, 13, '1/1', 115, 9, 3, 3),
(1163, 19, 29, '1/1', 58, 46, 3, 3),
(1164, 20, 9, '1/1', 119, 16, 3, 3),
(1165, 26, 9, '1/1', 48, 78, 3, 3),
(1166, 28, 54, '1/1', 90, 25, 3, 3),
(1167, 29, 36, '1/1', 24, 37, 3, 3),
(1168, 30, 14, '1/1', 84, 116, 3, 3),
(1169, 31, 2, '1/1', 4, 20, 3, 3),
(1170, 32, 30, '1/1', 120, 126, 3, 3),
(1171, 33, 9, '1/1', 106, 109, 3, 3),
(1172, 34, 13, '1/1', 101, 10, 3, 3),
(1173, 35, 27, '1/1', 49, 52, 3, 3),
(1174, 36, 29, '1/1', 22, 43, 3, 3),
(1175, 39, 30, '1/1', 107, 95, 3, 3),
(1176, 40, 56, '1/1', 51, 115, 3, 3),
(1177, 1, 25, '1/1', 75, 13, 4, 3),
(1178, 2, 29, '1/1', 65, 43, 4, 3),
(1179, 3, 83, '1/1', 39, 59, 4, 3),
(1180, 4, 29, '1/1', 74, 46, 4, 3),
(1181, 5, 83, '1/1', 103, 99, 4, 3),
(1182, 6, 40, '1/1', 83, 24, 4, 3),
(1183, 7, 28, '1/1', 97, 15, 4, 3),
(1184, 8, 16, '1/1', 12, 66, 4, 3),
(1185, 9, 9, '1/1', 48, 39, 4, 3),
(1186, 10, 25, '1/1', 107, 8, 4, 3),
(1187, 11, 43, '1/1', 27, 6, 4, 3),
(1188, 12, 13, '1/1', 35, 9, 4, 3),
(1189, 13, 28, '1/1', 21, 94, 4, 3),
(1190, 14, 11, '1/1', 30, 115, 4, 3),
(1191, 15, 9, '1/1', 28, 40, 4, 3),
(1192, 16, 48, '1/1', 34, 126, 4, 3),
(1193, 18, 40, '1/1', 85, 23, 4, 3),
(1194, 19, 29, '1/1', 58, 16, 4, 3),
(1195, 20, 15, '1/1', 110, 111, 4, 3),
(1196, 21, 71, '1/1', 89, 19, 4, 3),
(1197, 22, 14, '1/1', 11, 74, 4, 3),
(1198, 24, 12, '1/1', 47, 14, 4, 3),
(1199, 25, 11, '1/1', 10, 119, 4, 3),
(1200, 26, 30, '1/1', 88, 68, 4, 3),
(1201, 28, 12, '1/1', 61, 50, 4, 3),
(1202, 29, 14, '1/1', 108, 93, 4, 3),
(1203, 30, 13, '1/1', 116, 10, 4, 3),
(1204, 31, 29, '1/1', 22, 117, 4, 3),
(1205, 32, 78, '1/1', 57, 127, 4, 3),
(1206, 33, 14, '1/1', 106, 91, 4, 3),
(1207, 34, 30, '1/1', 115, 12, 4, 3),
(1208, 35, 10, '1/1', 14, 51, 4, 3),
(1209, 36, 27, '1/1', 81, 54, 4, 3),
(1210, 38, 30, '1/1', 113, 124, 4, 3),
(1211, 39, 36, '1/1', 41, 96, 4, 3),
(1212, 40, 56, '1/1', 51, 105, 4, 3),
(1213, 1, 40, '1/1', 50, 35, 5, 3),
(1214, 2, 14, '1/1', 84, 15, 5, 3),
(1215, 3, 42, '1/1', 67, 104, 5, 3),
(1216, 4, 9, '1/1', 29, 41, 5, 3),
(1217, 5, 38, '1/1', 24, 71, 5, 3),
(1218, 6, 14, '1/1', 11, 33, 5, 3),
(1219, 7, 13, '1/1', 9, 10, 5, 3),
(1220, 8, 41, '1/1', 27, 25, 5, 3),
(1221, 9, 13, '1/1', 15, 9, 5, 3),
(1222, 10, 16, '1/1', 12, 65, 5, 3),
(1223, 11, 60, '1/1', 37, 94, 5, 3),
(1224, 12, 46, '1/1', 65, 46, 5, 3),
(1225, 13, 13, '1/1', 35, 75, 5, 3),
(1226, 14, 16, '1/1', 114, 69, 5, 3),
(1227, 15, 60, '1/1', 87, 125, 5, 3),
(1228, 16, 11, '1/1', 48, 117, 5, 3),
(1229, 18, 45, '1/1', 30, 81, 5, 3),
(1230, 19, 11, '1/1', 74, 64, 5, 3),
(1231, 20, 40, '1/1', 83, 22, 5, 3),
(1232, 21, 36, '1/1', 76, 96, 5, 3),
(1233, 22, 12, '1/1', 17, 50, 5, 3),
(1234, 23, 12, '1/1', 61, 17, 5, 3),
(1235, 24, 2, '1/1', 34, 20, 5, 3),
(1236, 25, 19, '1/1', 18, 108, 5, 3),
(1237, 26, 45, '1/1', 58, 83, 5, 3),
(1238, 27, 11, '1/1', 33, 63, 5, 3),
(1239, 28, 45, '1/1', 107, 115, 5, 3),
(1240, 29, 2, '1/1', 80, 27, 5, 3),
(1241, 30, 2, '1/1', 4, 28, 5, 3),
(1242, 31, 2, '1/1', 119, 32, 5, 3),
(1243, 32, 25, '1/1', 75, 13, 5, 3),
(1244, 33, 56, '1/1', 51, 86, 5, 3),
(1245, 34, 82, '1/1', 98, 84, 5, 3),
(1246, 35, 9, '1/1', 108, 39, 5, 3),
(1247, 36, 13, '1/1', 111, 4, 5, 3),
(1248, 38, 29, '1/1', 22, 43, 5, 3),
(1249, 39, 40, '1/1', 99, 21, 5, 3),
(1250, 40, 40, '1/1', 117, 24, 5, 3),
(1251, 41, 78, '1/1', 57, 60, 5, 3),
(1252, 1, 85, '1/1', 75, 101, 6, 3),
(1253, 2, 40, '1/1', 44, 24, 6, 3),
(1254, 3, 14, '1/1', 11, 15, 6, 3),
(1255, 4, 64, '1/1', 87, 8, 6, 3),
(1256, 5, 16, '1/1', 12, 37, 6, 3),
(1257, 6, 83, '1/1', 39, 77, 6, 3),
(1258, 7, 36, '1/1', 41, 49, 6, 3),
(1259, 8, 52, '1/1', 67, 1, 6, 3),
(1260, 9, 16, '1/1', 113, 85, 6, 3),
(1261, 10, 11, '1/1', 65, 84, 6, 3),
(1262, 11, 46, '1/1', 74, 46, 6, 3),
(1263, 12, 71, '1/1', 59, 28, 6, 3),
(1264, 13, 45, '1/1', 64, 59, 6, 3),
(1265, 14, 9, '1/1', 36, 41, 6, 3),
(1266, 15, 16, '1/1', 114, 76, 6, 3),
(1267, 16, 2, '1/1', 57, 30, 6, 3),
(1268, 18, 28, '1/1', 21, 53, 6, 3),
(1269, 19, 46, '1/1', 58, 43, 6, 3),
(1270, 20, 40, '1/1', 83, 35, 6, 3),
(1271, 21, 2, '1/1', 34, 32, 6, 3),
(1272, 22, 2, '1/1', 110, 20, 6, 3),
(1273, 23, 14, '1/1', 106, 52, 6, 3),
(1274, 24, 49, '1/1', 109, 81, 6, 3),
(1275, 25, 15, '1/1', 30, 83, 6, 3),
(1276, 26, 40, '1/1', 99, 21, 6, 3),
(1277, 27, 28, '1/1', 102, 72, 6, 3),
(1278, 28, 30, '1/1', 88, 88, 6, 3),
(1279, 29, 36, '1/1', 24, 113, 6, 3),
(1280, 30, 25, '1/1', 69, 13, 6, 3),
(1281, 31, 25, '1/1', 124, 69, 6, 3),
(1282, 32, 79, '1/1', 71, 19, 6, 3),
(1283, 33, 12, '1/1', 66, 5, 6, 3),
(1284, 34, 11, '1/1', 77, 93, 6, 3),
(1285, 35, 9, '1/1', 48, 39, 6, 3),
(1286, 36, 67, '1/1', 90, 25, 6, 3),
(1287, 37, 2, '1/1', 122, 29, 6, 3),
(1288, 38, 11, '1/1', 61, 127, 6, 3),
(1289, 39, 2, '1/1', 43, 33, 6, 3),
(1290, 40, 14, '1/1', 101, 121, 6, 3),
(1291, 41, 13, '1/1', 115, 9, 6, 3),
(1292, 1, 83, '1/1', 39, 112, 7, 3),
(1293, 2, 11, '1/1', 72, 104, 7, 3),
(1294, 3, 40, '1/1', 82, 22, 7, 3),
(1295, 4, 50, '1/1', 62, 84, 7, 3),
(1296, 5, 13, '1/1', 15, 9, 7, 3),
(1297, 6, 25, '1/1', 69, 13, 7, 3),
(1298, 7, 2, '1/1', 43, 27, 7, 3),
(1299, 8, 13, '1/1', 9, 10, 7, 3),
(1300, 9, 25, '1/1', 117, 69, 7, 3),
(1301, 10, 25, '1/1', 75, 52, 7, 3),
(1302, 11, 43, '1/1', 27, 4, 7, 3),
(1303, 12, 45, '1/1', 64, 83, 7, 3),
(1304, 13, 16, '1/1', 12, 102, 7, 3),
(1305, 14, 28, '1/1', 21, 15, 7, 3),
(1306, 15, 13, '1/1', 35, 92, 7, 3),
(1307, 16, 40, '1/1', 83, 23, 7, 3),
(1308, 18, 46, '1/1', 74, 46, 7, 3),
(1309, 19, 13, '1/1', 106, 33, 7, 3),
(1310, 20, 63, '1/1', 87, 7, 7, 3),
(1311, 21, 12, '1/1', 17, 17, 7, 3),
(1312, 22, 40, '1/1', 79, 24, 7, 3),
(1313, 23, 15, '1/1', 124, 12, 7, 3),
(1314, 24, 40, '1/1', 50, 35, 7, 3),
(1315, 25, 60, '1/1', 37, 49, 7, 3),
(1316, 26, 29, '1/1', 58, 43, 7, 3),
(1317, 27, 28, '1/1', 113, 98, 7, 3),
(1318, 28, 54, '1/1', 67, 25, 7, 3),
(1319, 29, 9, '1/1', 28, 40, 7, 3),
(1320, 30, 11, '1/1', 33, 101, 7, 3),
(1321, 31, 12, '1/1', 66, 50, 7, 3),
(1322, 32, 11, '1/1', 88, 89, 7, 3),
(1323, 33, 57, '1/1', 51, 64, 7, 3),
(1324, 34, 35, '1/1', 24, 110, 7, 3),
(1325, 35, 29, '1/1', 22, 19, 7, 3),
(1326, 36, 9, '1/1', 36, 38, 7, 3),
(1327, 37, 2, '1/1', 34, 31, 7, 3),
(1328, 38, 40, '1/1', 103, 21, 7, 3),
(1329, 39, 29, '1/1', 121, 125, 7, 3),
(1330, 40, 9, '1/1', 48, 39, 7, 3),
(1331, 41, 9, '1/1', 29, 41, 7, 3),
(1332, 2, 13, '1/1', 35, 10, 8, 3),
(1333, 3, 85, '1/1', 75, 122, 8, 3),
(1334, 5, 48, '1/1', 62, 107, 8, 3),
(1335, 6, 50, '1/1', 127, 116, 8, 3),
(1336, 8, 14, '1/1', 84, 15, 8, 3),
(1337, 9, 83, '1/1', 39, 94, 8, 3),
(1338, 10, 29, '1/1', 65, 46, 8, 3),
(1339, 11, 25, '1/1', 69, 13, 8, 3),
(1340, 12, 40, '1/1', 83, 21, 8, 3),
(1341, 14, 46, '1/1', 111, 43, 8, 3),
(1342, 15, 29, '1/1', 74, 33, 8, 3),
(1343, 19, 13, '1/1', 115, 9, 8, 3),
(1344, 20, 45, '1/1', 30, 78, 8, 3),
(1345, 22, 46, '1/1', 58, 117, 8, 3),
(1346, 23, 11, '1/1', 23, 95, 8, 3),
(1347, 24, 36, '1/1', 24, 12, 8, 3),
(1348, 25, 28, '1/1', 21, 8, 8, 3),
(1349, 26, 13, '1/1', 9, 41, 8, 3),
(1350, 27, 30, '1/1', 88, 72, 8, 3),
(1351, 28, 28, '1/1', 100, 92, 8, 3),
(1352, 29, 11, '1/1', 31, 125, 8, 3),
(1353, 30, 25, '1/1', 105, 81, 8, 3),
(1354, 31, 13, '1/1', 120, 61, 8, 3),
(1355, 32, 14, '1/1', 122, 90, 8, 3),
(1356, 33, 58, '1/1', 51, 69, 8, 3),
(1357, 34, 35, '1/1', 98, 87, 8, 3),
(1358, 35, 40, '1/1', 85, 23, 8, 3),
(1359, 36, 63, '1/1', 87, 7, 8, 3),
(1360, 37, 30, '1/1', 22, 74, 8, 3),
(1361, 38, 13, '1/1', 117, 64, 8, 3),
(1362, 40, 27, '1/1', 77, 54, 8, 3),
(1363, 2, 16, '1/1', 12, 93, 9, 3),
(1364, 3, 9, '1/1', 28, 38, 9, 3),
(1365, 5, 33, '1/1', 23, 32, 9, 3),
(1366, 8, 40, '1/1', 83, 24, 9, 3),
(1367, 15, 25, '1/1', 75, 13, 9, 3),
(1368, 19, 9, '1/1', 93, 40, 9, 3),
(1369, 23, 71, '1/1', 89, 27, 9, 3),
(1370, 24, 13, '1/1', 127, 10, 9, 3),
(1371, 25, 40, '1/1', 44, 35, 9, 3),
(1372, 26, 13, '1/1', 9, 9, 9, 3),
(1373, 28, 10, '1/1', 10, 51, 9, 3),
(1374, 29, 40, '1/1', 99, 22, 9, 3),
(1375, 30, 40, '1/1', 110, 23, 9, 3),
(1376, 32, 40, '1/1', 114, 21, 9, 3),
(1377, 33, 9, '1/1', 36, 39, 9, 3),
(1378, 35, 27, '1/1', 49, 53, 9, 3),
(1379, 36, 11, '1/1', 61, 127, 9, 3),
(1380, 37, 40, '1/1', 100, 80, 9, 3),
(1381, 2, 9, '1/1', 36, 38, 1, 4),
(1382, 3, 25, '1/1', 75, 13, 1, 4),
(1383, 4, 43, '1/1', 27, 6, 1, 4),
(1384, 7, 9, '1/1', 28, 39, 1, 4),
(1385, 8, 9, '1/1', 48, 41, 1, 4),
(1386, 12, 83, '1/1', 39, 66, 1, 4),
(1387, 26, 35, '1/1', 98, 91, 1, 4),
(1388, 28, 28, '1/1', 21, 15, 1, 4),
(1389, 29, 2, '1/1', 80, 34, 1, 4),
(1390, 30, 2, '1/1', 43, 31, 1, 4),
(1391, 34, 40, '1/1', 56, 23, 1, 4),
(1392, 1, 42, '1/1', 27, 98, 2, 4),
(1393, 2, 29, '1/1', 65, 46, 2, 4),
(1394, 3, 9, '1/1', 28, 41, 2, 4),
(1395, 4, 13, '1/1', 35, 9, 2, 4),
(1396, 5, 32, '1/1', 23, 117, 2, 4),
(1397, 6, 85, '1/1', 75, 97, 2, 4),
(1398, 7, 2, '1/1', 62, 28, 2, 4),
(1399, 8, 52, '1/1', 67, 6, 2, 4),
(1400, 9, 40, '1/1', 82, 35, 2, 4),
(1401, 11, 81, '1/1', 86, 12, 2, 4),
(1402, 12, 2, '1/1', 34, 31, 2, 4),
(1403, 13, 71, '1/1', 59, 30, 2, 4),
(1404, 16, 46, '1/1', 126, 43, 2, 4),
(1405, 18, 15, '1/1', 30, 103, 2, 4),
(1406, 20, 9, '1/1', 29, 38, 2, 4),
(1407, 21, 11, '1/1', 9, 49, 2, 4),
(1408, 23, 13, '1/1', 125, 10, 2, 4),
(1409, 26, 68, '1/1', 98, 88, 2, 4),
(1410, 28, 10, '1/1', 61, 50, 2, 4),
(1411, 29, 25, '1/1', 19, 13, 2, 4),
(1412, 30, 36, '1/1', 24, 107, 2, 4),
(1413, 31, 30, '1/1', 22, 123, 2, 4),
(1414, 32, 78, '1/1', 57, 116, 2, 4),
(1415, 33, 9, '1/1', 36, 39, 2, 4),
(1416, 34, 82, '1/1', 104, 68, 2, 4),
(1417, 37, 9, '1/1', 93, 40, 2, 4),
(1418, 39, 2, '1/1', 43, 29, 2, 4),
(1419, 40, 56, '1/1', 51, 74, 2, 4),
(1420, 1, 13, '1/1', 9, 9, 3, 4),
(1421, 2, 50, '1/1', 62, 98, 3, 4),
(1422, 3, 13, '1/1', 35, 10, 3, 4),
(1423, 4, 29, '1/1', 74, 43, 3, 4),
(1424, 5, 38, '1/1', 24, 59, 3, 4),
(1425, 6, 40, '1/1', 83, 35, 3, 4),
(1426, 7, 13, '1/1', 103, 86, 3, 4),
(1427, 8, 29, '1/1', 22, 46, 3, 4),
(1428, 9, 80, '1/1', 98, 111, 3, 4),
(1429, 10, 42, '1/1', 27, 126, 3, 4),
(1430, 11, 16, '1/1', 12, 68, 3, 4),
(1431, 12, 38, '1/1', 52, 104, 3, 4),
(1432, 13, 11, '1/1', 65, 110, 3, 4),
(1433, 14, 40, '1/1', 82, 22, 3, 4),
(1434, 16, 28, '1/1', 21, 15, 3, 4),
(1435, 17, 8, '1/1', 90, 113, 3, 4),
(1436, 18, 29, '1/1', 58, 116, 3, 4),
(1437, 19, 28, '1/1', 126, 51, 3, 4),
(1438, 20, 28, '1/1', 121, 91, 3, 4),
(1439, 21, 46, '1/1', 115, 26, 3, 4),
(1440, 22, 15, '1/1', 107, 125, 3, 4),
(1441, 23, 9, '1/1', 7, 39, 3, 4),
(1442, 24, 15, '1/1', 30, 82, 3, 4),
(1443, 25, 9, '1/1', 28, 41, 3, 4),
(1444, 26, 35, '1/1', 111, 115, 3, 4),
(1445, 27, 8, '1/1', 6, 62, 3, 4),
(1446, 28, 9, '1/1', 29, 38, 3, 4),
(1447, 29, 9, '1/1', 118, 40, 3, 4),
(1448, 30, 2, '1/1', 4, 20, 3, 4),
(1449, 31, 9, '1/1', 48, 53, 3, 4),
(1450, 32, 40, '1/1', 44, 23, 3, 4),
(1451, 33, 29, '1/1', 124, 94, 3, 4),
(1452, 34, 9, '1/1', 119, 67, 3, 4),
(1453, 35, 27, '1/1', 49, 57, 3, 4),
(1454, 36, 63, '1/1', 87, 8, 3, 4),
(1455, 37, 40, '1/1', 106, 24, 3, 4),
(1456, 38, 40, '1/1', 50, 21, 3, 4),
(1457, 39, 40, '1/1', 99, 27, 3, 4),
(1458, 40, 9, '1/1', 112, 127, 3, 4);
INSERT INTO `plan_lekcji` (`id`, `id_k`, `id_p`, `grupa`, `id_n`, `id_s`, `id_g`, `dzien`) VALUES
(1459, 41, 29, '1/1', 108, 106, 3, 4),
(1460, 1, 29, '1/1', 22, 46, 4, 4),
(1461, 2, 83, '1/1', 39, 89, 4, 4),
(1462, 3, 11, '1/1', 11, 86, 4, 4),
(1463, 4, 11, '1/1', 74, 73, 4, 4),
(1464, 5, 29, '1/1', 58, 43, 4, 4),
(1465, 6, 9, '1/1', 36, 38, 4, 4),
(1466, 7, 29, '1/1', 114, 127, 4, 4),
(1467, 8, 40, '1/1', 83, 21, 4, 4),
(1468, 9, 68, '1/1', 98, 119, 4, 4),
(1469, 10, 8, '1/1', 6, 76, 4, 4),
(1470, 11, 29, '1/1', 65, 60, 4, 4),
(1471, 12, 45, '1/1', 64, 12, 4, 4),
(1472, 13, 9, '1/1', 29, 40, 4, 4),
(1473, 14, 1, '1/1', 34, 34, 4, 4),
(1474, 16, 13, '1/1', 35, 10, 4, 4),
(1475, 17, 52, '1/1', 67, 26, 4, 4),
(1476, 18, 12, '1/1', 17, 14, 4, 4),
(1477, 19, 9, '1/1', 93, 41, 4, 4),
(1478, 20, 46, '1/1', 127, 93, 4, 4),
(1479, 21, 13, '1/1', 9, 9, 4, 4),
(1480, 22, 33, '1/1', 89, 31, 4, 4),
(1481, 23, 9, '1/1', 7, 39, 4, 4),
(1482, 24, 40, '1/1', 50, 35, 4, 4),
(1483, 25, 9, '1/1', 28, 102, 4, 4),
(1484, 26, 68, '1/1', 113, 92, 4, 4),
(1485, 27, 45, '1/1', 30, 47, 4, 4),
(1486, 28, 13, '1/1', 122, 90, 4, 4),
(1487, 29, 9, '1/1', 109, 94, 4, 4),
(1488, 30, 9, '1/1', 126, 22, 4, 4),
(1489, 31, 9, '1/1', 48, 77, 4, 4),
(1490, 32, 79, '1/1', 71, 28, 4, 4),
(1491, 33, 56, '1/1', 51, 96, 4, 4),
(1492, 34, 40, '1/1', 56, 23, 4, 4),
(1493, 35, 8, '1/1', 106, 36, 4, 4),
(1494, 36, 9, '1/1', 121, 63, 4, 4),
(1495, 37, 9, '1/1', 125, 109, 4, 4),
(1496, 38, 40, '1/1', 82, 24, 4, 4),
(1497, 39, 9, '1/1', 108, 100, 4, 4),
(1498, 40, 40, '1/1', 99, 112, 4, 4),
(1499, 41, 9, '1/1', 120, 121, 4, 4),
(1500, 1, 14, '1/1', 84, 15, 5, 4),
(1501, 2, 68, '1/1', 98, 114, 5, 4),
(1502, 3, 40, '1/1', 82, 23, 5, 4),
(1503, 4, 85, '1/1', 75, 74, 5, 4),
(1504, 5, 9, '1/1', 7, 40, 5, 4),
(1505, 6, 16, '1/1', 12, 101, 5, 4),
(1506, 7, 9, '1/1', 28, 39, 5, 4),
(1507, 8, 42, '1/1', 67, 71, 5, 4),
(1508, 9, 40, '1/1', 115, 24, 5, 4),
(1509, 10, 9, '1/1', 48, 38, 5, 4),
(1510, 11, 64, '1/1', 87, 7, 5, 4),
(1511, 12, 40, '1/1', 83, 35, 5, 4),
(1512, 13, 33, '1/1', 34, 32, 5, 4),
(1513, 14, 29, '1/1', 22, 46, 5, 4),
(1514, 16, 40, '1/1', 105, 21, 5, 4),
(1515, 17, 9, '1/1', 36, 41, 5, 4),
(1516, 18, 40, '1/1', 85, 22, 5, 4),
(1517, 19, 9, '1/1', 93, 83, 5, 4),
(1518, 20, 9, '1/1', 29, 4, 5, 4),
(1519, 21, 9, '1/1', 111, 88, 5, 4),
(1520, 22, 25, '1/1', 69, 13, 5, 4),
(1521, 23, 14, '1/1', 11, 118, 5, 4),
(1522, 24, 36, '1/1', 24, 111, 5, 4),
(1523, 25, 12, '1/1', 17, 51, 5, 4),
(1524, 26, 40, '1/1', 99, 93, 5, 4),
(1525, 27, 13, '1/1', 127, 10, 5, 4),
(1526, 28, 53, '1/1', 110, 25, 5, 4),
(1527, 29, 25, '1/1', 19, 67, 5, 4),
(1528, 30, 2, '1/1', 43, 30, 5, 4),
(1529, 31, 9, '1/1', 121, 109, 5, 4),
(1530, 32, 79, '1/1', 71, 19, 5, 4),
(1531, 33, 11, '1/1', 31, 60, 5, 4),
(1532, 34, 40, '1/1', 56, 110, 5, 4),
(1533, 35, 10, '1/1', 47, 5, 5, 4),
(1534, 36, 9, '1/1', 116, 84, 5, 4),
(1535, 37, 40, '1/1', 117, 69, 5, 4),
(1536, 38, 13, '1/1', 102, 9, 5, 4),
(1537, 39, 40, '1/1', 100, 87, 5, 4),
(1538, 40, 13, '1/1', 35, 79, 5, 4),
(1539, 41, 40, '1/1', 126, 62, 5, 4),
(1540, 1, 16, '1/1', 12, 12, 6, 4),
(1541, 2, 85, '1/1', 75, 92, 6, 4),
(1542, 3, 13, '1/1', 35, 9, 6, 4),
(1543, 4, 14, '1/1', 11, 15, 6, 4),
(1544, 5, 50, '1/1', 62, 120, 6, 4),
(1545, 6, 14, '1/1', 84, 107, 6, 4),
(1546, 7, 40, '1/1', 44, 21, 6, 4),
(1547, 8, 42, '1/1', 27, 125, 6, 4),
(1548, 9, 9, '1/1', 48, 39, 6, 4),
(1549, 10, 46, '1/1', 65, 43, 6, 4),
(1550, 11, 9, '1/1', 29, 40, 6, 4),
(1551, 12, 33, '1/1', 23, 31, 6, 4),
(1552, 13, 38, '1/1', 52, 99, 6, 4),
(1553, 14, 2, '1/1', 34, 30, 6, 4),
(1554, 16, 13, '1/1', 15, 10, 6, 4),
(1555, 17, 29, '1/1', 74, 46, 6, 4),
(1556, 18, 28, '1/1', 21, 106, 6, 4),
(1557, 19, 52, '1/1', 67, 18, 6, 4),
(1558, 20, 28, '1/1', 127, 83, 6, 4),
(1559, 21, 14, '1/1', 114, 35, 6, 4),
(1560, 22, 14, '1/1', 102, 65, 6, 4),
(1561, 23, 29, '1/1', 117, 118, 6, 4),
(1562, 24, 40, '1/1', 50, 23, 6, 4),
(1563, 25, 28, '1/1', 123, 54, 6, 4),
(1564, 26, 28, '1/1', 97, 16, 6, 4),
(1565, 27, 9, '1/1', 93, 41, 6, 4),
(1566, 28, 29, '1/1', 58, 48, 6, 4),
(1567, 29, 2, '1/1', 80, 20, 6, 4),
(1568, 30, 30, '1/1', 88, 72, 6, 4),
(1569, 31, 36, '1/1', 24, 82, 6, 4),
(1570, 32, 13, '1/1', 124, 76, 6, 4),
(1571, 33, 30, '1/1', 22, 112, 6, 4),
(1572, 34, 9, '1/1', 110, 38, 6, 4),
(1573, 35, 10, '1/1', 47, 5, 6, 4),
(1574, 36, 40, '1/1', 26, 24, 6, 4),
(1575, 37, 11, '1/1', 20, 78, 6, 4),
(1576, 38, 36, '1/1', 41, 60, 6, 4),
(1577, 39, 40, '1/1', 99, 22, 6, 4),
(1578, 40, 40, '1/1', 122, 62, 6, 4),
(1579, 41, 78, '1/1', 57, 59, 6, 4),
(1580, 1, 40, '1/1', 50, 23, 7, 4),
(1581, 2, 25, '1/1', 75, 13, 7, 4),
(1582, 3, 25, '1/1', 125, 68, 7, 4),
(1583, 4, 40, '1/1', 26, 35, 7, 4),
(1584, 5, 9, '1/1', 7, 39, 7, 4),
(1585, 6, 13, '1/1', 15, 10, 7, 4),
(1586, 7, 45, '1/1', 58, 125, 7, 4),
(1587, 8, 11, '1/1', 48, 82, 7, 4),
(1588, 9, 29, '1/1', 65, 46, 7, 4),
(1589, 10, 40, '1/1', 44, 22, 7, 4),
(1590, 11, 9, '1/1', 29, 38, 7, 4),
(1591, 12, 13, '1/1', 35, 9, 7, 4),
(1592, 13, 9, '1/1', 121, 41, 7, 4),
(1593, 14, 40, '1/1', 82, 21, 7, 4),
(1594, 16, 40, '1/1', 83, 24, 7, 4),
(1595, 17, 14, '1/1', 11, 15, 7, 4),
(1596, 18, 9, '1/1', 112, 40, 7, 4),
(1597, 19, 28, '1/1', 21, 33, 7, 4),
(1598, 20, 53, '1/1', 67, 1, 7, 4),
(1599, 21, 29, '1/1', 74, 43, 7, 4),
(1600, 22, 36, '1/1', 76, 114, 7, 4),
(1601, 23, 2, '1/1', 34, 19, 7, 4),
(1602, 24, 13, '1/1', 116, 73, 7, 4),
(1603, 25, 45, '1/1', 30, 88, 7, 4),
(1604, 26, 82, '1/1', 98, 98, 7, 4),
(1605, 27, 9, '1/1', 93, 110, 7, 4),
(1606, 28, 9, '1/1', 127, 96, 7, 4),
(1607, 29, 40, '1/1', 99, 71, 7, 4),
(1608, 30, 29, '1/1', 103, 57, 7, 4),
(1609, 31, 36, '1/1', 24, 59, 7, 4),
(1610, 32, 14, '1/1', 84, 75, 7, 4),
(1611, 33, 13, '1/1', 108, 16, 7, 4),
(1612, 34, 40, '1/1', 56, 54, 7, 4),
(1613, 35, 11, '1/1', 14, 76, 7, 4),
(1614, 36, 40, '1/1', 85, 70, 7, 4),
(1615, 37, 40, '1/1', 123, 60, 7, 4),
(1616, 38, 9, '1/1', 115, 62, 7, 4),
(1617, 39, 9, '1/1', 28, 4, 7, 4),
(1618, 40, 40, '1/1', 101, 111, 7, 4),
(1619, 41, 40, '1/1', 109, 99, 7, 4),
(1620, 1, 32, '1/1', 23, 82, 8, 4),
(1621, 3, 9, '1/1', 28, 41, 8, 4),
(1622, 5, 45, '1/1', 58, 99, 8, 4),
(1623, 7, 29, '1/1', 74, 43, 8, 4),
(1624, 8, 9, '1/1', 48, 39, 8, 4),
(1625, 9, 9, '1/1', 110, 38, 8, 4),
(1626, 12, 11, '1/1', 39, 69, 8, 4),
(1627, 14, 28, '1/1', 21, 15, 8, 4),
(1628, 16, 9, '1/1', 7, 40, 8, 4),
(1629, 17, 25, '1/1', 69, 13, 8, 4),
(1630, 18, 13, '1/1', 102, 10, 8, 4),
(1631, 19, 8, '1/1', 6, 89, 8, 4),
(1632, 20, 29, '1/1', 114, 46, 8, 4),
(1633, 22, 25, '1/1', 125, 96, 8, 4),
(1634, 23, 36, '1/1', 24, 100, 8, 4),
(1635, 24, 40, '1/1', 50, 21, 8, 4),
(1636, 25, 13, '1/1', 106, 9, 8, 4),
(1637, 26, 9, '1/1', 127, 66, 8, 4),
(1638, 27, 41, '1/1', 67, 26, 8, 4),
(1639, 28, 40, '1/1', 122, 24, 8, 4),
(1640, 29, 2, '1/1', 80, 34, 8, 4),
(1641, 30, 9, '1/1', 36, 70, 8, 4),
(1642, 31, 14, '1/1', 11, 87, 8, 4),
(1643, 32, 29, '1/1', 112, 127, 8, 4),
(1644, 33, 28, '1/1', 117, 110, 8, 4),
(1645, 34, 40, '1/1', 56, 23, 8, 4),
(1646, 36, 54, '1/1', 90, 6, 8, 4),
(1647, 37, 40, '1/1', 83, 35, 8, 4),
(1648, 39, 9, '1/1', 108, 120, 8, 4),
(1649, 40, 56, '1/1', 51, 125, 8, 4),
(1650, 41, 40, '1/1', 85, 22, 8, 4),
(1651, 3, 42, '1/1', 67, 37, 9, 4),
(1652, 5, 13, '1/1', 15, 9, 9, 4),
(1653, 8, 8, '1/1', 90, 107, 9, 4),
(1654, 9, 40, '1/1', 82, 24, 9, 4),
(1655, 14, 29, '1/1', 65, 46, 9, 4),
(1656, 16, 9, '1/1', 48, 39, 9, 4),
(1657, 23, 51, '1/1', 119, 51, 9, 4),
(1658, 25, 29, '1/1', 58, 43, 9, 4),
(1659, 26, 82, '1/1', 98, 81, 9, 4),
(1660, 28, 63, '1/1', 87, 7, 9, 4),
(1661, 32, 9, '1/1', 29, 38, 9, 4),
(1662, 33, 28, '1/1', 21, 15, 9, 4),
(1663, 36, 40, '1/1', 26, 22, 9, 4),
(1664, 37, 36, '1/1', 41, 93, 9, 4),
(1665, 41, 40, '1/1', 85, 35, 9, 4),
(1666, 1, 11, '1/1', 14, 114, 1, 5),
(1667, 10, 40, '1/1', 44, 24, 1, 5),
(1668, 12, 28, '1/1', 97, 15, 1, 5),
(1669, 18, 68, '1/1', 98, 37, 1, 5),
(1670, 19, 40, '1/1', 50, 23, 1, 5),
(1671, 20, 45, '1/1', 58, 72, 1, 5),
(1672, 22, 11, '1/1', 88, 64, 1, 5),
(1673, 24, 9, '1/1', 36, 39, 1, 5),
(1674, 27, 45, '1/1', 30, 69, 1, 5),
(1675, 29, 40, '1/1', 99, 21, 1, 5),
(1676, 31, 14, '1/1', 11, 125, 1, 5),
(1677, 32, 40, '1/1', 121, 22, 1, 5),
(1678, 33, 40, '1/1', 83, 35, 1, 5),
(1679, 38, 40, '1/1', 112, 56, 1, 5),
(1680, 41, 40, '1/1', 85, 62, 1, 5),
(1681, 1, 12, '1/1', 66, 5, 2, 5),
(1682, 10, 13, '1/1', 35, 9, 2, 5),
(1683, 12, 9, '1/1', 7, 38, 2, 5),
(1684, 15, 9, '1/1', 28, 41, 2, 5),
(1685, 16, 16, '1/1', 12, 112, 2, 5),
(1686, 18, 11, '1/1', 74, 126, 2, 5),
(1687, 19, 8, '1/1', 6, 94, 2, 5),
(1688, 20, 40, '1/1', 83, 23, 2, 5),
(1689, 21, 71, '1/1', 59, 27, 2, 5),
(1690, 22, 40, '1/1', 79, 35, 2, 5),
(1691, 23, 9, '1/1', 113, 40, 2, 5),
(1692, 24, 14, '1/1', 11, 15, 2, 5),
(1693, 27, 9, '1/1', 93, 39, 2, 5),
(1694, 28, 45, '1/1', 58, 111, 2, 5),
(1695, 29, 40, '1/1', 99, 21, 2, 5),
(1696, 30, 40, '1/1', 101, 22, 2, 5),
(1697, 31, 2, '1/1', 4, 20, 2, 5),
(1698, 32, 40, '1/1', 44, 24, 2, 5),
(1699, 33, 40, '1/1', 115, 97, 2, 5),
(1700, 38, 2, '1/1', 43, 30, 2, 5),
(1701, 1, 42, '1/1', 27, 109, 3, 5),
(1702, 2, 25, '1/1', 19, 13, 3, 5),
(1703, 3, 42, '1/1', 67, 107, 3, 5),
(1704, 4, 40, '1/1', 50, 35, 3, 5),
(1705, 5, 28, '1/1', 97, 15, 3, 5),
(1706, 6, 60, '1/1', 87, 80, 3, 5),
(1707, 7, 28, '1/1', 111, 125, 3, 5),
(1708, 8, 13, '1/1', 9, 10, 3, 5),
(1709, 10, 13, '1/1', 35, 9, 3, 5),
(1710, 12, 40, '1/1', 83, 24, 3, 5),
(1711, 13, 9, '1/1', 29, 41, 3, 5),
(1712, 14, 83, '1/1', 39, 59, 3, 5),
(1713, 15, 25, '1/1', 75, 31, 3, 5),
(1714, 16, 9, '1/1', 48, 40, 3, 5),
(1715, 17, 8, '1/1', 90, 91, 3, 5),
(1716, 18, 40, '1/1', 85, 21, 3, 5),
(1717, 19, 40, '1/1', 102, 22, 3, 5),
(1718, 20, 53, '1/1', 101, 26, 3, 5),
(1719, 21, 33, '1/1', 34, 34, 3, 5),
(1720, 22, 29, '1/1', 58, 43, 3, 5),
(1721, 23, 51, '1/1', 118, 11, 3, 5),
(1722, 24, 11, '1/1', 30, 126, 3, 5),
(1723, 25, 14, '1/1', 84, 27, 3, 5),
(1724, 26, 40, '1/1', 99, 23, 3, 5),
(1725, 27, 40, '1/1', 82, 116, 3, 5),
(1726, 28, 10, '1/1', 10, 14, 3, 5),
(1727, 30, 9, '1/1', 36, 39, 3, 5),
(1728, 31, 2, '1/1', 4, 19, 3, 5),
(1729, 32, 40, '1/1', 44, 49, 3, 5),
(1730, 33, 40, '1/1', 79, 110, 3, 5),
(1731, 35, 10, '1/1', 47, 51, 3, 5),
(1732, 36, 27, '1/1', 81, 55, 3, 5),
(1733, 37, 9, '1/1', 93, 38, 3, 5),
(1734, 38, 9, '1/1', 119, 127, 3, 5),
(1735, 1, 9, '1/1', 29, 41, 4, 5),
(1736, 2, 40, '1/1', 44, 24, 4, 5),
(1737, 3, 42, '1/1', 67, 83, 4, 5),
(1738, 4, 83, '1/1', 39, 89, 4, 5),
(1739, 5, 40, '1/1', 99, 22, 4, 5),
(1740, 6, 14, '1/1', 11, 15, 4, 5),
(1741, 7, 16, '1/1', 12, 125, 4, 5),
(1742, 8, 8, '1/1', 90, 75, 4, 5),
(1743, 10, 41, '1/1', 27, 18, 4, 5),
(1744, 12, 28, '1/1', 97, 88, 4, 5),
(1745, 13, 2, '1/1', 62, 34, 4, 5),
(1746, 14, 13, '1/1', 9, 9, 4, 5),
(1747, 15, 60, '1/1', 87, 72, 4, 5),
(1748, 16, 28, '1/1', 21, 63, 4, 5),
(1749, 17, 9, '1/1', 36, 39, 4, 5),
(1750, 18, 68, '1/1', 98, 71, 4, 5),
(1751, 19, 40, '1/1', 50, 23, 4, 5),
(1752, 20, 40, '1/1', 83, 35, 4, 5),
(1753, 21, 25, '1/1', 69, 13, 4, 5),
(1754, 22, 40, '1/1', 79, 21, 4, 5),
(1755, 23, 13, '1/1', 107, 10, 4, 5),
(1756, 24, 14, '1/1', 110, 4, 4, 5),
(1757, 25, 29, '1/1', 74, 46, 4, 5),
(1758, 26, 9, '1/1', 48, 40, 4, 5),
(1759, 27, 40, '1/1', 100, 90, 4, 5),
(1760, 28, 63, '1/1', 115, 7, 4, 5),
(1761, 30, 40, '1/1', 118, 62, 4, 5),
(1762, 31, 40, '1/1', 113, 69, 4, 5),
(1763, 32, 79, '1/1', 71, 30, 4, 5),
(1764, 33, 40, '1/1', 104, 27, 4, 5),
(1765, 35, 40, '1/1', 85, 107, 4, 5),
(1766, 36, 40, '1/1', 26, 29, 4, 5),
(1767, 38, 2, '1/1', 43, 19, 4, 5),
(1768, 1, 42, '1/1', 27, 118, 5, 5),
(1769, 2, 40, '1/1', 44, 24, 5, 5),
(1770, 3, 42, '1/1', 67, 105, 5, 5),
(1771, 4, 25, '1/1', 19, 13, 5, 5),
(1772, 5, 40, '1/1', 99, 35, 5, 5),
(1773, 6, 25, '1/1', 75, 55, 5, 5),
(1774, 7, 45, '1/1', 58, 67, 5, 5),
(1775, 8, 42, '1/1', 107, 85, 5, 5),
(1776, 10, 8, '1/1', 6, 104, 5, 5),
(1777, 12, 9, '1/1', 7, 40, 5, 5),
(1778, 13, 13, '1/1', 35, 10, 5, 5),
(1779, 14, 1, '1/1', 34, 30, 5, 5),
(1780, 15, 46, '1/1', 65, 46, 5, 5),
(1781, 16, 29, '1/1', 22, 43, 5, 5),
(1782, 17, 41, '1/1', 108, 26, 5, 5),
(1783, 18, 80, '1/1', 98, 110, 5, 5),
(1784, 19, 45, '1/1', 30, 127, 5, 5),
(1785, 20, 11, '1/1', 20, 78, 5, 5),
(1786, 21, 15, '1/1', 115, 74, 5, 5),
(1787, 22, 40, '1/1', 79, 23, 5, 5),
(1788, 23, 71, '1/1', 59, 34, 5, 5),
(1789, 24, 29, '1/1', 74, 92, 5, 5),
(1790, 25, 9, '1/1', 28, 38, 5, 5),
(1791, 26, 40, '1/1', 113, 22, 5, 5),
(1792, 27, 29, '1/1', 120, 91, 5, 5),
(1793, 28, 27, '1/1', 38, 57, 5, 5),
(1794, 30, 40, '1/1', 105, 21, 5, 5),
(1795, 31, 25, '1/1', 69, 93, 5, 5),
(1796, 32, 9, '1/1', 29, 39, 5, 5),
(1797, 33, 45, '1/1', 64, 64, 5, 5),
(1798, 35, 40, '1/1', 85, 103, 5, 5),
(1799, 36, 40, '1/1', 26, 79, 5, 5),
(1800, 38, 9, '1/1', 93, 41, 5, 5),
(1801, 2, 68, '1/1', 98, 67, 6, 5),
(1802, 3, 42, '1/1', 67, 89, 6, 5),
(1803, 4, 14, '1/1', 11, 15, 6, 5),
(1804, 5, 40, '1/1', 99, 35, 6, 5),
(1805, 6, 9, '1/1', 36, 38, 6, 5),
(1806, 7, 9, '1/1', 28, 39, 6, 5),
(1807, 8, 8, '1/1', 90, 93, 6, 5),
(1808, 10, 14, '1/1', 107, 104, 6, 5),
(1809, 12, 29, '1/1', 58, 46, 6, 5),
(1810, 13, 45, '1/1', 64, 122, 6, 5),
(1811, 14, 71, '1/1', 59, 27, 6, 5),
(1812, 15, 11, '1/1', 83, 112, 6, 5),
(1813, 16, 9, '1/1', 48, 40, 6, 5),
(1814, 17, 13, '1/1', 113, 9, 6, 5),
(1815, 18, 40, '1/1', 85, 23, 6, 5),
(1816, 19, 40, '1/1', 50, 24, 6, 5),
(1817, 20, 45, '1/1', 30, 92, 6, 5),
(1818, 21, 13, '1/1', 9, 10, 6, 5),
(1819, 22, 29, '1/1', 65, 43, 6, 5),
(1820, 23, 29, '1/1', 74, 118, 6, 5),
(1821, 24, 9, '1/1', 106, 41, 6, 5),
(1822, 25, 46, '1/1', 108, 60, 6, 5),
(1823, 26, 28, '1/1', 97, 100, 6, 5),
(1824, 27, 8, '1/1', 6, 81, 6, 5),
(1825, 28, 10, '1/1', 61, 50, 6, 5),
(1826, 31, 40, '1/1', 44, 22, 6, 5),
(1827, 32, 9, '1/1', 29, 101, 6, 5),
(1828, 33, 45, '1/1', 125, 98, 6, 5),
(1829, 35, 40, '1/1', 111, 21, 6, 5),
(1830, 38, 40, '1/1', 120, 69, 6, 5),
(1831, 2, 68, '1/1', 98, 85, 7, 5),
(1832, 4, 9, '1/1', 29, 41, 7, 5),
(1833, 6, 40, '1/1', 83, 21, 7, 5),
(1834, 7, 40, '1/1', 44, 23, 7, 5),
(1835, 8, 8, '1/1', 90, 87, 7, 5),
(1836, 10, 14, '1/1', 11, 15, 7, 5),
(1837, 12, 29, '1/1', 58, 43, 7, 5),
(1838, 13, 29, '1/1', 74, 46, 7, 5),
(1839, 14, 71, '1/1', 59, 30, 7, 5),
(1840, 15, 14, '1/1', 84, 71, 7, 5),
(1841, 16, 45, '1/1', 30, 76, 7, 5),
(1842, 17, 11, '1/1', 67, 126, 7, 5),
(1843, 18, 68, '1/1', 111, 94, 7, 5),
(1844, 19, 45, '1/1', 102, 118, 7, 5),
(1845, 20, 40, '1/1', 124, 22, 7, 5),
(1846, 21, 40, '1/1', 26, 24, 7, 5),
(1847, 22, 13, '1/1', 9, 10, 7, 5),
(1848, 23, 25, '1/1', 69, 13, 7, 5),
(1849, 24, 25, '1/1', 75, 33, 7, 5),
(1850, 25, 60, '1/1', 37, 66, 7, 5),
(1851, 27, 40, '1/1', 50, 35, 7, 5),
(1852, 28, 27, '1/1', 38, 56, 7, 5),
(1853, 31, 40, '1/1', 119, 83, 7, 5),
(1854, 32, 9, '1/1', 125, 39, 7, 5),
(1855, 35, 40, '1/1', 85, 109, 7, 5),
(1856, 4, 25, '1/1', 19, 13, 8, 5),
(1857, 6, 13, '1/1', 15, 9, 8, 5),
(1858, 12, 40, '1/1', 83, 22, 8, 5),
(1859, 14, 40, '1/1', 82, 23, 8, 5),
(1860, 15, 19, '1/1', 51, 79, 8, 5),
(1861, 16, 36, '1/1', 41, 106, 8, 5),
(1862, 18, 9, '1/1', 48, 39, 8, 5),
(1863, 20, 28, '1/1', 21, 15, 8, 5),
(1864, 21, 14, '1/1', 11, 40, 8, 5),
(1865, 23, 25, '1/1', 69, 84, 8, 5),
(1866, 25, 19, '1/1', 18, 98, 8, 5),
(1867, 27, 8, '1/1', 90, 117, 8, 5),
(1868, 4, 40, '1/1', 50, 23, 9, 5),
(1869, 12, 9, '1/1', 7, 41, 9, 5),
(1870, 15, 29, '1/1', 65, 46, 9, 5),
(1871, 18, 9, '1/1', 48, 39, 9, 5),
(1872, 20, 53, '1/1', 67, 6, 9, 5),
(1873, 25, 40, '1/1', 44, 24, 9, 5);

-- --------------------------------------------------------

--
-- Table structure for table `przedmiot`
--

CREATE TABLE `przedmiot` (
  `id_p` tinyint(4) NOT NULL,
  `nazwa` varchar(50) NOT NULL,
  `typ` varchar(17) DEFAULT NULL
) ENGINE=InnoDB DEFAULT CHARSET=utf8mb4 COLLATE=utf8mb4_general_ci;

--
-- Dumping data for table `przedmiot`
--

INSERT INTO `przedmiot` (`id_p`, `nazwa`, `typ`) VALUES
(1, 'Prac_witr_ap', 'inf'),
(2, 'Witr_i_apl', 'inf'),
(3, 'informatyka', 'inf'),
(4, 'Prac.Eks.U.E', 'elek'),
(5, 'Prac.M_I.U.E', 'elek'),
(6, 'pom_me_ciep', 'ciep'),
(7, 'Prac.rys.t', 'ciep'),
(8, 'Maszyny_i_na', 'inna'),
(9, 'j.polski', 'pol'),
(10, 'j.angielski', 'ang'),
(11, 'zaj.wych', 'inna'),
(12, 'j.ang.zaw', 'ang'),
(13, 'religia', 'religijna'),
(14, 'biologia', 'bio-chem'),
(15, 'przedsięb', 'inna'),
(16, 'bizn.i_zarz', 'inna'),
(17, 'Prac.Eks.Eod', 'odnaw'),
(18, 'Prac.Kos.Dok', 'odnaw'),
(19, 'Tech.Mon.Eod', 'inna'),
(20, 'Bud.Kosztory', 'inna'),
(21, 'Prac.Obs.Eod', 'odnaw'),
(22, 'Prac.Mon.Eod', 'odnaw'),
(23, 'Prac.Moni.Eo', 'odnaw'),
(24, 'Prac_EiE', 'elek'),
(25, 'fizyka', 'fiz'),
(26, 'pom_elektr', 'elek'),
(27, 'wf', 'wf'),
(28, 'chemia', 'bio-chem'),
(29, 'historia', 'hist'),
(30, 'wos', 'inna'),
(31, 'Prac.admin', 'inf'),
(32, 'BHP', 'inna'),
(33, 'sieć_sys_ope', 'inf'),
(34, 'Prac.ABD', 'inf'),
(35, 'Pom.Uż.Urz.E', 'inna'),
(36, 'sys.baz_dan', 'inna'),
(37, 'Prac.UTK', 'inf'),
(38, 'urz.t.komp', 'inna'),
(39, 'Prac.LSK', 'inf'),
(40, 'matematyka', 'matem'),
(41, 'Instal_elekt', 'elek'),
(42, 'Podst_EiE', 'inna'),
(43, 'Podst_elektr', 'elek'),
(44, 'j.niemiecki', 'niem'),
(45, 'geografia', 'inna'),
(46, 'hist.i_teraź', 'hist'),
(47, 'Prac.Proj.Op', 'inf'),
(48, 'Podst_inf', 'inna'),
(49, 'Proj.Oprogra', 'inna'),
(50, 'plastyka', 'inna'),
(51, 'ang.ind', 'ang'),
(52, 'a_i_u_elekt', 'elek'),
(53, 'UdPEE', 'elek'),
(54, 'UdWEE', 'elek'),
(55, 'Elek.przemys', 'elek'),
(56, 'Ekspl.Eodn', 'inna'),
(57, 'Monit.Eodnaw', 'inna'),
(58, 'Oddział.Eodn', 'inna'),
(59, 'Eudwee', 'elek'),
(60, 'Podst_ene', 'inna'),
(61, 'konstr.mech', 'inna'),
(62, 'Peikiiuec', 'ciep'),
(63, 'Instal_i_urz', 'ciep'),
(64, 'Tech_konstr', 'ciep'),
(65, 'Mumiuel', 'elek'),
(66, 'Eks.Ob.Jąd', 'ele'),
(67, 'Pd.Ene.Jąd', 'elek'),
(68, 'Pod.elektron', 'inna'),
(69, 'Rys_tech', 'ciep'),
(70, 'Prac.MUK.Urz', 'elek'),
(71, 'Siec.kompute', 'inf'),
(72, 'Prac.Eks.Ist', 'elek'),
(73, 'Prac.Eks.M_U', 'elek'),
(74, 'Prac.MUK.Ins', 'elek'),
(75, 'Prac.Pro.Obi', 'inf'),
(76, 'Pra.Pr.Te.Do', 'inf'),
(77, 'Prac.Des.Mob', 'inf'),
(78, 'Pr.Te.Dok.Ap', 'inna'),
(79, 'Prog.Des.Mob', 'inf'),
(80, 'MiIUiUE', 'inna'),
(81, 'termodyn', 'inna'),
(82, 'Kons.Nap.IsU', 'inna'),
(83, 'wych.rodz', 'inna'),
(84, 'Prog.Obiekt', 'inna'),
(85, 'e_dla_bezp', 'inna');

-- --------------------------------------------------------

--
-- Table structure for table `przedmiot_klasa`
--

CREATE TABLE `przedmiot_klasa` (
  `id_k` tinyint(4) NOT NULL,
  `id_p` tinyint(4) NOT NULL,
  `ilosc_godzin` tinyint(4) NOT NULL,
  `ilosc_grup` tinyint(4) NOT NULL DEFAULT 1
) ENGINE=InnoDB DEFAULT CHARSET=utf8mb4 COLLATE=utf8mb4_general_ci;

--
-- Dumping data for table `przedmiot_klasa`
--

INSERT INTO `przedmiot_klasa` (`id_k`, `id_p`, `ilosc_godzin`, `ilosc_grup`) VALUES
(1, 3, 1, 2),
(1, 9, 2, 1),
(1, 10, 2, 2),
(1, 11, 1, 1),
(1, 12, 1, 1),
(1, 13, 2, 1),
(1, 14, 1, 1),
(1, 16, 1, 1),
(1, 24, 3, 2),
(1, 25, 1, 1),
(1, 27, 3, 2),
(1, 29, 1, 1),
(1, 32, 1, 1),
(1, 40, 2, 1),
(1, 42, 3, 1),
(1, 83, 1, 1),
(1, 85, 1, 1),
(2, 3, 1, 2),
(2, 9, 3, 1),
(2, 10, 3, 2),
(2, 11, 1, 1),
(2, 13, 2, 1),
(2, 14, 2, 1),
(2, 16, 1, 1),
(2, 24, 3, 2),
(2, 25, 2, 1),
(2, 27, 3, 2),
(2, 29, 2, 1),
(2, 32, 1, 1),
(2, 40, 3, 1),
(2, 44, 2, 2),
(2, 50, 1, 1),
(2, 68, 6, 1),
(2, 83, 1, 1),
(2, 85, 1, 1),
(3, 3, 1, 2),
(3, 9, 3, 1),
(3, 10, 3, 2),
(3, 11, 1, 1),
(3, 13, 2, 1),
(3, 14, 2, 1),
(3, 16, 1, 1),
(3, 24, 3, 2),
(3, 25, 2, 1),
(3, 27, 3, 2),
(3, 29, 2, 1),
(3, 32, 1, 1),
(3, 40, 3, 1),
(3, 42, 6, 1),
(3, 44, 2, 2),
(3, 50, 1, 1),
(3, 83, 1, 1),
(3, 85, 1, 1),
(4, 3, 1, 2),
(4, 9, 3, 1),
(4, 10, 3, 2),
(4, 11, 1, 1),
(4, 13, 2, 1),
(4, 14, 2, 1),
(4, 16, 1, 1),
(4, 25, 2, 1),
(4, 26, 3, 2),
(4, 27, 3, 2),
(4, 29, 2, 1),
(4, 32, 1, 1),
(4, 40, 3, 1),
(4, 43, 3, 1),
(4, 44, 2, 2),
(4, 50, 1, 1),
(4, 60, 1, 1),
(4, 64, 1, 1),
(4, 69, 2, 2),
(4, 83, 1, 1),
(4, 85, 1, 1),
(5, 3, 2, 2),
(5, 9, 3, 1),
(5, 10, 1, 2),
(5, 11, 1, 1),
(5, 13, 2, 1),
(5, 16, 1, 1),
(5, 27, 3, 2),
(5, 28, 2, 1),
(5, 29, 2, 1),
(5, 31, 2, 2),
(5, 32, 1, 1),
(5, 33, 2, 1),
(5, 37, 3, 2),
(5, 38, 2, 1),
(5, 40, 3, 1),
(5, 44, 1, 2),
(5, 45, 2, 1),
(5, 48, 1, 1),
(5, 50, 1, 1),
(5, 83, 1, 1),
(5, 85, 1, 1),
(6, 3, 1, 2),
(6, 7, 2, 2),
(6, 9, 3, 1),
(6, 10, 2, 2),
(6, 11, 1, 1),
(6, 13, 2, 1),
(6, 14, 4, 1),
(6, 16, 1, 1),
(6, 18, 2, 2),
(6, 20, 1, 1),
(6, 25, 2, 1),
(6, 27, 3, 2),
(6, 29, 2, 1),
(6, 32, 1, 1),
(6, 40, 3, 1),
(6, 44, 2, 2),
(6, 50, 1, 1),
(6, 55, 1, 1),
(6, 60, 2, 1),
(6, 61, 1, 1),
(6, 83, 1, 1),
(6, 85, 1, 1),
(7, 1, 2, 2),
(7, 2, 2, 1),
(7, 3, 2, 2),
(7, 9, 3, 1),
(7, 10, 2, 2),
(7, 11, 1, 1),
(7, 13, 2, 1),
(7, 16, 1, 1),
(7, 27, 3, 2),
(7, 28, 2, 1),
(7, 29, 2, 1),
(7, 32, 1, 1),
(7, 34, 2, 2),
(7, 36, 1, 1),
(7, 40, 3, 1),
(7, 44, 2, 2),
(7, 45, 2, 1),
(7, 48, 1, 1),
(7, 50, 1, 1),
(7, 83, 1, 1),
(7, 85, 1, 1),
(8, 8, 4, 1),
(8, 9, 2, 1),
(8, 10, 2, 2),
(8, 11, 1, 1),
(8, 13, 2, 1),
(8, 14, 1, 1),
(8, 16, 1, 1),
(8, 25, 1, 1),
(8, 27, 3, 2),
(8, 29, 1, 1),
(8, 40, 2, 1),
(8, 41, 1, 1),
(8, 42, 3, 1),
(8, 52, 2, 1),
(8, 70, 3, 2),
(9, 3, 1, 2),
(9, 5, 5, 2),
(9, 9, 3, 1),
(9, 10, 3, 2),
(9, 11, 1, 1),
(9, 13, 2, 1),
(9, 14, 2, 1),
(9, 16, 1, 1),
(9, 25, 2, 1),
(9, 27, 3, 2),
(9, 29, 3, 1),
(9, 40, 3, 1),
(9, 44, 2, 2),
(9, 46, 1, 1),
(9, 68, 3, 1),
(9, 80, 2, 1),
(9, 83, 1, 1),
(10, 3, 1, 2),
(10, 8, 2, 1),
(10, 9, 3, 1),
(10, 10, 3, 2),
(10, 11, 1, 1),
(10, 12, 1, 1),
(10, 13, 2, 1),
(10, 14, 2, 1),
(10, 16, 1, 1),
(10, 25, 2, 1),
(10, 27, 3, 2),
(10, 29, 2, 1),
(10, 40, 3, 1),
(10, 41, 1, 1),
(10, 42, 2, 1),
(10, 44, 2, 2),
(10, 46, 1, 1),
(10, 51, 3, 1),
(10, 52, 1, 1),
(11, 3, 1, 2),
(11, 9, 3, 1),
(11, 10, 3, 2),
(11, 11, 1, 1),
(11, 13, 2, 1),
(11, 14, 2, 1),
(11, 16, 1, 1),
(11, 25, 2, 1),
(11, 26, 3, 2),
(11, 27, 3, 2),
(11, 29, 2, 1),
(11, 40, 3, 1),
(11, 43, 2, 1),
(11, 44, 2, 2),
(11, 46, 1, 1),
(11, 60, 1, 1),
(11, 64, 1, 1),
(11, 81, 2, 1),
(11, 83, 1, 1),
(12, 1, 1, 2),
(12, 2, 1, 1),
(12, 3, 2, 2),
(12, 9, 3, 1),
(12, 10, 2, 2),
(12, 11, 1, 1),
(12, 13, 2, 1),
(12, 16, 1, 1),
(12, 27, 3, 2),
(12, 28, 2, 1),
(12, 29, 2, 1),
(12, 31, 2, 2),
(12, 33, 1, 1),
(12, 37, 2, 2),
(12, 38, 1, 1),
(12, 39, 2, 2),
(12, 40, 4, 1),
(12, 44, 2, 2),
(12, 45, 2, 1),
(12, 46, 1, 1),
(12, 71, 2, 1),
(12, 83, 1, 1),
(13, 1, 1, 2),
(13, 2, 1, 1),
(13, 3, 2, 2),
(13, 9, 3, 1),
(13, 10, 2, 2),
(13, 11, 1, 1),
(13, 13, 2, 1),
(13, 16, 1, 1),
(13, 27, 3, 2),
(13, 28, 2, 1),
(13, 29, 2, 1),
(13, 31, 2, 2),
(13, 33, 1, 1),
(13, 37, 2, 2),
(13, 38, 1, 1),
(13, 39, 2, 2),
(13, 40, 4, 1),
(13, 44, 2, 2),
(13, 45, 2, 1),
(13, 46, 1, 1),
(13, 71, 2, 1),
(14, 1, 2, 1),
(14, 2, 1, 1),
(14, 3, 2, 2),
(14, 9, 3, 1),
(14, 10, 2, 2),
(14, 11, 1, 1),
(14, 13, 2, 1),
(14, 16, 1, 1),
(14, 27, 3, 2),
(14, 28, 2, 1),
(14, 29, 2, 1),
(14, 31, 2, 2),
(14, 33, 1, 1),
(14, 37, 2, 2),
(14, 38, 1, 1),
(14, 39, 2, 2),
(14, 40, 4, 1),
(14, 44, 2, 2),
(14, 45, 2, 1),
(14, 46, 1, 1),
(14, 71, 2, 1),
(14, 83, 1, 1),
(15, 3, 1, 2),
(15, 9, 3, 1),
(15, 10, 2, 2),
(15, 11, 1, 1),
(15, 13, 2, 1),
(15, 14, 3, 1),
(15, 16, 1, 1),
(15, 19, 3, 1),
(15, 21, 2, 2),
(15, 25, 2, 1),
(15, 27, 3, 2),
(15, 29, 2, 1),
(15, 40, 3, 1),
(15, 44, 2, 2),
(15, 46, 1, 1),
(15, 55, 1, 1),
(15, 60, 2, 1),
(15, 83, 1, 1),
(16, 1, 2, 2),
(16, 2, 1, 1),
(16, 3, 2, 2),
(16, 9, 4, 1),
(16, 10, 2, 2),
(16, 11, 1, 1),
(16, 13, 2, 1),
(16, 16, 1, 1),
(16, 27, 3, 2),
(16, 28, 3, 1),
(16, 29, 3, 1),
(16, 34, 2, 2),
(16, 36, 1, 1),
(16, 40, 3, 1),
(16, 44, 2, 2),
(16, 45, 3, 1),
(16, 46, 1, 1),
(16, 48, 1, 1),
(16, 75, 2, 2),
(16, 84, 1, 1),
(17, 8, 2, 1),
(17, 9, 2, 1),
(17, 10, 1, 2),
(17, 11, 1, 1),
(17, 13, 2, 1),
(17, 14, 1, 1),
(17, 25, 1, 1),
(17, 27, 3, 2),
(17, 29, 1, 1),
(17, 40, 1, 1),
(17, 41, 1, 1),
(17, 52, 1, 1),
(17, 70, 5, 2),
(17, 74, 5, 2),
(18, 3, 1, 2),
(18, 5, 4, 2),
(18, 9, 3, 1),
(18, 10, 3, 2),
(18, 11, 1, 1),
(18, 12, 1, 1),
(18, 13, 2, 1),
(18, 15, 1, 1),
(18, 27, 3, 2),
(18, 28, 2, 1),
(18, 29, 2, 1),
(18, 40, 5, 1),
(18, 44, 2, 2),
(18, 45, 2, 1),
(18, 46, 1, 1),
(18, 68, 3, 1),
(18, 80, 2, 1),
(19, 3, 1, 2),
(19, 8, 2, 1),
(19, 9, 3, 1),
(19, 10, 3, 2),
(19, 11, 1, 1),
(19, 13, 2, 1),
(19, 15, 1, 1),
(19, 27, 3, 2),
(19, 28, 2, 1),
(19, 29, 2, 1),
(19, 40, 5, 1),
(19, 41, 1, 1),
(19, 44, 2, 2),
(19, 45, 2, 1),
(19, 46, 1, 1),
(19, 52, 1, 1),
(19, 72, 4, 2),
(19, 73, 4, 2),
(20, 3, 1, 2),
(20, 6, 3, 2),
(20, 9, 4, 1),
(20, 10, 2, 2),
(20, 11, 1, 1),
(20, 12, 1, 1),
(20, 13, 2, 1),
(20, 15, 1, 1),
(20, 27, 3, 2),
(20, 28, 3, 1),
(20, 29, 2, 1),
(20, 40, 5, 1),
(20, 44, 2, 2),
(20, 45, 3, 1),
(20, 46, 1, 1),
(20, 53, 3, 1),
(20, 54, 1, 1),
(20, 60, 1, 1),
(20, 63, 1, 1),
(21, 1, 1, 2),
(21, 2, 1, 1),
(21, 3, 2, 2),
(21, 9, 3, 1),
(21, 10, 2, 2),
(21, 11, 1, 1),
(21, 12, 1, 1),
(21, 13, 2, 1),
(21, 14, 2, 1),
(21, 15, 1, 1),
(21, 25, 1, 1),
(21, 27, 3, 2),
(21, 29, 2, 1),
(21, 31, 2, 2),
(21, 33, 1, 1),
(21, 34, 2, 2),
(21, 36, 1, 1),
(21, 39, 2, 2),
(21, 40, 5, 1),
(21, 44, 2, 2),
(21, 46, 1, 1),
(21, 71, 2, 1),
(22, 1, 1, 2),
(22, 2, 1, 1),
(22, 3, 2, 2),
(22, 9, 3, 1),
(22, 10, 2, 2),
(22, 11, 1, 1),
(22, 12, 1, 1),
(22, 13, 2, 1),
(22, 14, 2, 1),
(22, 15, 1, 1),
(22, 25, 2, 1),
(22, 27, 3, 2),
(22, 29, 2, 1),
(22, 31, 2, 2),
(22, 33, 1, 1),
(22, 34, 2, 2),
(22, 36, 1, 1),
(22, 39, 2, 2),
(22, 40, 4, 1),
(22, 44, 2, 2),
(22, 46, 1, 1),
(22, 71, 2, 1),
(23, 1, 1, 2),
(23, 2, 1, 1),
(23, 3, 2, 2),
(23, 9, 3, 1),
(23, 10, 2, 2),
(23, 11, 1, 1),
(23, 12, 1, 1),
(23, 13, 2, 1),
(23, 14, 2, 1),
(23, 15, 1, 1),
(23, 25, 2, 1),
(23, 27, 3, 2),
(23, 29, 2, 1),
(23, 31, 2, 2),
(23, 33, 1, 1),
(23, 34, 2, 2),
(23, 36, 1, 1),
(23, 39, 2, 2),
(23, 40, 4, 1),
(23, 44, 2, 2),
(23, 46, 1, 1),
(23, 51, 3, 1),
(23, 71, 2, 1),
(24, 1, 3, 2),
(24, 2, 1, 1),
(24, 3, 2, 2),
(24, 9, 4, 1),
(24, 10, 2, 2),
(24, 11, 1, 1),
(24, 12, 1, 1),
(24, 13, 2, 1),
(24, 14, 2, 1),
(24, 15, 1, 1),
(24, 25, 2, 1),
(24, 27, 3, 2),
(24, 29, 3, 1),
(24, 34, 2, 2),
(24, 36, 2, 1),
(24, 40, 5, 1),
(24, 44, 2, 2),
(24, 46, 1, 1),
(24, 47, 1, 2),
(24, 49, 1, 1),
(25, 3, 1, 2),
(25, 9, 3, 1),
(25, 10, 2, 2),
(25, 11, 1, 1),
(25, 12, 1, 1),
(25, 13, 2, 1),
(25, 14, 1, 1),
(25, 15, 1, 1),
(25, 19, 3, 1),
(25, 21, 3, 2),
(25, 22, 3, 2),
(25, 27, 3, 2),
(25, 28, 2, 1),
(25, 29, 2, 1),
(25, 40, 4, 1),
(25, 44, 2, 2),
(25, 45, 2, 1),
(25, 46, 1, 1),
(25, 60, 2, 1),
(26, 4, 5, 2),
(26, 9, 3, 1),
(26, 10, 4, 2),
(26, 11, 1, 1),
(26, 13, 2, 1),
(26, 27, 3, 2),
(26, 28, 2, 1),
(26, 29, 1, 1),
(26, 30, 1, 1),
(26, 35, 2, 1),
(26, 40, 4, 1),
(26, 44, 1, 2),
(26, 45, 2, 1),
(26, 68, 2, 1),
(26, 82, 2, 1),
(27, 8, 3, 1),
(27, 9, 3, 1),
(27, 10, 4, 2),
(27, 11, 1, 1),
(27, 13, 1, 1),
(27, 27, 3, 2),
(27, 28, 2, 1),
(27, 29, 1, 1),
(27, 30, 1, 1),
(27, 40, 4, 1),
(27, 41, 1, 1),
(27, 44, 1, 2),
(27, 45, 2, 1),
(27, 52, 2, 1),
(27, 72, 4, 2),
(27, 73, 4, 2),
(28, 9, 3, 1),
(28, 10, 4, 1),
(28, 11, 1, 1),
(28, 12, 1, 1),
(28, 13, 1, 1),
(28, 27, 3, 1),
(28, 28, 2, 1),
(28, 29, 1, 1),
(28, 30, 1, 1),
(28, 40, 4, 1),
(28, 44, 1, 1),
(28, 45, 2, 1),
(28, 53, 2, 1),
(28, 54, 2, 1),
(28, 62, 2, 2),
(28, 63, 2, 1),
(28, 65, 4, 2),
(29, 1, 4, 2),
(29, 2, 4, 1),
(29, 3, 1, 2),
(29, 9, 3, 1),
(29, 10, 3, 2),
(29, 11, 1, 1),
(29, 12, 1, 1),
(29, 13, 1, 1),
(29, 14, 2, 1),
(29, 25, 2, 1),
(29, 27, 3, 2),
(29, 29, 1, 1),
(29, 30, 1, 1),
(29, 34, 2, 2),
(29, 36, 2, 1),
(29, 40, 4, 1),
(29, 44, 1, 2),
(30, 1, 4, 2),
(30, 2, 4, 1),
(30, 3, 1, 2),
(30, 9, 3, 1),
(30, 10, 3, 2),
(30, 11, 1, 1),
(30, 12, 1, 1),
(30, 13, 1, 1),
(30, 14, 2, 1),
(30, 25, 2, 1),
(30, 27, 3, 2),
(30, 29, 1, 1),
(30, 30, 1, 1),
(30, 34, 2, 2),
(30, 36, 2, 1),
(30, 40, 4, 1),
(30, 44, 1, 2),
(31, 1, 4, 2),
(31, 2, 4, 1),
(31, 9, 3, 1),
(31, 10, 3, 2),
(31, 11, 1, 1),
(31, 12, 1, 1),
(31, 13, 1, 1),
(31, 14, 2, 1),
(31, 25, 2, 1),
(31, 27, 3, 2),
(31, 29, 1, 1),
(31, 30, 1, 1),
(31, 34, 2, 2),
(31, 36, 2, 1),
(31, 40, 4, 1),
(31, 44, 1, 2),
(32, 3, 1, 2),
(32, 9, 4, 1),
(32, 10, 3, 2),
(32, 11, 1, 1),
(32, 13, 1, 1),
(32, 14, 2, 1),
(32, 25, 2, 1),
(32, 27, 3, 2),
(32, 29, 1, 1),
(32, 30, 1, 1),
(32, 40, 5, 1),
(32, 44, 1, 2),
(32, 76, 2, 2),
(32, 77, 3, 2),
(32, 78, 2, 1),
(32, 79, 4, 1),
(33, 9, 3, 1),
(33, 10, 3, 2),
(33, 11, 1, 1),
(33, 12, 1, 1),
(33, 13, 1, 1),
(33, 14, 1, 1),
(33, 17, 3, 2),
(33, 23, 3, 2),
(33, 27, 3, 2),
(33, 28, 2, 1),
(33, 29, 1, 1),
(33, 30, 1, 1),
(33, 40, 4, 1),
(33, 44, 1, 2),
(33, 45, 2, 1),
(33, 56, 2, 1),
(33, 57, 1, 1),
(33, 58, 1, 1),
(34, 4, 2, 2),
(34, 9, 3, 1),
(34, 10, 4, 2),
(34, 11, 1, 1),
(34, 12, 1, 1),
(34, 13, 1, 1),
(34, 27, 3, 2),
(34, 29, 1, 1),
(34, 30, 1, 1),
(34, 35, 2, 1),
(34, 37, 2, 2),
(34, 40, 5, 1),
(34, 44, 1, 2),
(34, 82, 2, 1),
(35, 8, 2, 1),
(35, 9, 3, 1),
(35, 10, 4, 1),
(35, 11, 1, 1),
(35, 12, 1, 1),
(35, 13, 1, 1),
(35, 22, 4, 2),
(35, 27, 3, 1),
(35, 29, 1, 1),
(35, 30, 1, 1),
(35, 40, 5, 1),
(35, 44, 1, 1),
(35, 52, 1, 1),
(35, 70, 4, 2),
(36, 9, 3, 1),
(36, 10, 5, 2),
(36, 11, 1, 1),
(36, 13, 1, 1),
(36, 27, 3, 1),
(36, 29, 1, 1),
(36, 30, 1, 1),
(36, 40, 5, 1),
(36, 44, 1, 1),
(36, 54, 2, 1),
(36, 59, 2, 2),
(36, 62, 3, 2),
(36, 63, 2, 1),
(36, 66, 2, 2),
(36, 67, 1, 1),
(37, 1, 6, 2),
(37, 2, 2, 1),
(37, 3, 1, 2),
(37, 9, 3, 1),
(37, 10, 3, 2),
(37, 11, 1, 1),
(37, 27, 3, 2),
(37, 29, 1, 1),
(37, 30, 1, 1),
(37, 34, 2, 2),
(37, 36, 1, 1),
(37, 40, 5, 1),
(37, 44, 1, 2),
(38, 1, 6, 2),
(38, 2, 2, 1),
(38, 3, 1, 2),
(38, 9, 3, 1),
(38, 10, 3, 2),
(38, 11, 1, 1),
(38, 13, 2, 1),
(38, 27, 3, 2),
(38, 29, 1, 1),
(38, 30, 1, 1),
(38, 34, 2, 2),
(38, 36, 1, 1),
(38, 40, 5, 1),
(38, 44, 1, 2),
(39, 1, 6, 2),
(39, 2, 2, 1),
(39, 3, 1, 2),
(39, 9, 3, 1),
(39, 10, 3, 2),
(39, 11, 1, 1),
(39, 13, 2, 1),
(39, 27, 3, 2),
(39, 29, 1, 1),
(39, 30, 1, 1),
(39, 34, 2, 2),
(39, 36, 1, 1),
(39, 40, 5, 1),
(39, 44, 1, 2),
(40, 9, 3, 1),
(40, 10, 2, 1),
(40, 11, 1, 1),
(40, 13, 1, 1),
(40, 14, 1, 1),
(40, 17, 4, 2),
(40, 23, 4, 2),
(40, 27, 3, 1),
(40, 29, 1, 1),
(40, 30, 1, 1),
(40, 40, 6, 1),
(40, 44, 1, 1),
(40, 56, 4, 1),
(40, 57, 2, 1),
(41, 3, 2, 2),
(41, 9, 3, 1),
(41, 10, 3, 2),
(41, 11, 1, 1),
(41, 12, 1, 1),
(41, 13, 1, 1),
(41, 27, 3, 2),
(41, 29, 1, 1),
(41, 30, 1, 1),
(41, 40, 5, 1),
(41, 44, 1, 2),
(41, 76, 4, 2),
(41, 77, 4, 2),
(41, 78, 2, 1);

-- --------------------------------------------------------

--
-- Table structure for table `sala`
--

CREATE TABLE `sala` (
  `id_s` tinyint(4) NOT NULL,
  `numer` varchar(4) NOT NULL,
  `rozmiar` tinyint(4) NOT NULL,
  `typ` varchar(17) DEFAULT NULL,
  `wychowawca` char(2) DEFAULT NULL
) ENGINE=InnoDB DEFAULT CHARSET=utf8mb4 COLLATE=utf8mb4_general_ci;

--
-- Dumping data for table `sala`
--

INSERT INTO `sala` (`id_s`, `numer`, `rozmiar`, `typ`, `wychowawca`) VALUES
(1, 'P1_d', 1, 'elek', 'KU'),
(2, 'P2_o', 1, 'odnaw', 'PŁ'),
(3, 'P3_e', 1, 'odnaw', 'DD'),
(4, '5', 2, 'elek', 'TY'),
(5, '6', 1, 'ang', 'NR'),
(6, '19', 1, 'elek', 'SP'),
(7, '20', 1, 'ciep', 'DA'),
(8, '18', 2, 'ciep', 'ZT'),
(9, '21', 2, 'religijna', 'CA'),
(10, '08', 2, 'religijna', 'MJ'),
(11, '116', 1, 'ang', 'AC'),
(12, '119', 2, 'inna', 'PŁ'),
(13, '133', 2, 'fiz', 'AR'),
(14, '134', 1, 'ang', 'BM'),
(15, '135', 2, 'bio-chem', 'SA'),
(16, '142', 2, 'inna', 'KI'),
(17, '143', 1, 'ang', 'WB'),
(18, '144', 2, 'elek', 'AP'),
(19, '204', 2, 'inf', 'RW'),
(20, '205', 1, 'inf', 'MK'),
(21, '206', 2, 'matem', 'BG'),
(22, '208', 2, 'matem', 'WŁ'),
(23, '209', 2, 'matem', 'IT'),
(24, '211', 2, 'matem', 'KZ'),
(25, '212', 1, 'elek', 'BY'),
(26, '214', 2, 'elek', 'AT'),
(27, '222', 2, 'inf', 'WO'),
(28, '223', 1, 'inf', 'TT'),
(29, '224', 2, 'inf', 'MP'),
(30, '225', 1, 'inf', 'GR'),
(31, '228', 2, 'inf', 'MQ'),
(32, '229', 1, 'inf', 'NG'),
(33, '230', 2, 'inf', 'KO'),
(34, '231', 1, 'inf', 'JK'),
(35, '304', 2, 'matem', 'SJ'),
(36, '305', 2, 'inna', 'CI'),
(37, '306', 2, 'inna', 'YZ'),
(38, '307', 2, 'pol', 'JH'),
(39, '311', 2, 'pol', 'JŁ'),
(40, '313', 2, 'pol', 'AH'),
(41, '314', 2, 'pol', 'JŚ'),
(42, '319', 1, 'niem', 'AJ'),
(43, '320', 2, 'hist', 'RT'),
(44, '321', 1, 'niem', 'EO'),
(45, '322', 1, 'niem', 'JM'),
(46, '323', 2, 'hist', 'KP'),
(47, '326', 2, 'inna', 'NW'),
(48, '327', 2, 'niem', 'AŁ'),
(49, '328', 2, 'inna', 'BO'),
(50, '329', 1, 'ang', 'JL'),
(51, 'czyt', 2, 'ang', 'JO'),
(52, 'WF_1', 2, 'wf', 'KK'),
(53, 'WF_2', 2, 'wf', 'RJ'),
(54, 'WF_3', 2, 'wf', 'PG'),
(55, 'WF_4', 2, 'wf', 'PW'),
(56, 'WF_5', 2, 'wf', 'ŁA'),
(57, 'WF_6', 2, 'wf', 'PG'),
(58, 'WF_7', 2, 'wf', 'RO'),
(59, '400', 2, 'inna', NULL),
(60, '401', 2, 'inna', NULL),
(61, '402', 2, 'inna', NULL),
(62, '403', 2, 'inna', NULL),
(63, '404', 2, 'inna', NULL),
(64, '405', 2, 'inna', NULL),
(65, '406', 2, 'inna', NULL),
(66, '407', 2, 'inna', NULL),
(67, '408', 2, 'inna', NULL),
(68, '409', 2, 'inna', NULL),
(69, '410', 2, 'inna', NULL),
(70, '411', 2, 'inna', NULL),
(71, '412', 2, 'inna', NULL),
(72, '413', 2, 'inna', NULL),
(73, '414', 2, 'inna', NULL),
(74, '415', 2, 'inna', NULL),
(75, '416', 2, 'inna', NULL),
(76, '417', 2, 'inna', NULL),
(77, '418', 2, 'inna', NULL),
(78, '419', 2, 'inna', NULL),
(79, '420', 2, 'inna', NULL),
(80, '421', 2, 'inna', NULL),
(81, '422', 2, 'inna', NULL),
(82, '423', 2, 'inna', NULL),
(83, '424', 2, 'inna', NULL),
(84, '425', 2, 'inna', NULL),
(85, '426', 2, 'inna', NULL),
(86, '427', 2, 'inna', NULL),
(87, '428', 2, 'inna', NULL),
(88, '429', 2, 'inna', NULL),
(89, '430', 2, 'inna', NULL),
(90, '431', 2, 'inna', NULL),
(91, '432', 2, 'inna', NULL),
(92, '433', 2, 'inna', NULL),
(93, '434', 2, 'inna', NULL),
(94, '435', 2, 'inna', NULL),
(95, '436', 2, 'inna', NULL),
(96, '437', 2, 'inna', NULL),
(97, '438', 2, 'inna', NULL),
(98, '439', 2, 'inna', NULL),
(99, '440', 2, 'inna', NULL),
(100, '441', 2, 'inna', NULL),
(101, '442', 2, 'inna', NULL),
(102, '443', 2, 'inna', NULL),
(103, '444', 2, 'inna', NULL),
(104, '445', 2, 'inna', NULL),
(105, '446', 2, 'inna', NULL),
(106, '447', 2, 'inna', NULL),
(107, '448', 2, 'inna', NULL),
(108, '449', 2, 'inna', NULL),
(109, '450', 2, 'inna', NULL),
(110, '451', 2, 'inna', NULL),
(111, '452', 2, 'inna', NULL),
(112, '453', 2, 'inna', NULL),
(113, '454', 2, 'inna', NULL),
(114, '455', 2, 'inna', NULL),
(115, '456', 2, 'inna', NULL),
(116, '457', 2, 'inna', NULL),
(117, '458', 2, 'inna', NULL),
(118, '459', 2, 'inna', NULL),
(119, '460', 2, 'inna', NULL),
(120, '461', 2, 'inna', NULL),
(121, '462', 2, 'inna', NULL),
(122, '463', 2, 'inna', NULL),
(123, '464', 2, 'inna', NULL),
(124, '465', 2, 'inna', NULL),
(125, '466', 2, 'inna', NULL),
(126, '467', 2, 'inna', NULL),
(127, '468', 2, 'inna', NULL);

-- --------------------------------------------------------

--
-- Stand-in structure for view `widok_dni_nauczyciele`
-- (See below for the actual view)
--
CREATE TABLE `widok_dni_nauczyciele` (
);

-- --------------------------------------------------------

--
-- Stand-in structure for view `widok_dni_wolne`
-- (See below for the actual view)
--
CREATE TABLE `widok_dni_wolne` (
`numer_k` char(2)
,`dzien_wolny` varchar(2)
);

-- --------------------------------------------------------

--
-- Stand-in structure for view `widok_nauczyciele_klasa`
-- (See below for the actual view)
--
CREATE TABLE `widok_nauczyciele_klasa` (
`numer_k` char(2)
,`nauczyciel` char(2)
);

-- --------------------------------------------------------

--
-- Stand-in structure for view `widok_nauczyciele_przedmiot`
-- (See below for the actual view)
--
CREATE TABLE `widok_nauczyciele_przedmiot` (
`nauczyciel` char(2)
,`przedmiot` varchar(50)
);

-- --------------------------------------------------------

--
-- Stand-in structure for view `widok_plan_lekcji`
-- (See below for the actual view)
--
CREATE TABLE `widok_plan_lekcji` (
`id` int(11)
,`klasa` char(2)
,`przedmiot` varchar(50)
,`grupa` char(3)
,`nauczyciele` char(2)
,`sala` varchar(4)
,`id_g` tinyint(4)
,`dzien` tinyint(4)
);

-- --------------------------------------------------------

--
-- Stand-in structure for view `widok_przedmiot_klasa`
-- (See below for the actual view)
--
CREATE TABLE `widok_przedmiot_klasa` (
`numer_k` char(2)
,`przedmiot` varchar(50)
,`ilosc_godzin` tinyint(4)
,`ilosc_grup` tinyint(4)
);

-- --------------------------------------------------------

--
-- Structure for view `widok_dni_nauczyciele`
--
DROP TABLE IF EXISTS `widok_dni_nauczyciele`;

CREATE ALGORITHM=UNDEFINED DEFINER=`root`@`localhost` SQL SECURITY DEFINER VIEW `widok_dni_nauczyciele`  AS SELECT CASE `dn`.`dni` WHEN 1 THEN 'pn' WHEN 2 THEN 'wt' WHEN 3 THEN 'sr' WHEN 4 THEN 'cz' WHEN 5 THEN 'pt' END AS `dzien`, `g`.`start` AS `godzina_start`, `g`.`koniec` AS `godzina_koniec`, `n`.`skrot` AS `nauczyciel` FROM ((`dni_nauczyciele` `dn` join `godzina` `g` on(`dn`.`godzina` = `g`.`id_g`)) join `nauczyciele` `n` on(`dn`.`id_n` = `n`.`id_n`)) ;

-- --------------------------------------------------------

--
-- Structure for view `widok_dni_wolne`
--
DROP TABLE IF EXISTS `widok_dni_wolne`;

CREATE ALGORITHM=UNDEFINED DEFINER=`root`@`localhost` SQL SECURITY DEFINER VIEW `widok_dni_wolne`  AS SELECT `k`.`numer_k` AS `numer_k`, CASE `d`.`dni_wolne` WHEN 1 THEN 'pn' WHEN 2 THEN 'wt' WHEN 3 THEN 'sr' WHEN 4 THEN 'cz' WHEN 5 THEN 'pt' END AS `dzien_wolny` FROM (`dni_wolne` `d` join `klasa` `k` on(`d`.`id_k` = `k`.`id_k`)) ;

-- --------------------------------------------------------

--
-- Structure for view `widok_nauczyciele_klasa`
--
DROP TABLE IF EXISTS `widok_nauczyciele_klasa`;

CREATE ALGORITHM=UNDEFINED DEFINER=`root`@`localhost` SQL SECURITY DEFINER VIEW `widok_nauczyciele_klasa`  AS SELECT `k`.`numer_k` AS `numer_k`, `n`.`skrot` AS `nauczyciel` FROM ((`nauczyciele_klasa` `nk` join `klasa` `k` on(`nk`.`id_k` = `k`.`id_k`)) join `nauczyciele` `n` on(`nk`.`id_n` = `n`.`id_n`)) ;

-- --------------------------------------------------------

--
-- Structure for view `widok_nauczyciele_przedmiot`
--
DROP TABLE IF EXISTS `widok_nauczyciele_przedmiot`;

CREATE ALGORITHM=UNDEFINED DEFINER=`root`@`localhost` SQL SECURITY DEFINER VIEW `widok_nauczyciele_przedmiot`  AS SELECT `n`.`skrot` AS `nauczyciel`, `p`.`nazwa` AS `przedmiot` FROM ((`nauczyciele_przedmiot` `np` join `nauczyciele` `n` on(`np`.`id_n` = `n`.`id_n`)) join `przedmiot` `p` on(`np`.`id_p` = `p`.`id_p`)) ;

-- --------------------------------------------------------

--
-- Structure for view `widok_plan_lekcji`
--
DROP TABLE IF EXISTS `widok_plan_lekcji`;

CREATE ALGORITHM=UNDEFINED DEFINER=`root`@`localhost` SQL SECURITY DEFINER VIEW `widok_plan_lekcji`  AS SELECT `pl`.`id` AS `id`, `k`.`numer_k` AS `klasa`, `p`.`nazwa` AS `przedmiot`, `pl`.`grupa` AS `grupa`, `n`.`skrot` AS `nauczyciele`, `s`.`numer` AS `sala`, `pl`.`id_g` AS `id_g`, `pl`.`dzien` AS `dzien` FROM ((((`plan_lekcji` `pl` join `klasa` `k` on(`pl`.`id_k` = `k`.`id_k`)) join `nauczyciele` `n` on(`pl`.`id_n` = `n`.`id_n`)) join `przedmiot` `p` on(`pl`.`id_p` = `p`.`id_p`)) join `sala` `s` on(`pl`.`id_s` = `s`.`id_s`)) ;

-- --------------------------------------------------------

--
-- Structure for view `widok_przedmiot_klasa`
--
DROP TABLE IF EXISTS `widok_przedmiot_klasa`;

CREATE ALGORITHM=UNDEFINED DEFINER=`root`@`localhost` SQL SECURITY DEFINER VIEW `widok_przedmiot_klasa`  AS SELECT `k`.`numer_k` AS `numer_k`, `p`.`nazwa` AS `przedmiot`, `pk`.`ilosc_godzin` AS `ilosc_godzin`, `pk`.`ilosc_grup` AS `ilosc_grup` FROM ((`przedmiot_klasa` `pk` join `klasa` `k` on(`pk`.`id_k` = `k`.`id_k`)) join `przedmiot` `p` on(`pk`.`id_p` = `p`.`id_p`)) ;

--
-- Indexes for dumped tables
--

--
-- Indexes for table `dni_wolne`
--
ALTER TABLE `dni_wolne`
  ADD PRIMARY KEY (`id_k`,`dni_wolne`);

--
-- Indexes for table `godzina`
--
ALTER TABLE `godzina`
  ADD PRIMARY KEY (`id_g`);

--
-- Indexes for table `klasa`
--
ALTER TABLE `klasa`
  ADD PRIMARY KEY (`id_k`);

--
-- Indexes for table `nauczyciele`
--
ALTER TABLE `nauczyciele`
  ADD PRIMARY KEY (`id_n`);

--
-- Indexes for table `nauczyciele_klasa`
--
ALTER TABLE `nauczyciele_klasa`
  ADD PRIMARY KEY (`id_k`,`id_n`),
  ADD KEY `id_n` (`id_n`);

--
-- Indexes for table `nauczyciele_przedmiot`
--
ALTER TABLE `nauczyciele_przedmiot`
  ADD PRIMARY KEY (`id_n`,`id_p`),
  ADD KEY `id_p` (`id_p`);

--
-- Indexes for table `plan_lekcji`
--
ALTER TABLE `plan_lekcji`
  ADD PRIMARY KEY (`id`),
  ADD KEY `id_k` (`id_k`),
  ADD KEY `id_p` (`id_p`),
  ADD KEY `id_n` (`id_n`),
  ADD KEY `id_s` (`id_s`),
  ADD KEY `id_g` (`id_g`);

--
-- Indexes for table `przedmiot`
--
ALTER TABLE `przedmiot`
  ADD PRIMARY KEY (`id_p`);

--
-- Indexes for table `przedmiot_klasa`
--
ALTER TABLE `przedmiot_klasa`
  ADD PRIMARY KEY (`id_k`,`id_p`),
  ADD KEY `id_p` (`id_p`);

--
-- Indexes for table `sala`
--
ALTER TABLE `sala`
  ADD PRIMARY KEY (`id_s`);

--
-- Constraints for dumped tables
--

--
-- Constraints for table `dni_wolne`
--
ALTER TABLE `dni_wolne`
  ADD CONSTRAINT `dni_wolne_ibfk_1` FOREIGN KEY (`id_k`) REFERENCES `klasa` (`id_k`);

--
-- Constraints for table `nauczyciele_klasa`
--
ALTER TABLE `nauczyciele_klasa`
  ADD CONSTRAINT `nauczyciele_klasa_ibfk_1` FOREIGN KEY (`id_k`) REFERENCES `klasa` (`id_k`),
  ADD CONSTRAINT `nauczyciele_klasa_ibfk_2` FOREIGN KEY (`id_n`) REFERENCES `nauczyciele` (`id_n`);

--
-- Constraints for table `nauczyciele_przedmiot`
--
ALTER TABLE `nauczyciele_przedmiot`
  ADD CONSTRAINT `nauczyciele_przedmiot_ibfk_1` FOREIGN KEY (`id_n`) REFERENCES `nauczyciele` (`id_n`),
  ADD CONSTRAINT `nauczyciele_przedmiot_ibfk_2` FOREIGN KEY (`id_p`) REFERENCES `przedmiot` (`id_p`);

--
-- Constraints for table `plan_lekcji`
--
ALTER TABLE `plan_lekcji`
  ADD CONSTRAINT `plan_lekcji_ibfk_1` FOREIGN KEY (`id_k`) REFERENCES `klasa` (`id_k`),
  ADD CONSTRAINT `plan_lekcji_ibfk_2` FOREIGN KEY (`id_p`) REFERENCES `przedmiot` (`id_p`),
  ADD CONSTRAINT `plan_lekcji_ibfk_3` FOREIGN KEY (`id_n`) REFERENCES `nauczyciele` (`id_n`),
  ADD CONSTRAINT `plan_lekcji_ibfk_4` FOREIGN KEY (`id_s`) REFERENCES `sala` (`id_s`),
  ADD CONSTRAINT `plan_lekcji_ibfk_5` FOREIGN KEY (`id_g`) REFERENCES `godzina` (`id_g`);

--
-- Constraints for table `przedmiot_klasa`
--
ALTER TABLE `przedmiot_klasa`
  ADD CONSTRAINT `przedmiot_klasa_ibfk_1` FOREIGN KEY (`id_k`) REFERENCES `klasa` (`id_k`),
  ADD CONSTRAINT `przedmiot_klasa_ibfk_2` FOREIGN KEY (`id_p`) REFERENCES `przedmiot` (`id_p`);
COMMIT;

/*!40101 SET CHARACTER_SET_CLIENT=@OLD_CHARACTER_SET_CLIENT */;
/*!40101 SET CHARACTER_SET_RESULTS=@OLD_CHARACTER_SET_RESULTS */;
/*!40101 SET COLLATION_CONNECTION=@OLD_COLLATION_CONNECTION */;
